{"seed":{"0":1384311643},"gamma":{"0":0.1},"cost":{"0":76646.9999999987},"time":{"0":121.9675824642},"rewards":{"0":[-1,-1,-1,-1,-1,-1,-1,-1,-1,-1,-1,-1,-1,-1,-1,-1,-1,-1,-1,-1,-1,-1,-1,-1,-1,-1,-1,-1,-1,-1,-1,-1,-1,-1,-1,-1,-1,-1,-1,-1,-1,-1,-1,-1,-1,-1,-1,-1,-1,-1,-1,-1,-1,-1,-1,-1,-1,-1,-1,10000,-1,-1,-1,-1,10000,-1,-1,-1,-1,-1,-1,-1,-1,-1,-1,-1,-1,-1,-1,-1,-1,-1,-1,-1,-1,-1,-1,-1,-1,-1,0,-1,-1,-1,-1,-1,-1,-1,-1,-1,-1,-1,-1,-1,-1,-1,10000,-1,-1,-1,-1,-1,0,-1,-1,-1,-1,-1,-1,-1,-1,-1,-1,-1,-1,-1,-1,-1,-1,-1,-1,-1,0,-1,-1,-1,0,-1,-1,-1,-1,-1,-1,-1,-1,-1,-1,-1,-1,-1,-1,-1,-1,-1,-1,-1,-1,-1,-1,-1,-1,-1,-1,-1,-1,-1,-1,-1,-1,-1,-1,-1,-1,-1,-1,-1,-1,10000,-1,-1,-1,-1,-1,-1,-1,-1,-1,-1,-1,-1,-1,-1,10000,-1,-1,-1,-1,-1,-1,-1,-1,-1,-1,-1,-1,-1,-1,-1,-1,-1,10000,-1,-1,-1,-1,-1,-1,-1,-1,-1,-1,-1,-1,-1,-1,-1,-1,-1,-1,-1,-1,0,-1,-1,-1,-1,-1,0,-1,0,-1,-1,-1,-1,10000,-1,-1,0,-1,-1,-1,-1,-1,-1,-1,-1,-1,-1,-1,-1,-1,-1,-1,0,0,10000,10000,10000,-1,10000,0,10000,-1,-1,-1,10000,-1,-1,0,-1,-1,-1,0,-1,0,-1,-1,-1,-1,-1,10000,10000,10000,-1,-1,10000,0,-1,-1,0,-1,-1,10000,10000,-1,-1,-1,0,-1,-1,-1,0,-1,-1,-1,-1,-1,10000,0,-1,-1,-1,10000,-1,-1,-1,-1,-1,10000,10000,10000,0,-1,-1,10000,0,0,10000,-1,0,-1,0,10000,10000,10000,-1,10000,10000,-1,0,-1,10000,0,0,10000,0,10000,10000,0,10000,10000,-1,10000,-1,10000,-1,0,-1,10000,-1,-1,-1,-1,0,10000,-1,-1,10000,-1,-1,10000,10000,10000,10000,0,10000,10000,10000,0,0,-1,10000,-1,0,10000,10000,0,0,0,-1,10000,-1,-1,0,-1,0,0,10000,0,10000,0,0,10000,10000,10000,-1,0,-1,10000,10000,10000,10000,10000,10000,10000,10000,10000,10000,10000,0,10000,0,10000,0,10000,10000,10000,10000,0,10000,10000,0,0,-1,10000,0,-1,-1,10000,0,10000,10000,0,10000,0,0,0,0,10000,0,10000,0,10000,10000,0,10000,10000,-1,0,0,10000,10000,10000,10000,0,10000,10000,-1,10000,0,10000,10000,10000,0,10000,10000,10000,10000,0,0,10000,10000,-1,10000,0,0,0,10000,10000,0,-1,10000,10000,10000,10000,10000,10000,10000,10000,0,10000,0,-1,10000,10000,10000,10000,10000,0,0,10000,-1,10000,10000,0,10000,10000,0,0,0,10000,10000,0,10000,10000,10000,0,10000,10000,0,10000,10000,0,-1,0,10000,10000,-1,0,0,10000,-1,0,10000,10000,10000,10000,0,10000,10000,10000,0,10000,0,0,10000,10000,0,10000,10000,0,0,0,10000,10000,0,10000,0,0,0,10000,10000,10000,0,10000,10000,10000,0,0,10000,10000,0,0,10000,0,10000,0,10000,0,0,0,0,10000,10000,10000,10000,0,0,10000,10000,10000,10000,10000,0,0,-1,0,10000,10000,0,10000,0,0,10000,10000,0,10000,0,0,0,10000,0,0,10000,10000,0,0,0,0,0,0,0,10000,10000,0,0,10000,0,10000,0,0,0,10000,10000,10000,0,10000,0,0,0,10000,0,10000,10000,0,0,0,10000,0,0,10000,10000,0,0,0,0,0,10000,0,0,0,10000,0,0,-1,0,10000,0,0,0,0,0,0,10000,10000,10000,0,0,10000,0,10000,10000,0,10000,10000,0,10000,0,0,10000,10000,0,10000,0,0,0,10000,0,10000,0,0,0,0,10000,10000,0,0,0,0,0,10000,0,10000,10000,0,10000,10000,0,0,10000,0,0,10000,10000,0,10000,0,10000,0,0,0,10000,10000,0,0,0,0,0,10000,10000,0,0,0,0,0,0,0,0,0,10000,0,10000,10000,0,0,0,10000,10000,10000,0,0,0,0,0,0,0,0,10000,0,0,0,10000,0,10000,0,10000,0,0,0,10000,0,10000,0,0,0,0,0,0,0,0,0,0,10000,0,0,0,0,0,0,0,10000,0,10000,0,10000,0,0,10000,0,0,0,0,0,0,10000,0,0,0,0,0,0,0,0,10000,10000,0,0,0,0,0,0,0,0,0,0,0,0,0,0,0,0,0,0,0,0,0,0,0,0,0,0,10000,0,0,0,0,0,0,0,0,0,10000,0,0,0,0,0,0,10000,0,0,0,0,0,0,0,0,0,0,0,0,0,0,0,0,0,10000,0,0,0,0,0,10000,0,0,0,0,0,10000,0,0,0,0,0,0,0,10000,0,0,0,0,0,0,0,0,0,0,0,0,0,0,0,0,0,0,0,0,0,0,0,0,0,0,0,0,0,0,0,0,0,0,0,0,0,0,0,0,0,0,0,0,0,0,0,0,0,0,0,0,0,0,0,0,0,0,0,0,0,0,0,0,0,0,0,0,0,0,0,0,0]},"route":{"0":[507,506,507,506,507,506,507,506,507,506,507,506,507,506,507,506,507,506,507,506,507,506,507,506,507,506,507,506,507,506,507,506,507,506,507,506,507,506,507,506,507,506,507,506,507,506,507,506,507,506,507,506,507,506,507,506,507,506,507,506,507,506,507,506,507,506,507,506,507,506,507,506,507,506,507,506,507,506,507,506,507,506,507,506,507,506,507,506,507,506,507,506,507,506,507,506,507,506,507,506,507,506,507,506,507,506,507,506,507,506,507,506,507,506,507,506,507,506,507,506,507,506,507,506,507,506,507,506,507,506,507,506,507,506,507,506,507,506,507,506,507,506,507,506,507,506,507,506,507,506,507,506,507,506,507,506,507,506,507,506,507,506,507,506,507,506,507,506,507,506,507,506,507,506,507,506,507,506,507,506,507,506,507,506,507,506,507,506,507,506,507,506,507,506,507,506,507,506,507,506,507,506,507,506,507,506,507,506,507,506,507,506,507,506,507,506,507,506,507,506,507,506,507,506,507,506,507,506,507,506,507,506,507,506,507,506,507,506,507,506,507,506,507,506,507,506,507,506,507,506,507,506,507,506,507,506,507,506,507,506,507,506,507,506,507,506,507,506,507,506,507,506,507,506,507,506,507,506,507,506,507,506,507,506,507,506,507,506,507,506,507,506,507,506,507,506,507,506,507,506,507,506,507,506,507,506,507,506,507,506,507,506,507,506,507,506,507,506,507,506,507,506,507,506,507,506,507,506,507,506,507,506,507,506,507,506,507,506,507,506,507,506,507,506,507,506,507,506,507,506,507,506,507,506,507,506,507,506,507,506,507,506,507,506,507,506,507,506,507,506,507,506,507,506,507,506,507,506,507,506,507,506,507,506,507,506,507,506,507,506,507,506,507,506,507,506,507,506,507,506,507,506,507,506,507,506,507,506,507,506,507,506,507,506,507,506,507,506,507,506,507,506,507,506,507,506,507,506,507,506,507,506,507,506,507,506,507,506,507,506,507,506,507,506,507,506,507,506,507,506,507,506,507,506,507,506,507,506,507,506,507,506,507,506,507,506,507,506,507,506,507,506,507,506,507,506,507,506,507,506,507,506,507,506,507,506,507,506,507,506,507,506,507,506,507,506,507,506,507,506,507,506,507,506,507,506,507,506,507,506,507,506,507,506,507,506,507,506,507,506,507,506,507,506,507,506,507,506,507,506,507,506,507,506,507,506,507,506,507,506,507,506,507,506,507,506,507,506,507,506,507,506,507,506,507,506,507,506,507,506,507,506,507,506,507,506,507,506,507,506,507,506,507,506,507,506,507,506,507,506,507,506,507,506,507,506,507,506,507,506,507,506,507,506,507,506,507,506,507,506,507,506,507,506,507,506,507,506,507,506,507,506,507,506,507,506,507,506,507,506,507,506,507,506,507,506,507,506,507,506,507,506,507,506,507,506,507,506,507,506,507,506,507,506,507,506,507,506,507,506,507,506,507,506,507,506,507,506,507,506,507,506,507,506,507,506,507,506,507,506,507,506,507,506,507,506,507,506,507,506,507,506,507,506,507,506,507,506,507,506,507,506,507,506,507,506,507,506,507,506,507,506,507,506,507,506,507,506,507,506,507,506,507,506,507,506,507,506,507,506,507,506,507,506,507,506,507,506,507,506,507,506,507,506,507,506,507,506,507,506,507,506,507,506,507,506,507,506,507,506,507,506,507,506,507,506,507,506,507,506,507,506,507,506,507,506,507,506,507,506,507,506,507,506,507,506,507,506,507,506,507,506,507,506,507,506,507,506,507,506,507,506,507,506,507,506,507,506,507,506,507,506,507,506,507,506,507,506,507,506,507,506,507,506,507,506,507,506,507,506,507,506,507,506,507,506,507,506,507,506,507,506,507,506,507,506,507,506,507,506,507,506,507,506,507,506,507,506,507,506,507,506,507,506,507,506,507,506,507,506,507,506,507,506,507,506,507,506,507,506,507,506,507,506,507,506,507,506,507,506,507,506,507,506,507,506,507,506,507,506,507,506,507,506,507,506,507,506,507,506,507,506,507,506,507,506,507,506,507,506,507,506,507,506,507,506,507,506,507,506,507,506,507,506,507,506,507,506,507,506,507,506,507,506,507,506,507,506,507,506,507,506,507,506,507,506,507,506,507,506,507,506,507,506,507,506,507,506,507,506,507,506,507,506,507,506,507,506,507,506,507,506,507,506,507,506,507,506,507,506,507,506,507,506,507,506,507,506,507,506,507,506,507,506,507,506,507,506,507,506,507]}}