{"seed":{"0":2041095833},"gamma":{"0":0.25},"cost":{"0":117599.6390000005},"time":{"0":99.9268369675},"rewards":{"0":[-1,10000,-1,-1,-1,-1,-1,-1,-1,-1,-1,-1,-1,-1,-1,-1,-1,-1,-1,-1,-1,-1,-1,-1,-1,-1,-1,-1,-1,-1,-1,-1,-1,-1,-1,-1,-1,-1,-1,-1,-1,-1,-1,-1,-1,-1,-1,-1,-1,-1,-1,-1,-1,-1,-1,-1,-1,-1,-1,-1,-1,-1,-1,-1,0,-1,-1,-1,-1,-1,-1,-1,-1,-1,-1,-1,-1,-1,-1,-1,-1,-1,-1,-1,-1,-1,-1,-1,-1,-1,-1,-1,-1,-1,-1,-1,-1,-1,-1,-1,-1,-1,-1,-1,-1,-1,-1,-1,-1,-1,0,-1,-1,-1,-1,-1,-1,-1,-1,-1,-1,-1,-1,-1,-1,-1,-1,-1,-1,-1,-1,-1,-1,-1,-1,-1,-1,-1,-1,-1,-1,-1,-1,-1,-1,-1,-1,-1,-1,-1,-1,-1,-1,-1,-1,-1,-1,-1,-1,-1,-1,-1,-1,-1,-1,-1,-1,-1,-1,-1,-1,-1,-1,-1,-1,-1,-1,-1,-1,-1,-1,-1,-1,-1,-1,-1,-1,-1,-1,-1,-1,10000,0,-1,-1,-1,-1,-1,-1,-1,0,-1,-1,-1,-1,-1,-1,-1,-1,-1,-1,-1,-1,10000,-1,-1,0,-1,-1,-1,-1,-1,-1,-1,-1,-1,-1,-1,-1,-1,-1,-1,-1,-1,-1,-1,0,-1,-1,0,0,0,-1,-1,-1,-1,0,-1,-1,-1,-1,-1,-1,-1,10000,-1,0,-1,10000,-1,10000,10000,-1,-1,-1,-1,-1,-1,-1,0,-1,-1,-1,-1,-1,-1,10000,-1,-1,-1,10000,0,-1,-1,0,0,-1,0,-1,0,-1,-1,-1,-1,-1,-1,-1,0,-1,10000,-1,0,-1,0,-1,-1,0,-1,-1,-1,0,-1,0,10000,10000,0,-1,-1,-1,0,10000,10000,10000,-1,-1,-1,-1,-1,-1,-1,-1,0,-1,-1,10000,-1,-1,0,-1,-1,10000,-1,-1,10000,-1,10000,-1,-1,-1,0,0,0,0,0,10000,-1,10000,0,0,10000,0,-1,10000,0,-1,-1,0,10000,-1,0,-1,-1,-1,0,-1,0,-1,10000,0,-1,0,0,-1,0,0,-1,-1,0,10000,10000,10000,10000,-1,-1,0,10000,-1,0,-1,10000,-1,0,0,-1,0,10000,0,-1,10000,0,-1,-1,10000,0,0,10000,-1,0,0,10000,0,0,-1,-1,10000,-1,10000,-1,0,10000,0,-1,0,10000,10000,10000,10000,10000,-1,10000,10000,-1,10000,10000,-1,10000,10000,-1,10000,10000,10000,10000,-1,-1,0,10000,10000,10000,-1,10000,10000,10000,-1,10000,-1,0,0,10000,0,10000,10000,10000,10000,10000,10000,-1,10000,-1,10000,10000,10000,10000,0,0,-1,10000,10000,0,-1,10000,0,-1,0,10000,-1,0,10000,0,-1,0,10000,10000,-1,0,10000,-1,10000,-1,10000,0,10000,10000,10000,0,-1,10000,-1,10000,0,10000,0,10000,10000,10000,10000,10000,-1,10000,10000,10000,10000,0,10000,10000,10000,-1,10000,0,10000,10000,10000,10000,10000,0,10000,0,10000,10000,-1,0,10000,10000,10000,10000,10000,0,0,10000,10000,0,10000,10000,10000,0,10000,10000,10000,10000,10000,10000,10000,10000,10000,10000,10000,0,0,10000,0,-1,10000,0,10000,0,10000,10000,10000,10000,0,10000,10000,10000,0,0,10000,0,10000,10000,10000,10000,10000,0,10000,10000,0,0,10000,10000,10000,0,10000,10000,10000,10000,10000,10000,0,10000,0,10000,0,10000,0,0,10000,10000,10000,0,0,10000,0,10000,10000,10000,10000,10000,0,10000,10000,10000,10000,10000,10000,10000,0,0,0,0,10000,10000,10000,10000,0,10000,10000,0,10000,10000,10000,10000,10000,10000,0,0,10000,10000,10000,10000,0,10000,10000,0,10000,10000,10000,0,10000,10000,0,10000,10000,10000,10000,0,0,10000,0,10000,0,0,10000,0,0,10000,10000,10000,10000,-1,10000,10000,10000,10000,0,10000,10000,10000,0,10000,10000,10000,0,10000,10000,10000,0,10000,0,10000,10000,10000,10000,10000,10000,10000,10000,10000,0,0,10000,10000,10000,0,10000,10000,0,10000,0,0,0,0,10000,10000,10000,0,10000,10000,10000,10000,10000,0,10000,0,10000,0,10000,10000,10000,10000,10000,10000,0,10000,10000,0,10000,10000,0,0,10000,10000,0,0,0,0,0,10000,10000,10000,0,10000,0,0,0,10000,10000,10000,10000,0,10000,10000,0,10000,10000,0,10000,10000,0,10000,10000,10000,10000,10000,10000,0,10000,0,10000,0,0,0,10000,0,0,0,10000,0,10000,10000,10000,0,10000,10000,0,0,10000,0,10000,0,10000,0,10000,0,10000,0,0,10000,0,0,10000,0,0,0,10000,10000,10000,10000,10000,0,10000,10000,10000,10000,10000,10000,10000,10000,0,0,10000,0,10000,10000,0,0,10000,10000,10000,0,0,0,10000,0,0,0,0,0,0,0,0,0,10000,10000,10000,10000,0,0,0,0,10000,0,0,0,10000,10000,0,10000,0,10000,10000,0,10000,10000,10000,0,0,10000,0,0,10000,0,10000,10000,10000,10000,10000,10000,0,0,0,0,10000,10000,0,0,0,10000,0,10000,10000,0,0,0,0,10000,10000,0,10000,10000,0,10000,0,0,0,10000,0,10000,0,10000,0,10000,0,0,10000,0,10000,0,0,0,10000,10000,0,0,10000,0,10000,10000,0,0,10000,10000,0,0,10000,0,0,0,0,10000,0,0,0,0,0,0,0,0,0,0,10000,10000,10000,0,0,0,10000,0,0,0,10000,10000]},"route":{"0":[507,506,400,407,394,407,394,407,394,407,394,407,394,407,394,407,394,407,394,407,394,407,394,407,394,407,394,407,394,407,394,407,394,407,394,407,394,407,394,407,394,407,394,407,394,407,394,407,394,407,394,407,394,407,394,407,394,407,394,407,394,407,394,407,394,407,394,407,394,407,394,407,394,407,394,407,394,407,394,407,394,407,394,407,394,407,394,407,394,407,394,407,394,407,394,407,394,407,394,407,394,407,394,407,394,407,394,407,394,407,394,407,394,407,394,407,394,407,394,407,394,407,394,407,394,407,394,407,394,407,394,407,394,407,394,407,394,407,394,407,394,407,394,407,394,407,394,407,394,407,394,407,394,407,394,407,394,407,394,407,394,407,394,407,394,407,394,407,394,407,394,407,394,407,394,407,394,407,394,407,394,407,394,407,394,407,394,407,394,407,394,407,394,407,394,407,394,407,394,407,394,407,394,407,394,407,394,407,394,407,394,407,394,407,394,407,394,407,394,407,394,407,394,407,394,407,394,407,394,407,394,407,394,407,394,407,394,407,394,407,394,407,394,407,394,407,394,407,394,407,394,407,394,407,394,407,394,407,394,407,394,407,394,407,394,407,394,407,394,407,394,407,394,407,394,407,394,407,394,407,394,407,394,407,394,407,394,407,394,407,394,407,394,407,394,407,394,407,394,407,394,407,394,407,394,407,394,407,394,407,394,407,394,407,394,407,394,407,394,407,394,407,394,407,394,407,394,407,394,407,394,407,394,407,394,407,394,407,394,407,394,407,394,407,394,407,394,407,394,407,394,407,394,407,394,407,394,407,394,407,394,407,394,407,394,407,394,407,394,407,394,407,394,407,394,407,394,407,394,407,394,407,394,407,394,407,394,407,394,407,394,407,394,407,394,407,394,407,394,407,394,407,394,407,394,407,394,407,394,407,394,407,394,407,394,407,394,407,394,407,394,407,394,407,394,407,394,407,394,407,394,407,394,407,394,407,394,407,394,407,394,407,394,407,394,407,394,407,394,407,394,407,394,407,394,407,394,407,394,407,394,407,394,407,394,407,394,407,394,407,394,407,394,407,394,407,394,407,394,407,394,407,394,407,394,407,394,407,394,407,394,407,394,407,394,407,394,407,394,407,394,407,394,407,394,407,394,407,394,407,394,407,394,407,394,407,394,407,394,407,394,407,394,407,394,407,394,407,394,407,394,407,394,407,394,407,394,407,394,407,394,407,394,407,394,407,394,407,394,407,394,407,394,407,394,407,394,407,394,407,394,407,394,407,394,407,394,407,394,407,394,407,394,407,394,407,394,407,394,407,394,407,394,407,394,407,394,407,394,407,394,407,394,407,394,407,394,407,394,407,394,407,394,407,394,407,394,407,394,407,394,407,394,407,394,407,394,407,394,407,394,407,394,407,394,407,394,407,394,407,394,407,394,407,394,407,394,407,394,407,394,407,394,407,394,407,394,407,394,407,394,407,394,407,394,407,394,407,394,407,394,407,394,407,394,407,394,407,394,407,394,407,394,407,394,407,394,407,394,407,394,407,394,407,394,407,394,407,394,407,394,407,394,407,394,407,394,407,394,407,394,407,394,407,394,407,394,407,394,407,394,407,394,407,394,407,394,407,394,407,394,407,394,407,394,407,394,407,394,407,394,407,394,407,394,407,394,407,394,407,394,407,394,407,394,407,394,407,394,407,394,407,394,407,394,407,394,407,394,407,394,407,394,407,394,407,394,407,394,407,394,407,394,407,394,407,394,407,394,407,394,407,394,407,394,407,394,407,394,407,394,407,394,407,394,407,394,407,394,407,394,407,394,407,394,407,394,407,394,407,394,407,394,407,394,407,394,407,394,407,394,407,394,407,394,407,394,407,394,407,394,407,394,407,394,407,394,407,394,407,394,407,394,407,394,407,394,407,394,407,394,407,394,407,394,407,394,407,394,407,394,407,394,407,394,407,394,407,394,407,394,407,394,407,394,407,394,407,394,407,394,407,394,407,394,407,394,407,394,407,394,407,394,407,394,407,394,407,394,407,394,407,394,407,394,407,394,407,394,407,394,407,394,407,394,407,394,407,394,407,394,407,394,407,394,407,394,407,394,407,394,407,394,407,394,407,394,407,394,407,394,407,394,407,394,407,394,407,394,407,394,407,394,407,394,407,394,407,394,407,394,407,394,407,394,407,394,407,394,407,394,407,394,407,394,407,394,407,394,407,394,407,394,407,394,407,394,407,394,407,394,407,394,407,394,407,394,407,394,407,394]}}