{"seed":{"0":960703545},"gamma":{"0":0.25},"cost":{"0":81928.9599999996},"time":{"0":105.3383891582},"rewards":{"0":[-1,-1,-1,-1,-1,-1,-1,-1,-1,-1,-1,-1,-1,-1,-1,-1,-1,-1,-1,-1,-1,-1,-1,-1,-1,-1,10000,-1,-1,-1,-1,-1,-1,-1,-1,-1,-1,-1,-1,-1,-1,-1,-1,-1,-1,-1,-1,-1,-1,-1,-1,-1,-1,-1,-1,-1,-1,-1,-1,-1,-1,-1,-1,-1,-1,-1,-1,-1,-1,0,-1,-1,-1,0,-1,-1,-1,-1,-1,-1,-1,-1,-1,-1,-1,-1,-1,-1,-1,-1,-1,-1,-1,-1,-1,-1,-1,-1,-1,-1,-1,-1,-1,-1,-1,-1,-1,-1,-1,-1,-1,-1,-1,-1,-1,-1,10000,-1,-1,10000,-1,-1,-1,-1,-1,-1,-1,-1,-1,-1,-1,-1,-1,-1,-1,-1,-1,10000,-1,-1,-1,-1,-1,-1,-1,10000,-1,-1,-1,-1,-1,-1,-1,10000,-1,-1,-1,-1,-1,-1,-1,-1,-1,-1,-1,-1,-1,-1,-1,-1,-1,10000,-1,-1,-1,-1,-1,-1,10000,-1,-1,10000,-1,-1,-1,10000,-1,-1,-1,-1,10000,10000,-1,-1,-1,-1,-1,-1,-1,-1,-1,-1,-1,-1,-1,-1,-1,-1,-1,-1,-1,-1,10000,-1,-1,-1,-1,-1,-1,-1,10000,-1,-1,10000,-1,-1,-1,-1,-1,-1,-1,-1,-1,-1,-1,-1,0,-1,-1,10000,-1,-1,-1,-1,0,-1,-1,-1,-1,10000,10000,-1,-1,10000,-1,-1,-1,-1,10000,-1,-1,-1,-1,-1,-1,10000,-1,-1,-1,-1,-1,0,-1,10000,-1,0,10000,-1,-1,-1,10000,10000,-1,-1,-1,10000,-1,10000,-1,-1,-1,10000,-1,10000,-1,-1,-1,-1,-1,10000,-1,10000,-1,-1,-1,10000,-1,-1,10000,-1,10000,-1,-1,-1,-1,-1,0,10000,10000,10000,-1,10000,10000,-1,-1,10000,-1,-1,10000,10000,10000,-1,-1,10000,10000,10000,-1,10000,-1,-1,-1,0,-1,-1,0,10000,0,10000,10000,10000,-1,-1,10000,-1,0,-1,10000,10000,10000,-1,10000,10000,10000,10000,0,-1,10000,10000,10000,10000,0,-1,10000,10000,10000,10000,-1,10000,-1,-1,-1,10000,-1,10000,10000,10000,10000,10000,-1,-1,10000,0,10000,-1,10000,0,0,-1,10000,10000,10000,-1,10000,10000,10000,-1,10000,10000,0,10000,10000,10000,10000,10000,10000,10000,10000,-1,0,0,10000,-1,10000,10000,0,0,10000,10000,-1,10000,10000,10000,-1,10000,10000,-1,10000,10000,10000,10000,10000,10000,-1,10000,-1,10000,-1,10000,10000,10000,10000,-1,10000,0,10000,10000,10000,10000,10000,10000,10000,0,10000,-1,10000,-1,0,10000,10000,10000,0,-1,10000,10000,10000,-1,10000,10000,10000,10000,10000,10000,-1,0,10000,-1,-1,0,10000,10000,10000,10000,-1,10000,10000,10000,0,10000,10000,10000,10000,10000,10000,10000,10000,10000,0,10000,10000,10000,10000,10000,10000,10000,-1,-1,-1,10000,10000,-1,0,-1,-1,0,0,-1,10000,10000,10000,10000,10000,10000,10000,10000,0,10000,10000,10000,10000,10000,10000,10000,10000,10000,10000,10000,10000,10000,10000,10000,0,10000,10000,10000,10000,10000,10000,10000,10000,0,10000,10000,10000,10000,10000,10000,10000,0,10000,10000,10000,10000,10000,10000,0,10000,10000,10000,0,10000,0,10000,10000,10000,0,10000,10000,10000,10000,10000,10000,10000,10000,0,10000,0,10000,10000,0,10000,0,10000,10000,0,0,10000,0,10000,10000,10000,0,0,10000,10000,10000,10000,10000,-1,10000,10000,10000,10000,10000,0,10000,10000,10000,10000,0,0,0,10000,10000,0,0,0,10000,10000,10000,0,0,10000,10000,10000,10000,10000,10000,10000,10000,10000,-1,10000,10000,10000,10000,0,0,10000,10000,0,10000,10000,10000,10000,0,10000,10000,10000,0,0,10000,0,0,10000,0,0,10000,10000,10000,10000,10000,10000,10000,10000,10000,10000,10000,10000,10000,10000,0,10000,10000,0,10000,10000,0,0,0,10000,10000,0,10000,0,-1,0,0,10000,10000,10000,0,0,10000,10000,0,10000,10000,10000,0,0,10000,0,0,0,0,10000,0,0,0,10000,0,0,10000,10000,10000,10000,0,10000,10000,0,0,0,0,0,0,0,10000,0,0,10000,0,0,10000,10000,0,10000,0,10000,0,10000,10000,10000,10000,10000,10000,0,0,0,10000,0,0,0,0,0,0,10000,0,0,0,0,10000,0,0,10000,10000,0,10000,10000,10000,10000,10000,10000,0,10000,10000,10000,0,10000,10000,0,0,10000,0,0,0,0,10000,0,0,0,0,0,0,10000,0,0,0,10000,0,10000,10000,0,10000,0,0,10000,0,0,0,10000,0,10000,10000,10000,0,0,0,0,0,0,0,10000,0,10000,10000,0,10000,0,10000,0,0,0,10000,0,0,0,0,0,10000,0,0,10000,0,0,0,10000,0,0,0,0,0,0,0,0,10000,0,0,10000,0,0,10000,0,0,0,0,10000,0,0,10000,10000,0,10000,0,0,0,10000,0,0,0,0,0,0,0,0,0,0,0,10000,0,0,0,0,0,10000,0,0,0,0,0,0,0,0,0,0,0,0,0,0,0,0,0,0,0,0,10000,0,0,10000,0,0,0,0,0,0,10000,0,10000,10000,0,0,0,10000,0,0,0,0,0,0,0,0,10000,0,0,0,0,0,0,0,0,0,0,10000,0,0,0,0,0,0,0,0,0,0,0,0,0,0,0,0,0,0,0,0,10000,0,0,0,0,0,0,0]},"route":{"0":[507,506,400,406,582,581,582,581,582,581,582,581,582,581,582,581,582,581,582,581,582,581,582,581,582,581,582,581,582,581,582,581,582,581,582,581,582,581,582,581,582,581,582,581,582,581,582,581,582,581,582,581,582,581,582,581,582,581,582,581,582,581,582,581,582,581,582,581,582,581,582,581,582,581,582,581,582,581,582,581,582,581,582,581,582,581,582,581,582,581,582,581,582,581,582,581,582,581,582,581,582,581,582,581,582,581,582,581,582,581,582,581,582,581,582,581,582,581,582,581,582,581,582,581,582,581,582,581,582,581,582,581,582,581,582,581,582,581,582,581,582,581,582,581,582,581,582,581,582,581,582,581,582,581,582,581,582,581,582,581,582,581,582,581,582,581,582,581,582,581,582,581,582,581,582,581,582,581,582,581,582,581,582,581,582,581,582,581,582,581,582,581,582,581,582,581,582,581,582,581,582,581,582,581,582,581,582,581,582,581,582,581,582,581,582,581,582,581,582,581,582,581,582,581,582,581,582,581,582,581,582,581,582,581,582,581,582,581,582,581,582,581,582,581,582,581,582,581,582,581,582,581,582,581,582,581,582,581,582,581,582,581,582,581,582,581,582,581,582,581,582,581,582,581,582,581,582,581,582,581,582,581,582,581,582,581,582,581,582,581,582,581,582,581,582,581,582,581,582,581,582,581,582,581,582,581,582,581,582,581,582,581,582,581,582,581,582,581,582,581,582,581,582,581,582,581,582,581,582,581,582,581,582,581,582,581,582,581,582,581,582,581,582,581,582,581,582,581,582,581,582,581,582,581,582,581,582,581,582,581,582,581,582,581,582,581,582,581,582,581,582,581,582,581,582,581,582,581,582,581,582,581,582,581,582,581,582,581,582,581,582,581,582,581,582,581,582,581,582,581,582,581,582,581,582,581,582,581,582,581,582,581,582,581,582,581,582,581,582,581,582,581,582,581,582,581,582,581,582,581,582,581,582,581,582,581,582,581,582,581,582,581,582,581,582,581,582,581,582,581,582,581,582,581,582,581,582,581,582,581,582,581,582,581,582,581,582,581,582,581,582,581,582,581,582,581,582,581,582,581,582,581,582,581,582,581,582,581,582,581,582,581,582,581,582,581,582,581,582,581,582,581,582,581,582,581,582,581,582,581,582,581,582,581,582,581,582,581,582,581,582,581,582,581,582,581,582,581,582,581,582,581,582,581,582,581,582,581,582,581,582,581,582,581,582,581,582,581,582,581,582,581,582,581,582,581,582,581,582,581,582,581,582,581,582,581,582,581,582,581,582,581,582,581,582,581,582,581,582,581,582,581,582,581,582,581,582,581,582,581,582,581,582,581,582,581,582,581,582,581,582,581,582,581,582,581,582,581,582,581,582,581,582,581,582,581,582,581,582,581,582,581,582,581,582,581,582,581,582,581,582,581,582,581,582,581,582,581,582,581,582,581,582,581,582,581,582,581,582,581,582,581,582,581,582,581,582,581,582,581,582,581,582,581,582,581,582,581,582,581,582,581,582,581,582,581,582,581,582,581,582,581,582,581,582,581,582,581,582,581,582,581,582,581,582,581,582,581,582,581,582,581,582,581,582,581,582,581,582,581,582,581,582,581,582,581,582,581,582,581,582,581,582,581,582,581,582,581,582,581,582,581,582,581,582,581,582,581,582,581,582,581,582,581,582,581,582,581,582,581,582,581,582,581,582,581,582,581,582,581,582,581,582,581,582,581,582,581,582,581,582,581,582,581,582,581,582,581,582,581,582,581,582,581,582,581,582,581,582,581,582,581,582,581,582,581,582,581,582,581,582,581,582,581,582,581,582,581,582,581,582,581,582,581,582,581,582,581,582,581,582,581,582,581,582,581,582,581,582,581,582,581,582,581,582,581,582,581,582,581,582,581,582,581,582,581,582,581,582,581,582,581,582,581,582,581,582,581,582,581,582,581,582,581,582,581,582,581,582,581,582,581,582,581,582,581,582,581,582,581,582,581,582,581,582,581,582,581,582,581,582,581,582,581,582,581,582,581,582,581,582,581,582,581,582,581,582,581,582,581,582,581,582,581,582,581,582,581,582,581,582,581,582,581,582,581,582,581,582,581,582,581,582,581,582,581,582,581,582,581,582,581,582,581,582,581,582,581,582,581,582,581,582,581,582,581,582,581,582,581,582,581,582,581,582,581,582,581,582,581,582,581,582,581,582,581,582,581,582,581,582,581,582,581,582,581,582,581,582,581,582,581,582,581,582,581,582,581,582,581,582]}}