{"seed":{"0":1695858027},"gamma":{"0":0.1},"cost":{"0":63424.2360000001},"time":{"0":128.0294418335},"rewards":{"0":[-1,-1,-1,-1,-1,-1,-1,-1,-1,-1,-1,-1,-1,-1,-1,-1,-1,-1,-1,-1,-1,-1,-1,-1,-1,-1,-1,-1,-1,-1,-1,-1,-1,-1,-1,-1,-1,-1,-1,-1,-1,-1,-1,-1,-1,-1,-1,-1,-1,-1,-1,-1,-1,-1,-1,-1,-1,-1,-1,-1,-1,-1,-1,-1,-1,-1,-1,-1,-1,-1,-1,10000,-1,-1,-1,-1,-1,-1,-1,-1,-1,-1,0,-1,-1,-1,-1,-1,-1,-1,-1,-1,-1,-1,-1,-1,-1,-1,-1,-1,-1,-1,-1,-1,-1,-1,-1,-1,-1,-1,-1,-1,-1,-1,-1,-1,-1,-1,-1,-1,-1,-1,-1,-1,-1,-1,-1,-1,-1,-1,-1,-1,-1,-1,-1,-1,-1,-1,-1,-1,-1,-1,-1,-1,-1,-1,-1,-1,-1,-1,-1,-1,-1,-1,-1,-1,-1,-1,-1,-1,-1,-1,-1,-1,-1,-1,-1,-1,-1,-1,-1,-1,-1,-1,-1,-1,-1,-1,-1,-1,-1,-1,-1,-1,-1,-1,-1,-1,-1,-1,-1,-1,-1,-1,-1,-1,-1,-1,-1,-1,-1,-1,0,-1,-1,-1,0,0,-1,-1,-1,-1,-1,-1,-1,10000,10000,-1,-1,-1,-1,-1,-1,0,-1,0,-1,10000,-1,-1,-1,0,0,-1,-1,-1,-1,-1,10000,-1,-1,-1,0,-1,-1,-1,-1,-1,-1,-1,-1,-1,-1,-1,-1,-1,10000,-1,-1,0,-1,-1,-1,-1,-1,-1,-1,-1,-1,-1,-1,-1,-1,0,-1,-1,-1,-1,-1,-1,-1,-1,0,-1,0,10000,10000,-1,-1,-1,-1,-1,-1,10000,0,0,0,10000,10000,-1,-1,0,-1,-1,-1,-1,10000,10000,0,-1,10000,-1,-1,0,0,0,-1,-1,-1,0,-1,0,-1,-1,10000,-1,0,-1,0,-1,-1,0,-1,-1,-1,-1,10000,10000,-1,10000,10000,10000,-1,-1,0,-1,-1,10000,10000,10000,10000,0,10000,-1,0,0,0,10000,10000,10000,-1,-1,10000,0,-1,-1,10000,-1,0,0,0,10000,10000,10000,10000,-1,10000,-1,-1,10000,-1,-1,10000,0,-1,10000,0,0,-1,10000,10000,10000,-1,0,10000,0,10000,10000,0,10000,-1,0,10000,-1,-1,10000,0,-1,10000,0,-1,0,10000,-1,0,10000,10000,10000,10000,0,10000,10000,0,-1,10000,10000,0,10000,10000,10000,0,0,-1,0,-1,0,0,-1,-1,-1,10000,10000,10000,10000,-1,10000,0,10000,10000,-1,0,0,10000,0,10000,-1,0,0,0,0,10000,0,0,-1,0,10000,0,10000,0,0,0,0,10000,0,0,10000,0,0,10000,0,10000,0,10000,10000,10000,0,0,10000,10000,0,10000,0,0,-1,10000,10000,0,10000,-1,10000,10000,10000,10000,0,0,10000,10000,0,0,10000,10000,10000,10000,10000,10000,-1,10000,10000,10000,10000,0,-1,10000,0,10000,0,10000,10000,0,-1,0,0,0,0,10000,0,10000,10000,0,0,-1,10000,10000,10000,0,0,10000,0,10000,10000,0,0,-1,10000,0,10000,-1,10000,10000,10000,10000,10000,-1,0,10000,0,10000,10000,10000,0,10000,0,10000,0,10000,10000,10000,0,10000,-1,0,0,0,10000,10000,0,10000,0,0,10000,10000,10000,10000,10000,10000,0,10000,0,0,0,0,0,10000,0,10000,10000,0,10000,0,10000,0,10000,10000,0,0,0,0,0,0,0,0,-1,0,0,10000,0,10000,0,0,10000,10000,0,10000,0,0,10000,10000,10000,10000,0,0,10000,0,10000,0,10000,10000,10000,0,0,0,10000,0,0,10000,10000,10000,10000,0,10000,0,10000,0,0,10000,10000,0,0,0,0,0,0,0,0,10000,0,0,0,0,10000,0,0,0,0,0,10000,10000,10000,-1,0,0,0,0,0,10000,0,10000,0,0,10000,10000,0,0,0,0,0,0,0,10000,10000,0,0,10000,0,0,0,0,10000,0,0,0,0,0,0,10000,0,10000,10000,0,10000,0,0,10000,0,10000,10000,0,0,0,0,10000,10000,0,0,10000,0,10000,0,0,0,0,10000,0,0,0,10000,0,0,0,0,0,0,0,10000,0,0,10000,0,0,0,10000,0,10000,0,0,0,0,0,0,0,0,0,0,0,10000,0,10000,0,0,0,0,0,0,0,0,0,0,10000,0,0,0,0,0,0,0,0,0,0,0,0,0,0,0,0,0,0,0,0,0,0,0,0,0,0,0,0,0,0,0,0,0,0,10000,0,0,10000,0,0,0,0,0,0,0,0,0,0,0,10000,0,0,0,0,0,0,0,0,10000,0,0,0,0,0,0,0,10000,0,0,0,0,0,0,0,0,0,0,0,10000,0,0,0,0,0,0,0,0,10000,0,0,0,0,0,0,0,0,0,0,10000,0,0,0,0,0,0,0,0,0,0,0,0,0,10000,0,0,0,0,0,0,0,0,0,0,0,0,0,0,0,0,0,0,0,0,0,0,0,0,0,0,0,0,0,0,0,0,0,0,0,0,0,0,0,0,0,0,0,0,0,0,0,0,0,0,0,0,0,0,0,0,0,0,0,0,0,0,0,0,0,0,0,0,0,0,0,0,0,0,0,0,0,0,0,0,0,0,0,0,0,0,0,10000,0]},"route":{"0":[507,506,418,506,418,506,418,506,418,506,418,506,418,506,418,506,418,506,418,506,418,506,418,506,418,506,418,506,418,506,418,506,418,506,418,506,418,506,418,506,418,506,418,506,418,506,418,506,418,506,418,506,418,506,418,506,418,506,418,506,418,506,418,506,418,506,418,506,418,506,418,506,418,506,418,506,418,506,418,506,418,506,418,506,418,506,418,506,418,506,418,506,418,506,418,506,418,506,418,506,418,506,418,506,418,506,418,506,418,506,418,506,418,506,418,506,418,506,418,506,418,506,418,506,418,506,418,506,418,506,418,506,418,506,418,506,418,506,418,506,418,506,418,506,418,506,418,506,418,506,418,506,418,506,418,506,418,506,418,506,418,506,418,506,418,506,418,506,418,506,418,506,418,506,418,506,418,506,418,506,418,506,418,506,418,506,418,506,418,506,418,506,418,506,418,506,418,506,418,506,418,506,418,506,418,506,418,506,418,506,418,506,418,506,418,506,418,506,418,506,418,506,418,506,418,506,418,506,418,506,418,506,418,506,418,506,418,506,418,506,418,506,418,506,418,506,418,506,418,506,418,506,418,506,418,506,418,506,418,506,418,506,418,506,418,506,418,506,418,506,418,506,418,506,418,506,418,506,418,506,418,506,418,506,418,506,418,506,418,506,418,506,418,506,418,506,418,506,418,506,418,506,418,506,418,506,418,506,418,506,418,506,418,506,418,506,418,506,418,506,418,506,418,506,418,506,418,506,418,506,418,506,418,506,418,506,418,506,418,506,418,506,418,506,418,506,418,506,418,506,418,506,418,506,418,506,418,506,418,506,418,506,418,506,418,506,418,506,418,506,418,506,418,506,418,506,418,506,418,506,418,506,418,506,418,506,418,506,418,506,418,506,418,506,418,506,418,506,418,506,418,506,418,506,418,506,418,506,418,506,418,506,418,506,418,506,418,506,418,506,418,506,418,506,418,506,418,506,418,506,418,506,418,506,418,506,418,506,418,506,418,506,418,506,418,506,418,506,418,506,418,506,418,506,418,506,418,506,418,506,418,506,418,506,418,506,418,506,418,506,418,506,418,506,418,506,418,506,418,506,418,506,418,506,418,506,418,506,418,506,418,506,418,506,418,506,418,506,418,506,418,506,418,506,418,506,418,506,418,506,418,506,418,506,418,506,418,506,418,506,418,506,418,506,418,506,418,506,418,506,418,506,418,506,418,506,418,506,418,506,418,506,418,506,418,506,418,506,418,506,418,506,418,506,418,506,418,506,418,506,418,506,418,506,418,506,418,506,418,506,418,506,418,506,418,506,418,506,418,506,418,506,418,506,418,506,418,506,418,506,418,506,418,506,418,506,418,506,418,506,418,506,418,506,418,506,418,506,418,506,418,506,418,506,418,506,418,506,418,506,418,506,418,506,418,506,418,506,418,506,418,506,418,506,418,506,418,506,418,506,418,506,418,506,418,506,418,506,418,506,418,506,418,506,418,506,418,506,418,506,418,506,418,506,418,506,418,506,418,506,418,506,418,506,418,506,418,506,418,506,418,506,418,506,418,506,418,506,418,506,418,506,418,506,418,506,418,506,418,506,418,506,418,506,418,506,418,506,418,506,418,506,418,506,418,506,418,506,418,506,418,506,418,506,418,506,418,506,418,506,418,506,418,506,418,506,418,506,418,506,418,506,418,506,418,506,418,506,418,506,418,506,418,506,418,506,418,506,418,506,418,506,418,506,418,506,418,506,418,506,418,506,418,506,418,506,418,506,418,506,418,506,418,506,418,506,418,506,418,506,418,506,418,506,418,506,418,506,418,506,418,506,418,506,418,506,418,506,418,506,418,506,418,506,418,506,418,506,418,506,418,506,418,506,418,506,418,506,418,506,418,506,418,506,418,506,418,506,418,506,418,506,418,506,418,506,418,506,418,506,418,506,418,506,418,506,418,506,418,506,418,506,418,506,418,506,418,506,418,506,418,506,418,506,418,506,418,506,418,506,418,506,418,506,418,506,418,506,418,506,418,506,418,506,418,506,418,506,418,506,418,506,418,506,418,506,418,506,418,506,418,506,418,506,418,506,418,506,418,506,418,506,418,506,418,506,418,506,418,506,418,506,418,506,418,506,418,506,418,506,418,506,418,506,418,506,418,506,418,506,418,506,418,506,418,506,418,506,418,506,418,506,418,506,418,506,418,506,418,506,418,506,418,506,418,506,418,506,418,506,418,506,418,506,418,506,418,506,418,506,418,506,418,506,418,506,418,506,418,506,418]}}