{"seed":{"0":1277478588},"min_epsilon":{"0":0.7},"cost":{"0":76646.9999999987},"time":{"0":18.7223541737},"rewards":{"0":[-1,-1,-1,-1,-1,-1,-1,-1,-1,-1,-1,-1,-1,-1,-1,-1,10000,-1,-1,-1,-1,-1,-1,-1,-1,-1,-1,-1,-1,-1,-1,-1,-1,-1,-1,-1,-1,-1,-1,-1,-1,-1,-1,-1,-1,-1,-1,-1,-1,-1,-1,-1,-1,-1,-1,-1,-1,-1,-1,-1,-1,-1,-1,-1,-1,-1,-1,-1,-1,-1,-1,-1,-1,-1,-1,-1,-1,-1,-1,-1,-1,-1,-1,-1,-1,-1,-1,-1,-1,-1,-1,-1,-1,-1,-1,-1,-1,-1,-1,-1,-1,-1,-1,-1,-1,-1,-1,-1,-1,-1,-1,-1,-1,-1,-1,-1,-1,-1,-1,-1,-1,-1,-1,-1,-1,10000,-1,-1,-1,-1,-1,-1,-1,-1,-1,-1,-1,-1,-1,-1,-1,-1,-1,-1,-1,-1,-1,-1,-1,-1,-1,-1,-1,-1,-1,-1,-1,-1,-1,-1,-1,-1,-1,-1,-1,-1,-1,-1,-1,-1,-1,-1,-1,-1,10000,-1,-1,-1,-1,-1,-1,-1,10000,-1,-1,-1,-1,-1,-1,10000,-1,-1,-1,10000,-1,-1,-1,-1,-1,-1,-1,-1,-1,-1,-1,-1,-1,-1,-1,-1,-1,-1,-1,-1,-1,-1,-1,-1,-1,-1,-1,-1,-1,-1,-1,-1,-1,-1,-1,-1,-1,-1,-1,-1,-1,-1,-1,-1,-1,-1,-1,-1,-1,-1,-1,-1,-1,-1,-1,-1,-1,-1,-1,-1,-1,-1,-1,-1,-1,-1,0,-1,-1,-1,-1,-1,-1,-1,-1,-1,10000,-1,-1,-1,-1,-1,-1,-1,-1,-1,-1,-1,-1,-1,-1,-1,-1,10000,-1,-1,-1,-1,-1,-1,-1,-1,-1,-1,-1,-1,-1,-1,-1,-1,-1,-1,-1,-1,-1,-1,-1,-1,-1,-1,-1,-1,-1,-1,-1,-1,-1,-1,10000,-1,-1,-1,-1,-1,-1,-1,-1,-1,-1,10000,-1,-1,-1,-1,-1,-1,-1,-1,-1,-1,-1,-1,-1,-1,-1,-1,-1,-1,-1,-1,-1,-1,-1,-1,-1,-1,-1,-1,-1,-1,-1,-1,-1,-1,-1,10000,-1,-1,-1,-1,-1,-1,-1,-1,-1,10000,-1,-1,-1,-1,-1,-1,-1,-1,-1,-1,-1,10000,-1,-1,-1,-1,-1,-1,-1,-1,-1,-1,-1,-1,-1,-1,-1,-1,-1,-1,10000,-1,-1,-1,-1,-1,-1,-1,-1,10000,-1,-1,-1,-1,-1,-1,-1,-1,-1,-1,-1,-1,-1,-1,-1,-1,-1,-1,-1,-1,-1,-1,-1,-1,-1,-1,-1,-1,-1,-1,-1,-1,-1,-1,-1,-1,-1,-1,10000,-1,-1,-1,-1,-1,-1,-1,-1,-1,-1,-1,-1,10000,-1,-1,-1,-1,-1,-1,-1,-1,-1,-1,-1,-1,-1,-1,-1,-1,-1,-1,-1,-1,-1,-1,10000,-1,-1,-1,-1,-1,-1,-1,-1,-1,-1,10000,-1,-1,-1,-1,-1,-1,-1,-1,-1,-1,10000,-1,-1,-1,-1,-1,-1,-1,-1,10000,-1,-1,-1,-1,-1,-1,-1,-1,-1,-1,-1,-1,-1,-1,-1,10000,-1,-1,-1,-1,-1,-1,-1,-1,-1,-1,-1,-1,-1,-1,-1,-1,10000,-1,-1,-1,-1,-1,-1,-1,-1,-1,-1,-1,-1,-1,-1,-1,-1,-1,-1,-1,-1,-1,-1,-1,-1,-1,-1,-1,-1,-1,-1,-1,0,-1,-1,-1,-1,-1,-1,-1,-1,-1,-1,-1,-1,-1,-1,-1,-1,10000,-1,-1,-1,-1,-1,-1,-1,-1,-1,-1,-1,-1,-1,-1,-1,-1,-1,-1,-1,-1,-1,10000,-1,-1,10000,-1,10000,-1,-1,-1,-1,-1,-1,-1,-1,-1,-1,-1,-1,-1,-1,-1,-1,-1,-1,-1,-1,-1,-1,-1,-1,-1,10000,10000,-1,-1,-1,-1,-1,-1,-1,-1,-1,-1,-1,-1,-1,-1,-1,-1,-1,-1,-1,-1,-1,-1,-1,-1,-1,-1,10000,-1,-1,-1,-1,-1,-1,10000,-1,-1,-1,-1,10000,-1,-1,10000,-1,-1,-1,-1,-1,-1,10000,-1,-1,-1,-1,-1,10000,-1,-1,-1,-1,10000,-1,-1,-1,-1,-1,-1,-1,-1,-1,10000,-1,-1,-1,-1,-1,-1,-1,-1,-1,-1,10000,-1,-1,-1,10000,10000,-1,-1,-1,-1,-1,-1,-1,-1,10000,-1,-1,-1,-1,-1,10000,-1,10000,-1,-1,-1,-1,10000,-1,-1,-1,-1,-1,10000,-1,10000,-1,-1,10000,-1,-1,-1,10000,10000,10000,-1,-1,-1,-1,-1,-1,10000,-1,10000,-1,-1,-1,-1,-1,-1,-1,-1,-1,-1,10000,-1,-1,-1,-1,-1,-1,-1,-1,-1,10000,-1,-1,-1,-1,-1,-1,-1,10000,-1,-1,10000,-1,10000,-1,-1,-1,-1,-1,-1,-1,-1,10000,-1,-1,-1,-1,-1,10000,-1,-1,10000,-1,-1,-1,-1,-1,-1,-1,10000,-1,-1,-1,-1,-1,10000,-1,10000,10000,-1,10000,-1,-1,-1,10000,-1,-1,-1,-1,-1,10000,-1,10000,-1,-1,-1,-1,10000,-1,-1,-1,-1,10000,10000,-1,-1,-1,-1,-1,10000,10000,-1,10000,10000,10000,-1,10000,-1,-1,-1,-1,10000,-1,10000,-1,-1,-1,-1,-1,10000,10000,-1,10000,-1,10000,-1,-1,10000,-1,10000,-1,-1,-1,10000,10000,-1,-1,-1,-1,-1,-1,-1,10000,-1,10000,-1,-1,-1,-1,10000,10000,10000,-1,10000,-1,-1,-1,10000,-1,-1,10000,10000,-1,-1,10000,-1,10000,-1,-1,10000,10000,10000,10000,10000,-1,10000,-1,-1,-1,-1,-1,10000,10000,-1,10000,-1,10000,10000,-1,10000,-1,10000,-1,-1,10000,-1,-1,-1,10000,-1,10000,-1,-1,-1]},"route":{"0":[507,506,507,506,507,506,507,506,507,506,507,506,507,506,507,506,507,506,507,506,507,506,507,506,507,506,507,506,507,506,507,506,507,506,507,506,507,506,507,506,507,506,507,506,507,506,507,506,507,506,507,506,507,506,507,506,507,506,507,506,507,506,507,506,507,506,507,506,507,506,507,506,507,506,507,506,507,506,507,506,507,506,507,506,507,506,507,506,507,506,507,506,507,506,507,506,507,506,507,506,507,506,507,506,507,506,507,506,507,506,507,506,507,506,507,506,507,506,507,506,507,506,507,506,507,506,507,506,507,506,507,506,507,506,507,506,507,506,507,506,507,506,507,506,507,506,507,506,507,506,507,506,507,506,507,506,507,506,507,506,507,506,507,506,507,506,507,506,507,506,507,506,507,506,507,506,507,506,507,506,507,506,507,506,507,506,507,506,507,506,507,506,507,506,507,506,507,506,507,506,507,506,507,506,507,506,507,506,507,506,507,506,507,506,507,506,507,506,507,506,507,506,507,506,507,506,507,506,507,506,507,506,507,506,507,506,507,506,507,506,507,506,507,506,507,506,507,506,507,506,507,506,507,506,507,506,507,506,507,506,507,506,507,506,507,506,507,506,507,506,507,506,507,506,507,506,507,506,507,506,507,506,507,506,507,506,507,506,507,506,507,506,507,506,507,506,507,506,507,506,507,506,507,506,507,506,507,506,507,506,507,506,507,506,507,506,507,506,507,506,507,506,507,506,507,506,507,506,507,506,507,506,507,506,507,506,507,506,507,506,507,506,507,506,507,506,507,506,507,506,507,506,507,506,507,506,507,506,507,506,507,506,507,506,507,506,507,506,507,506,507,506,507,506,507,506,507,506,507,506,507,506,507,506,507,506,507,506,507,506,507,506,507,506,507,506,507,506,507,506,507,506,507,506,507,506,507,506,507,506,507,506,507,506,507,506,507,506,507,506,507,506,507,506,507,506,507,506,507,506,507,506,507,506,507,506,507,506,507,506,507,506,507,506,507,506,507,506,507,506,507,506,507,506,507,506,507,506,507,506,507,506,507,506,507,506,507,506,507,506,507,506,507,506,507,506,507,506,507,506,507,506,507,506,507,506,507,506,507,506,507,506,507,506,507,506,507,506,507,506,507,506,507,506,507,506,507,506,507,506,507,506,507,506,507,506,507,506,507,506,507,506,507,506,507,506,507,506,507,506,507,506,507,506,507,506,507,506,507,506,507,506,507,506,507,506,507,506,507,506,507,506,507,506,507,506,507,506,507,506,507,506,507,506,507,506,507,506,507,506,507,506,507,506,507,506,507,506,507,506,507,506,507,506,507,506,507,506,507,506,507,506,507,506,507,506,507,506,507,506,507,506,507,506,507,506,507,506,507,506,507,506,507,506,507,506,507,506,507,506,507,506,507,506,507,506,507,506,507,506,507,506,507,506,507,506,507,506,507,506,507,506,507,506,507,506,507,506,507,506,507,506,507,506,507,506,507,506,507,506,507,506,507,506,507,506,507,506,507,506,507,506,507,506,507,506,507,506,507,506,507,506,507,506,507,506,507,506,507,506,507,506,507,506,507,506,507,506,507,506,507,506,507,506,507,506,507,506,507,506,507,506,507,506,507,506,507,506,507,506,507,506,507,506,507,506,507,506,507,506,507,506,507,506,507,506,507,506,507,506,507,506,507,506,507,506,507,506,507,506,507,506,507,506,507,506,507,506,507,506,507,506,507,506,507,506,507,506,507,506,507,506,507,506,507,506,507,506,507,506,507,506,507,506,507,506,507,506,507,506,507,506,507,506,507,506,507,506,507,506,507,506,507,506,507,506,507,506,507,506,507,506,507,506,507,506,507,506,507,506,507,506,507,506,507,506,507,506,507,506,507,506,507,506,507,506,507,506,507,506,507,506,507,506,507,506,507,506,507,506,507,506,507,506,507,506,507,506,507,506,507,506,507,506,507,506,507,506,507,506,507,506,507,506,507,506,507,506,507,506,507,506,507,506,507,506,507,506,507,506,507,506,507,506,507,506,507,506,507,506,507,506,507,506,507,506,507,506,507,506,507,506,507,506,507,506,507,506,507,506,507,506,507,506,507,506,507,506,507,506,507,506,507,506,507,506,507,506,507,506,507,506,507,506,507,506,507,506,507,506,507,506,507,506,507,506,507,506,507,506,507,506,507,506,507,506,507,506,507,506,507,506,507,506,507,506,507,506,507,506,507,506,507,506,507,506,507,506,507,506,507,506,507,506,507,506,507,506,507,506,507]}}