{"seed":{"0":1936856304},"gamma":{"0":0.9},"cost":{"0":63424.2360000001},"time":{"0":32.939863205},"rewards":{"0":[-22.9798483031,-19.1950520465,-27.549705981,-8.6974915265,-11.423634683,-60.8282971438,-26.5869535561,-10.2836779635,-86.4536605733,-9.9023726304,-23.4426961586,-32.2606623312,-17.1988741069,-11.0990333568,-9.3606841726,-17.8583777217,-12.1708994427,-10.8431784256,-7.3172266335,-37.9720059574,-17.0751811141,-14.9409990344,-8.8803277552,-46.7082080384,-10.6144368566,-60.1523784241,-14.2516345208,-14.4557533817,-30.7206459967,-57.6825301991,-72.9356270437,-15.6418322061,-21.4422324716,-2.9556422174,-32.9821988647,-7.6587944124,-7.8177014059,-48.0015946383,-34.3873755143,-49.3574044254,-21.6980790688,-37.3801901972,-49.2394176699,-22.3862091997,-6.6801146842,-7.2016460647,-21.9027118486,-19.2835555588,-68.1883283311,-42.8095316318,-32.3564103717,-20.0694947196,-56.4270848991,-8.8096168494,-11.4099829166,-3.0702656418,-86.1229088214,-15.8367602839,-28.8034681315,-30.7788813129,-11.7195297333,-48.4705138574,-28.8984973769,-7.9229245642,-22.1218770349,-19.6717870585,-14.7929485415,-11.5042159431,-4.3682078318,-6.5027329631,-11.9862126723,-10.4677247432,-25.6301192093,-7.5219686154,-17.122026117,-25.4021074976,-9.7567746042,-14.0156384814,-61.3949893233,-20.501690018,-21.5894037271,-10.8365699091,-56.3004662504,-13.0198738389,-38.9482718695,-36.61926996,-21.6351578287,-13.0596323426,-38.7117510016,-4.0650073029,-4.3484541321,-24.3494021796,-41.2837783415,-9.1593588652,-6.2614539174,-45.6838540479,-5.9527540593,-13.3067548474,-9.1529267726,-26.6494350086,-12.1559887191,-23.5997781057,-6.0941545589,-34.6335107391,-21.6198401857,-14.0710256604,-35.7169022043,-21.1208162005,-6.3342438491,-34.275765829,-4.3369118994,-9.4622266423,-10.7997267601,-9.7688897475,-7.5551575675,-57.7728029229,-19.8014403471,-24.626646181,-19.3684361362,-16.3472971466,-10.9790310917,-17.293177239,-17.7499141194,-4.7247223733,-15.6544145804,-10.1569294067,-15.5857863893,-8.0137697458,-15.1732433327,-32.5681581939,-16.4604512179,-24.2314998416,-26.7150454929,-15.0311025637,-50.0000196421,-8.1256072565,-35.9760042408,-26.4258689785,-20.8256778142,-25.3439948689,-62.4433206083,-7.6217183136,-13.1564277424,-22.2566979966,-17.4230985425,-23.4360427504,-19.7709053839,-13.4253997397,-18.4472683888,-11.9325040191,-9.7088338003,-6.2071287938,-10.0529002922,-7.1030028354,-17.6677761076,-35.3135826684,-31.1389240955,-8.0310969433,-21.5309682307,-11.7409358272,-22.4001873897,-44.0485188196,-6.6543471202,-4.9658548226,-23.3341562211,-16.8888785855,-8.8986492751,-22.4344286961,-6.7134465795,-9.1530283516,-35.7765701835,-3.1809072045,-10.7374516871,-5.811395254,-39.4844240751,-7.2481257153,-28.2284080738,-5.4898129953,-7.1109509299,-27.6110894388,-4.2511462978,-48.3397442051,-13.1827140015,-6.7573797648,-28.699884282,-5.8151531163,-8.0077132736,-13.5668563744,-22.2484269876,-7.2929821222,-12.9140042688,-11.2505215907,-9.3676774722,-15.878985114,-26.7062532536,-3.021474369,-24.2178754444,-17.9586365197,-4.3345823872,-17.0890512698,-36.5353403112,-76.7097571378,-18.5816607704,-34.0698533576,-18.9115869116,-5.4771035433,-10.8128057842,-14.7126862495,-4.9509692413,-8.5944727727,-11.7593898864,-10.6376471989,-11.8091800555,-43.9803692576,-13.4402155224,-14.4911122615,-17.9867741717,-41.9556913458,-2.5717265714,-3.878221335,-12.7060111075,-27.1013954493,-22.0676368465,-18.28918627,-14.87592526,-17.3675511075,-32.151763585,-3.8417630386,-8.559387667,-8.6442199902,-18.4270196796,-9.317852775,-13.2154224496,-6.9709111633,-3.0447894846,-31.9127386769,-5.0879575203,-12.3838929636,-8.1984351378,-21.1991347664,-11.7174692072,-12.3396823826,-36.8755153881,-44.7408655725,-15.9669604194,-10.7001939665,-27.1024690639,-12.2118846323,-5.5277608642,-31.0078496891,-15.5777883356,-5.0171951953,-31.8992808117,-11.5660438879,-44.746033139,-20.5691273354,-25.028237936,-34.7162455933,-15.6587242448,-28.5994414086,-8.9388439056,-5.4132848041,-6.4834291039,-13.8023540651,-24.5434226224,-12.2609650941,-16.1496697088,-25.7116259122,-21.5806172646,-5.0287111122,-26.6964618226,-35.4905485033,-22.6492903879,-12.6240684452,-7.9473261634,-5.7864818,-8.4221739676,-20.3809696719,-37.9155656185,-17.3846512637,-16.9589097479,-11.5772589538,-6.7511014975,-3.7832845029,-24.4982254424,-22.7997215754,-10.4835093764,-8.2264958201,-5.7348960818,-4.2137262237,-35.7691706007,-8.1550804759,-14.395672231,-13.5635610565,-3.7836278841,-6.9205495877,-12.5454130098,-6.0197620146,-7.9324325429,-37.2097540418,-13.7584313749,-11.8980201027,-31.4490765162,-23.3059862463,-8.1457542874,-5.0895710554,-5.6487380571,-22.0289480253,-11.8841225724,-7.3186216445,-3.2957411387,-6.9523938618,-12.1586663326,-7.6716088717,-13.1742591506,-9.8242846355,-27.9081869878,-8.2849032711,-56.9626794225,-32.7843886749,-20.4039215005,-20.8150118154,-23.361307823,-11.4764946534,-18.9685880962,-14.8039740613,-33.0857596925,-50.5042305552,-9.5787789177,-21.2703785564,-23.6949377991,-8.7962002059,-5.9763326932,-33.5964094672,-30.5989267623,-12.0061961441,-6.3782061925,-6.978878273,-27.2086868227,-7.5859348984,-12.134401233,-24.6463739494,-10.9133451485,-11.567950804,-8.2826767266,-16.7990993339,-31.1255263767,-3.4073533308,-5.5629553331,-24.0486882598,-15.2736911637,-48.0434192005,-7.2514356308,-5.0087685788,-27.7383054231,-15.1468763568,-24.019058041,-12.1838720775,-10.0267561841,-17.8779861367,-12.5751671694,-6.2242559578,-8.1976915993,-6.75451059,-9.5246602768,-29.3868072142,-14.3938417412,-6.2694829637,-8.3619451224,-10.6758980321,-11.6993939948,-13.0069952483,-22.6962883747,-77.5901676053,-20.908831664,-16.9489827687,-10.3851913451,-16.2156650661,-24.9758397575,-41.098381986,-3.7453454487,-20.5492994608,-19.3259803283,-68.8124761598,-7.7824122436,-16.9209396811,-5.1429981361,-5.6735200017,-20.0231372704,-14.5032416633,-6.9237582484,-22.6896240625,-15.1064768723,-16.4684606854,-6.4907057773,-23.4819412291,-39.7753134352,-6.2138275696,-27.2471103406,-31.2294612455,-12.5585269712,-7.0437662893,-2.344606466,-22.4914917773,-3.7991062026,-7.5997987386,-22.0242106495,-4.8596200194,-7.2255831632,-15.2423700047,-13.1640111759,-3.2226464739,-36.7638077251,-15.8501362705,-41.5438177292,-18.0702846175,-6.2536980867,-9.2671039546,-5.0111138305,-17.4444559633,-3.7163933105,-8.9111621401,-14.3970850267,-6.633489855,-13.531531067,-45.8850032104,-20.4865275243,-23.2896479775,-8.3933344883,-28.8682047855,-27.0649202568,-12.1027317908,-6.3071913777,-6.8534477166,-13.4909944324,-4.3273550558,-18.6386550743,-25.0871777114,-17.7175651042,-16.5221956293,-5.3692520136,-5.1364039873,-19.969409569,-4.3129523956,-54.8491251497,-6.5945944943,-12.7570032075,-38.0959632857,-28.553243358,-6.4864670772,-41.5401337096,-94.8831437854,-13.1413777357,-15.2892893672,-19.4777132362,-17.1156267576,-15.1595535507,-30.0456347621,-30.4909960738,-10.8204361821,-47.2537408624,-6.6989092432,-12.1003844815,-14.1237757752,-31.4503540474,-35.5274872288,-3.5146310604,-20.7416704489,-25.3922053904,-14.1670009566,-8.4250712914,-12.0657354201,-15.0225247665,-4.2798970484,-10.1983347094,-2.8266345175,-14.6629319941,-11.9364297747,-9.9500323391,-18.2376004887,-32.0835146583,-9.1533607813,-9.0009265574,-21.6895203388,-15.353411735,-16.0163412148,-9.5993192145,-9.2746378141,-4.3933946771,-17.8346103707,-3.9483505871,-42.4412176685,-12.5889306411,-25.3274821871,-13.2838505673,-9.0504076802,-10.7807813205,-3.8506222768,-10.7407318647,-24.9488356857,-5.092295873,-3.0172326598,-21.9083580692,-26.7616269284,-13.7916077033,-5.1760159037,-22.9671408672,-2.5989112801,-14.9499929265,-13.2305214962,-7.7372303505,-11.2623700909,-32.1600429181,-14.8643287635,-12.5807567712,-9.2367661995,-5.1209971156,-9.2374665741,-22.6898753365,-7.5439898932,-4.7929877124,-10.7326612324,-19.2259144525,-8.5564464349,-14.0471436138,-7.8410206359,-10.7147043947,-16.191193833,-14.0933785997,-3.8805910657,-78.1303033721,-20.7161305911,-4.0055443044,-26.3858974474,-4.0184703865,-28.0428419445,-10.4074406591,-34.1062041552,-18.8439727099,-13.0683454273,