{"seed":{"0":939612284},"gamma":{"0":0.9},"cost":{"0":1712.931},"time":{"0":16.2536411285},"rewards":{"0":[-6.0036800613,-23.1381747012,-51.5697693617,-24.5677679934,-9.4317889029,-12.6905910505,-17.254447253,-43.7791022352,-41.9537075992,-11.7038951339,-42.134760835,-27.1880012795,-40.1347112295,-41.2885664682,-31.157252013,-8.3936558803,-16.2258780625,-10.8263531761,-27.2997741141,-41.0951665564,-35.2090053258,-22.7596834756,-18.5776354859,-57.2243968272,-9.4709539386,-6.5322928762,-42.3683190387,-87.9461097922,-18.1053030572,-50.5452818238,-28.6105544442,-4.393323261,-12.014108393,-13.849210336,-12.8765228412,-16.9538358516,-27.3041798216,-9.3631773862,-33.2189486703,-27.4354198885,-36.6496918133,-44.154976657,-9.2744898346,-28.7700500668,-9.6102048626,-11.1191347011,-8.6575238274,-7.3460732924,-25.1208735425,-2.9759486845,-21.8118166543,-11.2733752441,-14.9252002302,-33.8110625114,-32.0095680987,-12.1281678343,-19.2093192265,-13.5392768639,-16.5810826871,-55.8865560862,-12.9521201108,-16.7180104685,-32.8231475609,-5.1575654033,-11.3241035073,-7.3096418066,-20.0596345818,-5.5564856319,-26.5089957902,-16.4973129221,-12.8515937441,-7.4993622311,-24.418663955,-27.8545111728,-13.1400112286,-43.0679767469,-4.638073726,-9.9941353832,-14.6890022761,-10.5154081587,-35.2246493302,-25.7010860315,9990.0113544351,-17.0735193594,-11.3078568441,-19.2382188044,-7.571633676,-34.3164402535,-10.1780189228,-15.46852535,-30.3820133401,-23.2191295498,-16.6534086105,-12.884828856,-12.6088734965,-20.908883973,-13.3122359708,-28.9752692952,-30.6560244304,-17.6368559787,-4.7366864062,-35.3777147041,-11.9555101,-12.1362327825,-15.4265420943,-4.5839477878,-83.850923335,-43.1453242142,-36.8809618545,-18.8318998248,-77.0335812454,-33.7790784251,-5.1373209158,-22.7529374381,-3.6556613953,-16.0304325209,-13.114275558,-41.195892313,-25.4561826619,-8.0595885771,-15.803584192,-6.2868293945,-14.9095919379,-17.4759720643,-18.0040012768,-38.037672461,-7.241313817,-37.4194894303,-22.7471763104,-36.7792445818,-20.5383125563,-34.3203520342,-24.3631212768,-7.5781107444,-3.6033362304,-56.0095012141,-3.5374107541,-30.4726454646,-37.5916575084,-51.791121147,-23.683153347,-27.72178776,-8.4430725562,-5.0160668703,-32.3174345428,-33.8806393506,-17.4268755719,-31.8176922444,-23.020309296,-27.3650537114,-8.8128314158,-10.1547238368,-12.1217481041,-14.7570721191,-56.3815605797,-18.764759566,-43.2062025644,-12.2085952034,-21.5043566891,-10.1045958417,-8.1583999304,-12.585670764,-13.5734347101,-24.1367628471,-36.8621288951,-29.5538378533,-28.6538677111,-8.9668692561,-12.8734006571,-8.7495259111,-34.3491325468,-16.3045783116,-34.538141059,-22.1502786419,-24.2456732792,-9.7969509329,-26.4262677089,-28.8000836206,-52.0350491709,-19.0902730485,-26.5739786723,-14.40113973,-44.0798940098,-33.8512390499,-17.7969341647,-29.2068968899,-5.310268548,-26.3842974863,-4.5583709958,-21.0805968184,-15.5110382791,-26.0954726263,-17.2455657658,-6.7687772071,-6.5551854813,-5.8190730369,-25.3562196081,-13.8465568914,-8.436356096,-10.1671613661,-13.565350342,-24.3929025941,-9.3674505349,-19.3517009888,-11.3547941389,-12.7741421058,-3.0742857899,-49.1967082384,-33.0471455538,-49.9043094161,-25.9966300204,-9.186491003,-14.7757482047,-22.9447585492,-8.7871481623,-8.9619494347,-24.2850567572,-3.8385090949,-20.9719063941,-5.231717366,-3.7153238667,-16.9329342852,-37.9434190274,-4.8165389993,-16.9283563773,-24.2717360453,-31.8340966203,-10.4774049952,-30.600694971,-63.5618989168,-22.1883183616,-53.0258782282,-32.1677305785,-39.9583650517,-21.3609948988,-4.6100804662,-13.3191655989,-10.8275433331,-12.8440867905,-67.0595565535,-29.7520733324,-6.8248764966,-18.6031354888,-16.1744574443,-6.8257207839,-21.3196993954,-32.5106088458,-9.700570456,-41.2735813149,-15.5968131273,-8.7804042542,-8.2376348417,-7.7961336528,-36.5754124788,-17.0065158934,-11.8453179492,-8.3284806401,-33.5336801418,-8.4996005979,-26.0399068326,-15.8572023074,-45.6005052996,-19.4316235535,-38.2803715183,-52.561736412,-55.0061188563,-36.1363732202,-3.6195119101,-6.9958812533,-7.2394517392,-7.8293580829,-26.4006748078,-8.438454617,-25.8447942782,-25.3134723122,-13.2169535402,-17.7627363075,-4.6274435081,-18.089939375,-21.7660187767,-6.7981952965,-15.5319146189,-24.8089151853,-10.4582113581,-57.7271375186,-11.0447621622,-13.1332649832,-9.2676251236,-20.3877578001,-20.5646173448,9971.0916428521,-9.8203438824,-10.9208582018,-21.6046230881,-30.4434573759,-46.3045896502,-15.4628388688,-6.1873878879,-20.2497180771,-27.6175152607,-23.6391187402,-25.6358530159,-39.2734725148,9991.1753800188,9994.4185997072,-24.0892164429,-11.1594881742,-15.8941764433,-15.7406677266,-33.4269899015,-3.2825998907,-75.6990428773,-21.7516504338,9971.9273501749,9991.9148106255,-7.8400090385,-11.2830897751,-63.6515827048,-12.5335222595,-74.8227854096,-44.7973386506,-13.8189569799,-6.7616052301,-21.1166366739,-12.5692380952,-37.5451698848,9940.0645655755,-9.0703809571,-4.0584251599,-10.306905233,-11.2532306113,9958.9517052413,-22.1647137861,-6.6445951556,-8.9391399553,-25.8949750248,-44.052735482,-15.4023275217,-4.1481238822,-26.7196590811,-2.8166361915,9988.5233228277,-20.8275052293,-5.5104591152,9984.3140750815,-6.7343028771,9956.934312372,-16.6448523256,-17.3608379962,-15.376328785,-4.972683137,-24.7140266826,-14.5548184368,-8.8365960493,9968.5972324592,-12.6992167763,9996.1947472753,-7.1472938853,-27.8818037402,-13.9673802952,-13.6916582379,-5.6964147894,-3.0689206462,-25.9771241602,-19.1394140964,-8.6289913048,-4.6287008212,9995.4943361689,9990.2346917977,-24.7934147471,-19.4343082325,-25.0893835165,-19.8267241627,-17.2260205749,-7.0584712704,-21.5317876113,-16.0413722739,-4.3851795234,9990.3665693788,-9.6834546331,-6.6976327122,-27.7727537796,-12.9821007848,-19.5473381294,-20.6573669853,-36.0594917619,-22.3118832208,-11.6253508124,-32.4808055017,-7.5222762929,-31.8954705475,-22.9359415674,-7.1376855166,-16.596555385,9987.8147098235,-16.7065167773,-27.1986894977,-5.819279964,-22.5556002731,9970.5571927873,-28.5977791023,-14.0452371413,-21.252756312,-11.7336772393,-14.7525120314,9972.0897941239,-19.609331648,-10.568902495,9990.5417315041,-21.7957063517,9962.5029243967,-32.8448838348,-14.1524117934,-19.0615442457,-5.0214059263,9986.9917445724,-73.0841814616,-12.4251848401,9990.471973929,9967.2128491374,-9.0926282698,9979.8733581859,-19.9793072543,-24.1395623416,9992.8988677644,9953.6187601316,-23.3114671073,-21.9082587944,-20.7544869764,-36.0721160908,-12.800380753,9962.1024665603,-37.4193262729,9983.3735933441,-7.1529732874,-10.5539019282,-11.6615485437,9991.6919287834,-4.1793819837,-25.5075851773,9965.3066232074,9976.0642755171,-20.9959132592,-16.5151923927,9994.3244901433,-9.4899579094,-43.5179694415,9987.5820083579,9994.0269565801,-20.105389014,-20.6587103132,-39.2934577499,-13.9144363776,9995.2304497987,9983.3930283791,9974.0142073797,-18.0688931538,-15.4910721288,-45.3555132761,-7.3674828915,-9.4076772251,-8.8725319409,-24.5439200746,9981.4486243083,9994.9971866436,-18.956876481,-26.2743219284,9946.834172631,9955.14106733,-12.8459885669,-32.0446972748,-21.2411458947,-12.759096549,-9.6124895268,9981.63382017,9983.6435304282,9977.4803533627,9990.2269726518,9994.2146217993,-7.7485664021,9992.3284857318,9976.5885710897,9990.4604405356,9985.6321109691,-24.8445246284,-16.3767901663,9977.6636265076,9989.130755939,9994.3068612956,-10.3533705794,-24.4396796093,9985.9698163653,9978.6148818872,-13.0120775702,-10.8093193146,9981.5524502285,9974.4409876685,9993.6429018174,-32.3839267792,-15.5867907376,-6.6180473046,-7.6722078796,9993.0277537026,9982.7569023484,9992.2521403069,9973.2029269686,-13.3644389466,9958.6041792891,9990.8898234158,9990.2613673492,-3.7028573757,-20.4269154157,9991.0732598851,9994.0750328782,-37.6593054626,9938.1429076143,9977.4962887594,-3.7566176563,9988.6686354883,-20.1529235578,9989.4923057096,-12.7836225219,-20.5844151957,9963.0113713814,-16.9873324105,9973.8879531408,-53.17962372,-11.6331185472,9992.1777125841,9984.8353595985,9955.8100885597,-24.4609888614,