{"seed":{"0":960703545},"gamma":{"0":0.25},"cost":{"0":63424.2360000001},"time":{"0":67.4296252728},"rewards":{"0":[-27.1714381696,-22.8868031468,-20.939172323,-21.2756242198,-15.4788851842,-39.2027803753,-8.7249596821,-29.1772855314,-42.5108577393,-2.6530298347,-17.1837214498,-58.1357784739,-26.5630169972,-19.0572887537,-15.9218629556,-12.8009786323,-4.3057267477,-64.8631733679,-5.0172756725,-26.9967701085,-77.2902120718,-28.5951218663,-28.9113338613,-6.5176277766,-61.4984885875,-38.2289110783,-19.6918747867,-19.5267697077,-68.1792092025,-8.835300088,-26.0224351241,-16.8515608333,-16.7712256924,-11.4677794215,-6.2544645736,-12.0023508271,-26.8746709254,-101.4051145591,-31.3396540779,-11.8140795167,-22.1593763134,-3.4611471018,-11.461606107,-11.9077232569,-28.3168286147,-20.405344486,-29.1631500063,-22.9823461126,-19.3173238946,-29.5897987246,-40.0352279787,-17.9011782723,-34.8698204199,-9.7462268538,-14.6683780551,-15.3335345907,-17.1175749595,-15.7488387677,-16.9156250205,-33.0548207911,-6.216760126,-40.1698961092,-19.816783885,-26.4711185448,-8.7215425924,-3.6193807434,-46.3040326121,-67.9200322215,-3.678208547,-30.3956207028,-6.6829483125,-29.2209008085,-47.836538389,-34.5440504964,-19.0847968808,-12.3979551061,-3.3790969792,-16.1640085261,-24.8822617655,-46.4108772508,-5.8545024057,-88.8252187646,-29.5133710421,-28.819854825,-52.9063502367,-6.85061252,-11.4755285974,-16.7123230317,-40.6814526603,-18.940693101,-9.7272665308,-31.3582336265,-3.3840755448,-30.9958749934,-11.8559919792,-4.4330843845,-16.4813375615,-57.1612064124,-45.1417710004,-13.7435797116,-8.2041981976,-13.6901930552,-11.7327094622,-13.6553701083,-17.4931270734,-26.8803549095,-3.8868777806,-26.2086293112,-24.0774568003,-53.6366122335,-45.3509175385,-46.0619045463,-27.7974616256,-11.8302817838,-24.6805494988,-26.3978757839,-12.6679128081,-17.8063622356,-58.4283257258,-38.4407538494,-6.4686078125,-33.5276020496,-4.5447154275,-13.1107684322,-26.3673538679,-8.9794222656,-67.235184679,-14.5761346546,-50.4693451641,-5.7562340645,-2.9254573289,-57.920437395,-53.8181278669,-56.0612994323,-16.1533760486,-17.7825032553,-5.3353636188,-3.7479151175,-18.1993112332,-16.5257042575,-39.3671868255,-53.6270054131,-26.8645814975,-46.091133357,-22.2124592496,-39.7388052191,-37.700391682,-52.0366434593,-36.7114507679,-17.8667207668,-11.4784753416,-21.0673985625,-38.1149471584,9966.9509975367,-8.8842629395,-37.2827105888,-8.7724804341,-28.9108115111,-31.0460829368,-63.9914353462,-9.7026763668,-15.9698892339,-10.6028116181,-45.4595408663,-15.7399255228,-3.0443494052,-44.8925212995,-21.6176003175,-35.4059447024,-16.8654311269,-13.0669429386,-14.2084717139,-16.7310920699,-31.124819926,-25.8244214226,-36.2365003239,-30.7784936059,-4.2523976734,-44.0667754895,-68.9786297929,-32.3528538258,-23.985588475,-30.5614915951,-18.0441374146,-28.5456796643,-22.1422258838,-7.1941280465,-33.5307409973,-41.7970039999,-21.2089645126,-28.9648957175,-7.5653975657,-26.0058572905,-60.8808806888,-24.3932758895,-62.8448614754,-13.1636543416,-34.0964353438,-34.7072384433,-28.3661676664,-3.1341274581,-26.7179239728,-20.6707081819,-40.4915169547,-19.2277506499,-33.4261781462,-24.5054595586,-9.3613756702,-18.870029978,-6.560889413,-86.7784991217,-10.1133073976,-21.5591698395,-8.3270700848,-35.5917998559,-90.3804413937,-62.8689067625,-51.9801450197,-13.8427308347,-30.6978939719,-63.9047006727,-36.2691798387,-13.4378932098,-34.5249969215,-10.9675941946,-29.5600222115,-16.9756145041,-74.2953255967,-13.5016269549,-55.9152920773,-53.7061919529,-16.2512025069,-16.073996177,-43.6559482827,-15.1154452025,-21.4453081871,-21.8687326405,-77.0222611601,-36.2424861307,-57.1703222678,-11.3237776929,-21.6815857032,-20.4461093498,-46.3897899661,-11.6206913529,-42.6285786148,-14.6274743389,-14.7977152511,-30.4231104429,-66.7056370657,-7.14257092,-12.8226217464,-10.4320849699,-34.5708983229,-39.00540024,-20.8407468339,-21.2904071441,-27.216060964,-22.7832755262,-14.5928263819,-11.6359179961,-28.650042487,-10.4789986903,-6.706568637,-15.4791840892,-42.467328552,-25.6074980859,-19.3311293781,-22.188967446,-81.2214559169,-32.640089061,-40.5184103803,-21.6635318991,-41.4090376546,-36.393019433,-45.6793586546,-18.2718537742,-3.6219105839,-11.3739293819,-29.6872556329,-8.5446062086,-50.3801392025,-38.1861888123,-99.7204682148,-64.8718102689,-13.7142222763,-24.6587161515,-43.0371213428,-22.571337437,-10.4768958534,-48.2219077592,-27.9039162534,-44.4787746527,-23.3655287576,-57.16660552,-40.7446779957,-21.9656892151,-14.1213939198,-16.6187791029,-21.919089886,-10.1333904292,-114.3776256826,-26.0452516441,-21.3292037052,-35.2054080621,-58.6722783454,-26.5838395764,-49.695771745,-17.3000845018,-24.3540161261,-19.9226368604,-31.8662940504,-15.0842087467,-20.4254320229,-18.4020542637,-17.5219116613,-17.1977805918,-17.2766805338,-5.9886206122,-21.0791469878,-28.7240871449,-22.5838041069,-5.7490056386,-19.176011223,-7.2063079703,-15.0876124931,-78.7300473818,-6.5961314172,-7.8188231963,-51.2032134361,-35.5952391103,-11.670377714,-9.8896757542,-28.4929331561,-30.2030922132,-32.0793192633,-9.0457168273,-9.688619872,-64.575840219,-22.3198359052,-45.6271533925,-15.3526093166,-10.5419230313,-32.9974001617,-26.797074158,-14.6507403901,-25.5788075147,-20.3964526473,-9.4672459561,9974.2368831248,-29.570062408,-19.0033645931,-33.8439641308,-36.6118600832,-21.5665929678,-52.4522811903,9973.1210554126,-13.8069624536,-32.2494449723,-47.0688720276,-73.1091816118,-37.6013280395,-49.3988270399,-54.3637024832,-73.239382011,-31.3232825569,-9.0688996551,-16.998933125,-26.0006185262,-63.6230386435,-27.2622603368,-17.8123796417,-10.5736497481,9960.6883619997,-4.2098061131,-34.7705386284,-5.5910848274,-23.2828748208,-15.4657284987,-15.3910873342,-30.2397801478,-24.8496963208,-27.5319595367,-63.5660299777,-25.6571838162,-10.7750422903,-53.0161005681,-24.9475667812,-25.947576829,-35.5260994791,-40.961280472,-13.8014819659,-96.2719122327,-26.533516666,-51.6302614951,-14.6642408628,-67.5054528014,-22.2602669237,-48.2394284675,-13.5043127247,-65.0043885895,-69.6055218121,-56.6351421088,-36.500414271,-30.3273111509,-52.2998254202,-25.9747221321,-9.6645127696,-18.2594443628,-78.8531024978,-8.5194066205,-8.6824545845,9937.4583270879,-11.7228162969,-21.4884909829,-28.6108755248,9951.4295945581,-27.8771360509,-31.4157854236,-13.7641744488,-12.5216484155,-37.5119152345,-7.7535855334,-20.5858928261,-47.0812335484,-9.1016180645,-76.264879433,-21.8150773869,-46.2402351869,-31.2413736301,-20.1153809498,-41.310105598,-14.0445796649,-12.1631958177,-13.2426199891,-3.5293850291,-39.6931849085,-20.1206941636,-42.6972606946,-78.7818882353,-5.7326509075,-22.8779824446,-49.9982609759,-13.1244450545,-74.6362521646,-23.1571837153,-40.4925714121,9977.6736507572,-29.7293105929,-40.6474364569,-8.6444436041,-27.9678415627,-108.457704378,-5.2952643015,-18.817608806,-33.3861994865,-18.9870928732,-39.5594461083,-15.7853580203,-6.0431218747,-38.4570947654,-20.5787055477,9974.6470062446,-45.2397580596,-66.9795098953,-66.960320194,-35.5885550681,9909.4634730885,-32.1231697961,-21.0787443648,-13.0742127696,-9.5181970892,9976.561860095,-12.5992703793,-32.9650566752,-75.7365096203,-17.9080353557,-18.324993148,-21.3231208233,-19.1611763707,-21.3086949803,-21.0199537007,-17.7673627598,-18.8244952025,-24.4615128988,-72.0392292071,-43.4013229834,-19.6915653468,-39.8674078449,-27.7348906656,-14.6258781851,-49.3317157702,-17.0530325817,9983.3393123347,-42.1725336388,-28.4200998379,-13.9844264558,-7.998197085,-24.5945972575,9979.3943154516,-61.4821144373,-29.3534955995,-46.0073204769,-12.1445747084,-32.8360929422,9953.8422942985,-25.4990306061,-19.4419722508,-8.8211833291,-18.5080089567,-35.7551715483,-118.8993218685,-45.0293639257,-74.7268259079,-74.7147760077,-22.2605816007,9969.4337677999,-22.9674147641,-65.2688492067,-25.4791648456,-11.2310154845,-38.6802718832,-51.8930343379,-28.12425757,-9.6298221519,-6.7452905975,-73.1417185824,-46.5892052355,-67.1214151728,-60.4680212571,-18.8886321375,-22.1746781501,-13.8848146432,