{"seed":{"0":358485174},"gamma":{"0":0.9},"cost":{"0":1722.601},"time":{"0":14.2213842869},"rewards":{"0":[-4.7636892731,-10.495569677,-14.0187424225,-11.1456708019,-37.8650417527,-21.8610291399,-37.5106470803,-8.1974923215,-13.6364287998,-12.8282080764,-21.161560534,-12.1910758805,-24.3075406476,-10.1159181583,-14.0197149765,-17.5909860341,-19.2770178708,-23.1892417653,-49.8029248621,-27.611358221,-12.8120967856,-11.6710213514,-9.3269232908,-9.9495399794,-35.1762859151,-53.7541073367,-20.3281939798,-26.4867875605,-50.8135008913,-12.6519972257,-24.7238160523,-38.8404642362,-7.8449612261,-30.2893153636,-13.4177829088,-28.6893302701,-29.4387373903,-74.0763475852,-30.302597526,-11.8943143794,-19.4086467681,-21.080650891,-12.9938737936,-35.4060339807,-18.9847511684,-25.10544483,-6.2559683068,-55.8606974645,-31.3150910343,-35.5967085767,-20.8080391602,-30.509294488,-4.4114779539,-35.7391581498,-41.2115289757,-15.3710043203,-33.2785512105,-17.3448780598,-19.5903879214,-10.1211451962,-41.0687972024,-24.4708137846,-9.1859339957,-16.796425542,-21.2635098961,-33.0395875574,-9.8784798356,-4.7375414164,-3.9789884984,-36.7816828007,-29.3383038061,-50.8895770414,-8.4904573677,-38.580345584,-5.1770785886,-9.3985171769,-24.7687843354,-32.8999182648,-25.8356497532,-10.0638148166,-10.0936562346,-40.8968555102,-35.8149203293,-44.8768610729,-35.7141784546,-33.6178633002,-27.7953524433,-13.1219106896,-58.0971502714,-20.8823407321,-30.0121925394,-31.280671907,-24.7955266732,-26.5643690224,-11.2425794827,-11.0363689848,-11.160133762,-15.3105514293,-23.0449838398,-29.9556485281,-41.0883657986,-12.408632609,-27.4358727158,-8.8412501992,-18.6788601515,-30.6177653764,-14.3841362713,-23.9831193294,-19.1157959096,-11.8887910878,-26.4840958084,-12.5156822328,-19.7161395126,-10.7333595934,-10.3132351319,-11.7208985918,-17.33912839,-3.5797130911,-8.9940139404,-8.1105070058,-23.4342647969,-17.5712148129,-18.493759073,-9.002411712,-5.509754523,-28.1113446534,-18.1437180204,-11.0458266164,-23.4016553959,-9.5817591251,-8.5106688409,-19.6188037394,-39.688398509,-10.5728546412,-21.9064099419,-7.9649887029,-2.9009929521,-5.3165705588,-10.2787996455,-11.2955564969,-16.1049095295,-9.371719537,-20.0087954475,-32.1338187614,-16.6407537083,-7.3085054468,-23.3213954331,-38.4337530331,-5.8679143122,-14.6961697506,-21.23261306,-64.8495669324,-17.6957769209,-5.5412620092,-15.999176515,-34.3641416815,-25.1519725521,-8.2495234848,-5.1694840715,-5.5936519185,-28.8982823753,-4.509169962,-25.249123562,-6.2673824967,-11.3910932041,-7.0205212685,-4.4220719158,-11.7058421544,-12.1901374915,-28.0849838907,-15.0684747921,-19.4335348774,-4.9454834385,-4.7332225796,-2.4704851692,-16.0454462702,-26.919988863,-9.1677904392,-13.5316634491,-74.777807885,-6.2668095371,-5.6760117818,-5.2601582541,-15.5244132631,-35.6129856984,-21.5028629558,-13.607231435,-17.0693563255,-12.482658898,-29.7836745679,-4.7690678527,-33.4676819807,-13.0723518745,-10.9250457371,-34.9958943708,-23.2189563228,-36.2749133082,-11.7497307061,-11.9854720043,-22.8832015498,-18.2747134446,-8.7080742542,-5.2126889632,-4.9057566431,-7.0615415078,-9.8492508802,-18.7307338095,-15.9942073736,-7.506871286,-14.5597304481,-22.5640422455,-5.8725998324,-25.719523116,-22.0913289721,-18.4652049795,-4.4049628753,-8.6011572728,-5.4355128649,-21.3388556869,-34.8131631423,-14.0794241616,-4.4195492008,-8.0098758689,-18.2258298565,-101.3196329903,-6.641804925,-29.9288011224,-14.973262626,-6.5633170642,-28.9489220887,-11.4156269454,-14.360904655,-46.5412420341,-10.9944741591,-23.6746655475,-5.1195963134,-9.2725420405,-17.7210641135,-3.8619840549,-8.2492996543,-16.5164329994,-6.9756938404,-27.4502497711,-6.7170487969,-8.5165179635,-8.3434879572,-9.4202447929,-28.697155913,-7.108070244,-28.8594670971,-8.9432127329,-10.0527543019,-8.0243286461,-6.7857885011,-19.8355768674,-3.5355364641,-8.3888151013,-7.2927527313,-2.6225938487,-44.7259370838,-30.2306145749,-7.3054474522,-10.6193528555,-32.7874360213,-3.4248915802,-23.2035892868,-73.7898124617,-7.9981132537,-5.3332093438,-2.6780409423,-16.3237505279,-24.3283706165,-5.3861095107,-36.6211764128,-15.1184952922,-23.5006868087,-12.9829203802,-17.9763923746,-5.2346440747,-37.8252270318,-10.8957186326,-28.6446785087,-5.4787633034,-9.3846055785,-18.3560704426,-17.2260856576,-16.6352891745,-41.4450025543,-17.0242867649,-5.7773666395,-26.1864344416,-13.4094935521,-3.5844660197,-12.0957126128,-26.1224445762,-3.5868430255,-18.7759027242,-16.1413491862,-13.4224347239,-13.2435526409,-6.4778146357,-26.6427269187,-14.363374243,-11.1634353328,-21.2613552255,-4.4368222495,-4.2935315363,9981.5900968883,-44.6547771178,-22.6347530646,-11.6421456756,-17.7617074077,-15.8090348614,-9.1573702991,-6.5796275732,-12.825044918,-20.8948878342,-9.7230556609,-23.3591904086,-6.5051791778,-6.2242059391,-7.5424359434,-32.4842239216,-37.0407749088,-31.9328561669,-46.4482920856,-3.1091481572,-13.9296859936,-14.0420326586,-9.4944394335,-28.3051063888,-19.059741766,-42.8082390147,9976.7037982444,-21.2623566412,-23.7624213567,-5.2599042734,-7.8211414174,-5.1518961964,-13.8715317834,-17.7463888193,-3.4495155958,-7.1255989991,-33.9484282621,-10.9506639234,-16.239500471,-8.6050737488,-84.7446511408,-38.7189989691,-3.8598448024,-39.1105744938,-14.6751735376,-6.3125015063,-7.7411713837,-4.6007550743,-27.2079436409,-7.7223731739,-7.6442841044,-5.5757801536,-4.9351835495,-27.8340187872,-5.306345663,-14.5771146852,-77.5553896021,-3.4648637321,-5.4561752843,-6.3096263142,-21.8160699205,-5.2727887174,-43.1230840511,-21.7083031309,-6.1405116815,9994.665133469,-12.8899101575,-3.4649350896,-2.8728415826,-33.3792226603,9971.8940045694,9978.5585614867,-33.3336510197,-9.8707978773,-6.0165013752,-30.4297607247,-5.530272469,-3.5373403397,-3.9484666504,-21.5791881509,-5.4276132426,-44.6616649744,-7.2991424684,-65.8323552702,-5.8341932507,-24.2740840768,-14.993106635,9967.9741185323,-25.6861587996,-17.8772491691,-8.647349492,9982.4243745353,-18.4159582142,-16.3289217853,-57.5336086076,-10.122438501,-12.7084095143,-11.0034218664,-11.381364169,-20.558866972,-4.1494467692,-14.0898806678,-17.2597282417,-12.4956620874,-13.7879984169,-16.7254210539,-18.2370882743,-20.0551549211,-3.8434125658,-4.6822366933,9971.7870721992,-43.8281298733,-12.8513289526,-16.0105446861,9973.0940728273,9966.578166914,-13.2295844112,-41.7071457163,-17.9160239383,-3.233592462,9978.3990880802,9946.6556413807,-4.0659645276,9962.0694191186,-57.6089007138,-11.1949966931,-7.9593305921,9964.7478040287,-10.1265683193,9992.6900464054,-42.7379498797,-6.3444405884,-20.4309645888,9992.952901316,-11.2076312913,-15.3773332728,-14.8200971563,-4.0688753811,-8.2969013783,-7.1897312783,-8.420488429,-22.5728506793,-3.8877284993,-4.5546928239,-13.3264097209,-15.9508150101,9994.3007755345,-48.0433134231,9984.5196724071,9991.3010840039,-6.836961739,9992.8504350996,-11.7293104625,-25.8642096663,-4.9272558195,9987.3937664422,-3.6929059449,-10.7402798166,-19.1136080183,-16.7657320743,-5.2782765024,-6.3075302143,-19.9871620032,9990.1822766002,-5.9133825205,-10.5220275212,9978.3492592761,9988.7644790517,-4.4055929438,-27.0538866815,-11.4887058605,-4.0430230852,-4.5160206083,-13.351420581,-13.3849181482,9985.0633916916,-43.4937953608,9985.1787923819,-26.176783485,-20.3386373139,-6.3495616702,-5.8491860949,9987.5369790367,9991.8379523071,9991.7241445115,9962.4804041238,-4.1406118362,-8.5277200128,-6.1774140372,9985.3415048163,9983.9699543877,-7.3636333041,-8.3584311923,-11.8507022971,9979.645160141,9985.5913140537,9991.9835375541,9980.577894737,9960.1006495572,-15.2241641837,9980.8113674728,-9.6712702693,9985.4634193777,9991.0634505442,9984.9674424702,9979.8763086997,9985.9378951305,9974.5193648685,9975.3607158802,9977.898084322,9995.0995644924,-2.5421390369,9974.4312352039,9989.8798673272,-4.5171061849,9986.3031325282,9978.8019088979,9993.6199662184,-8.1917063529,9976.1058836662,9973.2908458985,9944.8155678155,9969.3922165297,9983.7209752396,9982.4836635019,-2.6363721712,9981.9208300858,9987.5608300492,9991.1487116274,