{"seed":{"0":2125204119},"gamma":{"0":0.99},"cost":{"0":1712.931},"time":{"0":17.5629966259},"rewards":{"0":[-20.0145459307,-8.9830917966,-8.3762261336,-11.266210709,-45.805354675,-11.3761873754,-12.1216300423,-11.3145892338,-3.5773281696,9981.7932809073,-11.5860037358,-12.9939997283,-10.8266018068,-17.057692485,-14.5207933033,-13.7563307032,-40.407724277,-68.0291903765,-6.5987273779,-30.8642527084,-15.1252877173,-33.915327159,-75.7938821609,-10.1721086143,-12.8015583807,-12.4704361482,-11.6102330002,-8.5807350288,-4.4790043804,-18.1258181552,-4.9025575648,-5.9970226499,-11.1884584772,-27.5765886598,-6.7540182084,-31.6163936216,-28.6913755204,-10.1021489812,-13.0008963961,-26.0177209051,-23.124444239,-16.4497380729,-36.428173822,-22.5498339567,-5.2566780487,-79.7895779852,-25.9413752056,-21.1226598487,-40.84024939,-16.2646763699,-39.2683093093,-33.5257151098,-26.0872355893,-40.5629719391,-39.1806349387,-12.9738477853,-8.8644527578,-26.836413032,-6.7654418395,-9.2348406538,-11.4416276124,-22.7080245094,-11.4504446617,-42.5083421167,-13.4921887084,-10.2714085254,-45.2095009498,-9.6947849354,-49.5097730692,-19.2703299364,9985.2136011064,-8.5919526537,-5.6717925639,-13.5471590973,-14.7822712084,-18.2203863233,-30.9533666959,-65.686666889,-56.0030741229,-49.3359922063,-27.8992019202,-56.8134510733,-30.6094082065,-8.3023394249,-14.7365968968,-20.8468997856,-97.4225213843,-7.2461564376,-47.6132535909,-9.3641991901,-8.288802206,-50.9889344239,-46.9648581647,-4.1590550612,-16.8688898844,-34.6869087088,-101.202366506,-10.0906556762,-6.4678681985,-29.2407181406,-21.4422487157,-30.5874321222,-16.0434446205,-9.328673074,-74.6851375169,-25.1844295746,-5.4595841854,-27.7571474043,-5.1819747353,-2.8521781365,-20.1901319948,-83.6012702365,-12.9225761955,-3.0153274822,-13.0124906087,-68.6985137689,-27.5903615182,-61.6146226797,-36.4160259963,-7.6700870829,-25.8484731964,-11.1885411625,-80.5407429575,-24.1796927827,-9.1415066016,-12.0608208707,-19.4738031766,-32.5397694732,-9.7827758521,-39.3832714135,-47.8075130046,-2.5043021643,-104.2774862365,-28.5782714128,-45.2078339236,-79.5316763088,-86.2760067864,-28.7548800676,9930.9743732726,-18.9979970222,-21.4674190058,-10.6625176062,-46.3007652504,-65.7966324514,-21.7926692584,-37.4606639426,-21.7065649621,-13.0050713973,-36.6363333759,-17.2763223374,-47.1746686419,-21.6389996038,-17.7302973203,-23.3830741614,-21.9439071166,-21.2816666854,-23.9237032072,-86.7326259105,-12.0691360136,-23.9703276181,-9.7911116621,-36.5329085058,-67.7358813388,-22.6199243087,-3.0283018137,-43.1559209352,-16.8138426872,-18.3700867547,-26.7539643028,-46.0811489926,-54.4891579956,9947.350370321,-58.9412867775,-22.8523611889,-21.7426478908,-15.5540452591,-45.6602829102,-23.4599105789,-14.0232031408,-28.4786267402,-25.9776459533,-12.0871005616,-59.9517162362,-27.4424135069,-28.4861654691,-33.8720112807,-8.7055082278,-30.9585439881,-51.1336266924,-40.2672040895,-14.0908713506,-34.1225109477,-20.7182824193,-32.066921019,-94.7072109091,-37.0181609176,-21.8138154748,-13.0002979805,-5.2971862108,-23.1362314364,-8.7063687296,-15.2436980451,-56.8135996965,-5.8893039744,-48.956818665,-14.6785138455,-17.2248219503,-57.2397368634,-50.3151699731,-29.0514678637,-115.8051051241,-12.5341554413,-27.4445640364,-56.7027532204,-6.6670132826,-3.7825419375,-13.7078131055,-43.4988645501,-11.1780492608,-32.5326333164,-23.2690164527,-12.7480602708,-27.4347455297,-27.4583744719,-74.9794425919,-29.062546704,-34.2927061678,-20.6925526026,-21.6484304799,9989.956419445,-7.6713727423,-14.8827838792,-15.1584651531,-26.6278554145,-18.3658628743,-41.9260679275,-4.2558707832,-7.5450212516,-15.1877006058,-11.822874956,-22.5726739527,-11.4958801739,-71.1113855801,-11.807186484,-29.7273250729,-8.6457340835,-6.1004331522,-10.5427830954,-29.528743339,-18.003452972,-36.6148332798,-19.5921960498,-8.3870420906,-11.0728410337,-23.1721142936,-32.9330113765,-36.9426948479,-18.907931419,-35.2469022335,-20.2310543609,-40.7366273509,-17.8497749842,9977.985981433,-25.7207780082,-32.6928671629,-27.7445850042,-25.7672262587,-24.6953223372,-32.4530974998,-4.6800848745,-44.6548436679,-29.1431679217,9984.3396842795,-8.1410672631,-7.9064018537,-45.4127544486,-24.0401180009,-35.5313598485,-54.4409910619,-28.7349927729,-20.1260690212,-7.8701834313,-26.7704102181,-11.6638520361,-11.8676700518,-16.0606896382,-16.2355921266,9968.3095318912,-80.4313282469,-19.4770176569,-47.0451391779,9921.0601805975,-54.4679695288,-34.6660808969,-70.7568238509,-3.9695625768,-15.7980787612,-21.2386244584,9963.909637897,-30.0926701139,-28.3702323948,-22.9087533785,9963.3303448327,-18.4877848204,-22.5181421513,-10.267309781,-19.5553566572,9981.9693238509,-10.2178041995,-18.8672771079,-8.2440881655,-33.1628001253,-18.2429598962,-39.5277940949,-68.9777506001,-23.0902564006,-11.7204027889,-35.5081352973,-33.4862877543,-19.1056849077,-50.3849455306,-15.4283788964,-16.4743287135,-28.277083715,-48.0831894338,-6.998923503,-50.3747614933,-42.0737236336,-30.2220762032,-40.3457575385,-9.4609751363,-37.9225073695,-28.4802508319,-11.2024474091,-43.1142448369,-43.919636627,-23.6053204921,-47.6964030038,-16.1331335964,-3.4683961167,-26.7124062492,-21.8200465666,-21.1317343727,-29.0147509226,-22.9562032083,-18.6040756989,-22.4401293243,-31.2053256282,-12.3625058486,-30.168705048,-5.4386148145,-57.9113189261,9967.6322055367,-69.3865112615,9966.3504628025,-21.3675437164,9992.4453453621,9989.908855542,9986.2557828409,-20.8071238306,9985.1321692983,9958.2940434418,9964.8272186392,9956.9543556634,9971.5080446895,-38.5878304716,-12.8631946688,-22.8175323694,-21.0375496205,-34.2760163253,-8.4261223671,9980.3923152518,-10.2754227953,-14.0392322266,9980.8532488043,-20.6548059751,-13.0622731665,9962.0523226519,-35.6067013951,-9.8478777286,-11.1550299024,-28.2790615417,-33.4444296874,-7.1178774692,9970.7542913728,-45.6350556647,9963.7127655004,9972.4082763262,-26.4394779492,-23.4814916564,-44.1227539039,9985.3937476137,9982.9778694305,9963.9042138024,-10.6269537411,-11.5957123564,9979.2505303994,-13.5694046771,9977.3068650152,-20.0239385903,9994.4177745778,9978.1089820608,-11.3057597533,9984.4558688987,-29.168065224,-17.5111488962,-12.3215253167,9992.9441229531,9982.4453634731,9978.2931820956,9965.6991225947,-26.4678229543,9971.2392793033,-17.0178872252,-27.5739569035,-33.4671130096,-7.4087759406,9978.602195566,-6.5781926798,9987.3474316141,-16.1694448094,-3.9148835476,-16.4891129402,9979.5538697235,-31.0468671891,9983.7668803638,-25.4020496356,-29.8285055856,-30.4602421045,9965.1472743081,9943.1139722667,-22.4254103315,9980.5827569377,-16.5565320842,9984.1677393536,9961.64275099,9989.3605392735,9988.6674480685,9925.5270296702,-19.1744251185,-32.0878847626,9975.7170121985,9970.7386542605,9986.0067018107,9972.6796241961,-14.7247580985,9989.6092983923,-7.9010174696,9963.3047811318,9976.8307411051,-3.9017858728,-14.6256686766,9984.1240170089,9986.1284563099,9966.5274052475,9979.0938824502,9989.1623791891,-20.1643048831,9975.8404913613,9966.1692946512,9979.4809808362,9974.2169138088,-16.9162568233,9986.7228035278,9972.5121118235,9970.2191314075,9973.533551559,9974.9552787386,9979.451581357,-8.3034711387,-5.3539231005,-8.9376096349,9982.4495979142,-4.8740992052,-23.7208013848,-24.3072082729,9958.4375248833,9977.0211888605,-19.3821454964,9994.9699390021,9954.0416639674,9986.0877948066,9988.3487276657,9984.0033100603,9971.2494574481,9991.6034582887,9988.7325872353,-20.2727063674,9979.9962550011,9984.3805318771,9991.99701263,-10.1649122172,-44.3049298297,-4.3987538039,9967.1528311425,9990.0691923,9987.3183957463,9977.7045474532,9964.3974823137,9932.1178984622,9989.6720711568,9974.7324460992,9980.0207694709,-45.5889845687,9996.6211686652,9978.7344983296,-34.2830832051,9981.0217664807,9978.2901376592,9970.3036757776,9995.1060649296,9990.0468337968,9979.2462782542,9991.8495799289,-24.6295064065,9970.2697124752,9965.8730302418,9974.1208931169,9963.3737492414,9967.9921544124,9974.6151799605,9987.3899083397,9988.7744374449,-34.2076048337,9994.1342111834,