{"seed":{"0":2041095833},"gamma":{"0":0.99},"cost":{"0":null},"time":{"0":9.3742036819},"rewards":{"0":[-81.3215411607,-16.1239887286,-46.2214729236,-5.1737283072,-52.4799541782,-22.3613036802,-43.1930989777,-14.1435708537,-8.7799660514,-42.8201653465,-19.0420622271,-74.0328502629,-12.8652854189,-6.357884994,-25.430036574,-39.7739251646,-105.4889217027,-64.2508850471,-6.6111831596,-55.569560146,-22.7833686743,-8.1224532639,-8.7929855127,-18.06309951,-11.3993201966,-13.8010966299,-19.2211718809,-24.943536087,-33.4521984959,-10.5731592069,-57.4180803124,-25.4893239415,-13.2684278073,-18.0176463305,-21.8904023259,-9.4940039068,-28.4333114948,-17.1469421866,-29.8609368701,-16.8531223244,-5.5920312077,-42.807721555,-8.1058424057,-52.2124268723,-34.2355220435,-54.2933270184,-27.6069663024,-25.2726389837,-5.4457507114,-13.4057153023,-27.2050351605,-16.3155234783,-5.1673147964,-22.5843001648,-8.2032260918,-14.0603851853,-16.7733654581,-10.6023927444,-11.5943421069,-13.3498451338,-12.315248391,-54.819895257,-53.4356496146,-13.5720404563,-18.9975369594,-6.2782966101,-32.2016873799,-21.8829713796,-21.2366688089,-36.3254076464,-54.5934278358,-7.3574031265,-10.192558526,-51.265549885,-9.900321998,-21.2912017112,-18.0054728183,-19.7028442962,-5.1455766451,-21.2267153541,-18.5249425478,-20.6321560687,-35.1253209667,-12.993707687,-24.296907874,-15.0104305453,-13.731076889,-21.6878461569,-5.7199573185,-27.570764482,-13.729582062,-79.3664488148,-18.9965329597,-7.3792168914,-33.9378736242,-25.6309791004,-10.9007189108,-20.2755666988,-19.7109667332,-26.6308554028,-63.7231470088,-25.7519809112,-15.6881635129,-6.6777609399,-7.3354641797,-21.7999160135,-5.4281279937,-44.3297697654,-13.032214599,-9.3112818053,-4.8645244257,-23.9845166667,-4.8818948181,-9.5952555821,-7.0460177573,-40.7630474855,-7.1860706821,-12.5549757582,-55.5442486102,-26.2774699699,-13.1843154539,-33.2615597676,-30.0086302252,-12.4656455889,-16.6776524202,-20.1169927237,-17.9694409639,-19.8641105637,-6.7300088401,-16.6682462351,-5.4717705789,-12.0047932241,-3.5494206873,-19.810593261,-12.1495438869,-6.2090476113,-23.3357261635,-42.1736611329,-9.9533484031,-15.5213630915,-6.8475201254,-8.7145021691,-7.5397513109,-8.6974554395,-9.8977609913,-9.229046588,-6.9946844069,-5.2895702073,-28.420937822,-9.1387164281,-9.8067466398,-7.0087199087,-12.9016398185,-7.1832480705,-31.8383986915,-20.8672770598,-4.9664271246,-10.2118572615,-12.7447323152,-23.7491050811,-21.2137959575,-14.1630615514,-8.3315144153,-23.9662575481,-9.2606934557,-7.2303808174,-2.6505442592,-21.9957783242,-4.9818101973,-8.4090013244,-8.8674286699,-10.9102683828,-16.944881098,-4.2900920364,-6.8228569776,-9.569500013,-6.2087563339,-8.497784952,-18.8139960268,-6.6520813682,-7.2084552095,-25.1311842409,-12.1117731509,-11.9696836299,-2.6822915839,-6.9843450075,-6.8156347124,-6.8610819751,-19.7362936879,-9.3923864878,-12.6045572804,-5.4422915827,-8.3507180209,-9.8816138058,-24.4106512204,-35.9152546598,-4.9461926335,-4.9267108177,-15.6446021182,-7.2423996544,-9.1489021779,-6.988812143,-3.3798543848,-9.9949351822,-68.5178828329,-4.9555627527,-4.9809732374,-21.9322210099,-6.3329815459,-7.255339594,-5.6866884303,-7.2599794898,-4.8535136947,-5.3400447767,-16.9978365891,-23.0293174317,-17.9770977724,-7.3944127409,-8.4320457629,-9.9756806104,-8.1683603813,-9.9693098794,-7.6512639821,-5.895576249,-9.1810627729,-4.4467074182,-6.888194194,-12.3230440388,-7.3395778137,-6.4608345729,-6.3590962657,-6.3385857375,-16.6023579182,-14.6488167782,-9.1969344439,-17.207690369,-6.97938277,-5.8634029791,-11.4006506439,-9.1420904659,-26.2837803713,-7.2473934504,-15.6349353124,-10.820097765,-11.8808162846,-5.4456732484,-5.8458384339,-3.3403775342,-4.9304130629,-4.7486321242,-14.6092086152,-4.8190504032,-3.9368033664,-13.8046466747,-5.6320345019,-8.2560015147,-22.2153355683,-3.7375141805,-5.1297122523,-15.6885169281,-4.6233047456,-3.4664372676,-4.9081103796,-7.612039541,-3.6794555616,-4.7795805698,-5.6457859512,-3.7317693793,-7.8573178182,-11.2030096092,-4.751429787,-3.3527154488,-30.8401973583,-4.2989934644,-16.5069659361,-9.2352091502,-4.6817739548,-3.661890421,-12.3069846735,-7.3781599921,-13.1182445365,-11.4715593377,-5.3554193755,-5.4432703743,-8.1287828308,-16.6700562419,-5.7970565028,-11.8193570639,-8.8794177622,-7.3067944194,-13.4348867695,-8.8772125352,-7.7023313126,-14.8578514563,-4.6514095174,-4.5060225906,-4.3340417,-3.9998401343,-6.2204852679,-8.0324491873,-8.410243329,-11.7871938411,-14.7759810344,-5.8758828771,-3.1993136499,-7.0216123127,-5.5616470816,-4.7072341164,-8.8116215563,-7.9573122121,-11.0447287379,-5.2104618621,-4.0586533095,-4.8609015032,-6.7116568929,-2.7530304393,-13.3356021779,-6.2550108834,-10.7862347465,-3.7003271559,-8.7659628332,-17.8180443988,-8.9493671044,-10.1586081067,-6.6268980744,-2.9635318237,-11.970252365,-3.0734461992,-4.2670466167,-6.5250338974,-9.4286667626,-3.7896597786,-6.1849289752,-7.6696373641,-3.3703747792,-5.9279271672,-10.276198231,-5.6872010452,-6.4507675175,-7.1301859628,-14.5476401302,-5.0470900701,-8.9916209674,-11.6260377533,-10.0025781895,-5.4806354434,-6.1863210605,-8.006671334,-6.6266298698,-7.0553797582,-5.89143778,-5.4402031111,-13.0941181444,-14.7936441541,-3.6430845599,-7.8444033715,-4.2901547195,-4.9090044427,-6.9896262428,-4.8867805316,-3.5339408534,-4.7045451859,-7.2205018829,-13.8166919355,-4.1159172677,-8.6731429228,-4.0597091009,-6.6201034821,-2.9684074879,-9.0863772795,-3.4221453277,-5.9412836558,-3.2487351671,-4.2606565667,-9.0128824823,-5.5332425417,-3.3772083933,-5.1948564231,-5.579138089,-3.7797109139,-9.8631668405,-5.0091131426,-8.5690707079,-4.8437408807,-6.2523370206,-5.7016451848,-3.0271084586,-5.2325316287,-5.4207846441,-2.9645103525,-3.6223698732,-2.0211932167,-20.33917172,-10.466685946,-8.2148715774,-2.9932127582,-3.8320271352,-5.513776722,-2.5211694136,-4.1029600406,-9.8296595763,-5.6251972896,-3.9356281909,-7.3208239651,-6.3755215587,-6.117677072,-5.9485259605,-5.4498710461,-2.1636810979,-10.3970781999,-4.6428915687,-3.0707050635,-4.5458542155,-3.3474452846,-5.2541339758,-5.4484361785,-3.2848155767,-4.1245195145,-5.0551506149,-7.1137103084,-3.0406974723,-4.1890001619,-5.6786243628,-7.3856639986,-5.5744825387,-4.7745383384,-6.2857463804,-3.8155152084,-5.505216806,-5.2245591667,-4.1065712899,-5.9670389914,-7.2171426639,-4.0299798344,-12.2699615107,-12.9419368936,-4.1326933022,-2.126218742,-4.0249689382,-8.1568336899,-7.3220021591,-5.5482331427,-8.1523530411,-3.0854045513,-5.3907014379,-6.5675850044,-7.5164483011,-4.5391156997,-4.4143012306,-5.0034719493,-5.8252843298,-5.3466571074,-4.2413761556,-3.365417674,-6.3956435159,-3.413342639,-6.8884557682,-3.5005637578,-2.7070898066,-1.9927861656,-3.3440121594,-3.8331902396,-7.909659864,-3.9511694399,-7.6066796136,-5.8232652532,-5.4067776545,-4.3487064347,-4.045524458,-6.4214979441,-6.7631165177,-6.2054159093,-5.1996735924,-5.9843761702,-4.4568755299,-3.3287773765,-4.2365387217,-2.4986003868,-3.9361670304,-12.7420290463,-5.2348784345,-6.0609238466,-4.686908721,-11.3388032367,-7.2647562843,-6.8154140361,-4.1236999299,-3.5269481014,-6.7218763333,-6.5154914832,-5.7259977905,-7.8515593324,-3.275830823,-3.4952628404,-3.2028217311,-6.506957469,-4.9371190837,-3.3437597402,-3.851712903,-3.8180835784,-3.8937122999,-7.2064993745,-2.9628051825,-8.9707364814,-2.9733067193,-3.410412698,-4.2686014318,-8.3260558677,-3.317178988,-4.6221532002,-3.8811876225,-3.6956358391,-2.5605932082,-4.6951583083,-5.6368620595,-3.2947841234,-5.3486630161,-8.0031164924,-4.471335334,-3.9748495719,-10.2839746122,-7.0519333036,-3.1197359452,-4.6295521532,-5.0870587907,-3.9725360371,-4.9849811742,-4.8102572671,-2.9813636003,-5.09513415,-3.5903049616,-4.6944149524,-4.9774682833,-2.3896984266,-3.9423576416,-3.7272264439,-5.0179534372,-11.6946967545,-3.8090915247,-5.63652122,-5.1100753324,-3.1482528444,-4.7604537276,-3.2307508233,-2.7846401171,-3.7695720593,-3.0793854435,-5.0037035602,-3.1498674353,-4.423717688,-3.3951892108,-3.0727835867,-2.5525769158,-4.0609366791,-4.9008612081,