{"seed":{"0":2041095833},"gamma":{"0":0.9},"cost":{"0":1712.931},"time":{"0":16.5058243275},"rewards":{"0":[-81.3215411607,-16.1239887286,-46.2214729236,-5.1737283072,-52.4799541782,-99.8332573026,-47.6476746735,-25.0119191117,-7.8693575022,-86.0105545908,-14.4905922121,-38.4560680943,-22.3743646727,-8.9493288879,-13.4362577223,-76.2550174522,-14.0403643384,-6.248481883,-68.4340809601,-9.7648820382,-18.1154883018,-8.5114532623,-44.6873696817,-32.137978757,-27.4628512796,-57.1428149446,-31.5432386066,-21.9020055343,-45.6864102868,-7.9533873956,-22.2925788422,-10.0456288071,-21.6783153499,-54.3762843537,-37.058237555,-19.1137295462,-38.1500804247,-12.3342199819,-65.6751673402,-23.9674571027,-8.863014583,-8.9101389142,-25.9827629309,-8.8732861088,-7.6362011421,-14.7118705144,-45.0882981388,-16.8529322263,-21.4531193459,-12.6186222945,-25.3156550306,-39.9156694426,-10.8257601359,-18.366938398,-20.4721668962,-17.365794585,-9.6431660169,-7.8804785158,-13.2334180603,-4.887785444,-19.0312914806,-11.5096721441,-47.8430954208,-16.3532921338,-61.5760856396,-19.4040218859,-4.3542064122,-12.4668275244,-17.0875565725,-44.5772107706,-128.8671178728,-50.3132232184,-9.6098171663,-12.2187095291,-2.3438940729,-22.5796113171,-33.596059884,-32.0133007495,-11.8519829409,-23.2343370059,-23.4212554074,-5.9663826359,-6.5657474272,-33.7869963749,-50.234458521,-25.7362560443,-8.0280843105,-33.7166716437,-8.0681918357,-21.2926930961,-14.6114240479,-6.959236955,-14.8854330889,-30.7942674652,9949.3298865098,-57.3862983183,-16.1860416617,-36.0778192399,-22.778885981,-16.6947739497,-18.5543073952,-5.0578945674,-30.3219575377,-22.634969606,-10.0344016389,-6.9624132382,-9.0816704745,-13.0780220248,-15.6786936036,-11.4479237553,-6.452104635,-18.4045622595,-15.5868692629,-23.5453520422,-5.0154049398,-4.4594392236,-17.4381519676,-41.5047887467,-13.7807625768,-6.6864659865,-20.8233980278,-12.1519677092,-42.6554328148,-6.3623515623,-7.8513396542,-7.3060725089,-15.1045403986,-5.9563093981,-84.5028743016,-16.7959194096,-42.9700768289,-58.6248302558,-14.589121005,-10.0105257534,-14.9885912207,-11.1885493183,-53.3869615129,-16.7260543827,-23.4069708641,-4.8112975582,-12.4312780295,-26.1647970049,-5.822048724,-5.127760155,-33.0819084709,-57.4422939981,-36.0427202826,-11.6938493928,-8.5698349581,-24.9864312455,-21.9137160176,-7.2837109371,-8.6242038159,-12.6608011222,-22.2222919673,-28.7501511907,-12.8218030325,-32.3591283257,-6.266230069,-28.5441812667,-10.6088360239,-14.8222562246,-30.9745274041,-13.0404031912,-14.1384445815,-30.3752560939,-35.3551252947,-17.0933994258,-6.9734208721,-5.2706370411,-5.055901961,-20.1783963859,-15.4854613019,-11.140514098,-13.8635112088,-31.9180560446,-9.0036105635,-20.1688311438,-19.8194048167,-11.1604865604,-8.7254032812,-16.260425646,-4.263830342,-7.5377632189,-8.7879537475,-13.0403947303,-15.721999651,-38.1720301412,-14.7407604171,-24.8830428229,-68.5356987758,-17.4981462737,-9.5576251761,-6.7209667868,-27.2035002163,-28.7155871192,-7.7026979522,-19.0195385007,-7.1734410486,-27.4576911242,-15.8285725428,-25.6804647534,-16.4138457842,-23.8863298734,-15.1115657677,-5.2544500327,-6.4553883036,-32.2638649751,-7.3516652799,-6.2729969212,-25.2327065076,-7.2271989011,-4.1091623193,-86.669842222,-16.9110011982,-8.3766067888,-30.5449074916,-16.3970903376,-24.92259708,-4.6631593015,-17.9963661018,-16.609704057,-18.8069748904,-19.0752372467,-4.0336767065,-8.0162051366,-26.9817164697,-10.0935501913,-6.2948885413,-24.6613593755,-3.7375797453,-8.5357312441,-11.061598851,-26.1249978778,-62.3517674545,-30.0853510892,-26.6217466055,-30.6676938552,9950.6239949822,-25.0362192171,-42.8224735031,-36.7290327455,-12.6282750268,-58.1810925992,-11.8349049067,-7.9364141297,-22.6357044973,9994.3477403965,-6.9940709284,-5.3697162422,-28.6377496338,-13.7595977811,-7.4765134492,-5.0789831676,-18.2250124333,-8.6787535013,-21.1135165161,-16.4705080717,-49.2414884251,-7.3122258177,-35.3460179165,-13.9316127005,-5.7341557805,-5.5334781408,-23.2156914684,-8.2376222258,-5.3650273997,-6.7143732092,-17.7047757868,-19.6422675694,-10.7747097514,-40.3161431882,-27.078458037,-22.6817428671,-27.2892432637,-32.3026229056,-9.4906768158,-4.1752841623,-39.0723771677,-23.7966054084,-4.7727789836,-28.1805465808,-15.2013092534,-29.653001585,-3.7285789441,-16.954041931,-46.9139894316,-25.1792023574,9986.5550135362,-14.6288738033,-17.6239154358,-39.1992943759,-11.9288927307,-8.5494623069,-70.8649124714,-10.2241703272,-27.9828466386,-22.90520622,-9.3232850523,-28.5242480543,-18.3755989017,-28.177074878,-6.0159415763,-11.3257309173,-6.9657844472,-31.3114357693,-16.9373575357,-39.9676036595,-51.2914661069,-22.2640957118,-15.8231583556,-6.5077973629,-16.5754139565,-7.8482864424,-25.5821413367,9990.3899134101,-14.9017715084,9983.6262758787,-14.2227100178,-52.919835324,-21.7354489557,-16.3108710178,-35.5212780519,-4.5068372987,-11.8958448936,-50.5135629313,-32.9872554661,-17.3790553739,-4.4839062904,-94.3909768006,-24.9980780433,-71.7215811973,-24.967103273,-8.5302537729,-11.2924434007,-34.5566306754,-33.4943919062,-33.4347148816,-28.4201993896,-21.3888185367,-31.438616683,-25.7407566675,-24.0527470501,-31.1750609859,-21.0906897478,-3.2592137055,-15.8834164922,-17.6893946403,9992.2580700027,-12.5803113556,-3.9530052928,-24.329250024,-48.7540880305,-19.254878767,-24.5657614482,9989.4608254193,-63.2273673135,-25.7698237854,9985.7429559069,9950.0589955196,-26.6741039971,9992.1459673183,9983.1000084488,-3.8199294844,-15.191154903,-36.5373039433,-30.0719176602,-17.2675869486,-17.4125519913,-3.3607710125,-7.5345100737,-10.8027967814,-27.4002098343,-3.7810732299,-9.9694066295,9992.1438722418,-11.6924661831,-64.7169008008,-42.3224603828,-24.6113881389,-4.058270591,-13.7552113806,9974.2885861923,9992.9255186301,-9.1130825162,-44.8387718996,-37.1692648505,-12.4826550567,9993.1747338786,-43.163021385,-18.1580800646,-15.0230291897,-18.8211007919,-15.7354222642,-42.9140796588,-5.9332225009,-11.5109025747,-10.5007234102,-26.0556932936,-31.0858787002,9969.9776905063,-19.3494367602,9996.8139041838,-6.3941978805,-14.110990645,-15.5770122991,-24.8112390839,-37.218960378,-59.7821839086,-6.5238529476,-20.1857717459,-10.5186072425,-8.1801073515,-8.8353309223,-19.6855629435,9977.9599209778,-48.4880086762,9987.9199602119,-30.032466779,-13.7565990807,-27.9206943089,-10.4552246208,-16.8465264258,-9.4108839486,9989.2084635579,-4.2274385214,-18.703139308,-48.6353887374,-24.5830086076,-70.8619605367,9964.0552025099,-14.0133783895,-27.6879544656,-14.2857776619,-12.9795609534,-28.9699458765,9991.3591245537,9981.427091297,9992.6749506634,9965.376443502,-17.9047475658,-10.1474609489,-8.9912232796,-14.9233734185,-26.136979438,-13.4969896645,9974.7129139686,9982.4530435531,9977.1334097818,9983.9636326958,-28.0075697702,-6.9122585094,9976.381097914,-12.2750598724,-4.6843417411,-63.1447080778,-19.2458956254,9972.138057176,9980.0637620549,-17.4968201891,9989.3421652519,-8.2682647658,9983.0654172676,9931.8596434775,9964.2858401049,9940.8036712551,-9.6632659356,-7.3648814455,9990.5837266439,9995.1538166837,9981.5327299854,9991.6993932094,-19.7944201552,-35.3240699368,9979.453376623,-12.2551783754,-7.7478924924,-23.7072783899,9979.8923272281,-3.3828605149,-3.2467870147,9981.5019901839,9985.7269032416,9994.2438827989,9991.7400732934,-5.8108744653,9983.0140714791,-35.7338832306,9953.0260754765,-16.6761386945,9985.5519875634,9992.4051768917,9976.5177426372,9991.2119273459,9974.4590827892,-24.4511408972,9991.495216866,9984.3560667432,9984.9447807008,9988.4312269778,-16.4997398224,9979.3646899747,9989.0396091555,9988.6885030045,-46.5345792837,9985.1684444671,-8.6495219777,9993.0014241543,9993.4719564508,-3.0905512528,9985.6126018328,9993.4449482346,-7.6550008613,-17.2681955512,-10.4323394355,-2.4967592337,9986.8183629246,-3.2605965795,-89.5123049333,9981.4454803069,9990.9558747975,-11.3196131828,9930.8655145696,9994.1292748478,9983.2717335324,-3.116477237,-9.355565965,9993.6598106119,9995.090268313,9990.5370838723,9975.8131798433,9989.9534859376,