{"seed":{"0":2125204119},"gamma":{"0":0.1},"cost":{"0":63424.2360000001},"time":{"0":54.2021000385},"rewards":{"0":[-20.0145459307,-8.9830917966,-8.3762261336,-11.266210709,-56.9146059752,-16.8668923838,-42.0249178034,-16.4149752439,-6.2200777685,-14.8659498604,-14.6530541737,-15.7477878969,-42.0612709266,-11.2450247415,-42.1125753753,-20.9842007447,-4.5372966117,-16.332547719,-16.4470711753,9983.0209821505,-19.9449596689,-44.321542315,-7.0028571902,-17.7031901216,-4.8966831386,-24.7104971392,-29.7568655007,-19.2172053398,-40.1911725494,-20.1494199119,-4.9351632254,-39.2253671049,-24.8204316242,-50.0979047917,-25.4111322301,-21.8398596725,-6.6456059751,-50.1520143531,-12.8567322784,-17.5378297017,-76.4682519827,-7.2222899611,-33.3639251583,-33.2389411696,-92.29680868,-32.6802886442,-9.0737682083,-5.9258211445,-10.0788737053,-29.0858863951,-11.8477421405,-16.8387175151,-17.0306199467,-23.1602711096,-10.861143853,-11.1220721661,-12.6703034887,-18.9948683961,-8.8628322477,-8.3603321952,-5.3871102033,-48.4868782455,-22.208279844,-25.1032601839,-15.1605577441,-14.5619939672,-12.6291932196,-5.3679852492,-28.0391930028,-54.2689711836,-49.5167177074,-12.036101885,-12.9507942733,9989.5153434749,-24.7093237383,-13.0523186538,-66.8063474219,-42.9384507693,-58.7368005743,-8.4798399166,-15.9766329568,-11.5750018371,-20.6071932195,-4.6813392967,-5.7397749427,-22.3380150116,-25.9219646061,-38.0372203617,-27.4985992229,-23.074787062,-9.4678170114,-13.5122972726,-9.187269107,-75.968018682,-6.8010462195,-22.2292622707,-16.239640113,-29.6360720788,-10.251101766,-18.0112227204,-29.9047257171,-34.6992113299,-18.5034138468,-6.6265025151,-37.6559585202,-25.1873064131,9979.1071802473,-53.9150140734,-5.4921409387,-23.5036119318,-27.6832770152,-15.3081443294,-6.8037686186,-6.8334396837,-9.6284843336,-10.2067513534,-36.3314359457,-51.3469439776,-29.9019051706,-19.0382165703,-8.0497596904,-34.8920949568,-55.6818660756,-10.9814384415,-21.7589733398,-2.9001953284,-30.6007359079,-72.823932406,-5.1790282912,-8.4474433176,-55.7181778278,-57.3348512794,-34.7071218426,-13.5194552928,-33.5700433533,-3.168735046,-7.881745007,-15.8676068804,-9.0326408383,-30.2974399775,-19.6527253051,-30.3833864484,-19.4886012667,-17.863415428,-17.2353675612,-19.5059025806,-16.9190213699,-14.575717062,-39.7749328366,-12.7497858804,-35.289511174,-16.0360044545,9983.2709800737,-18.4152520182,-2.1463067662,-92.1297287895,-31.4472035044,-18.4756052527,-8.4015475405,-15.2787100975,-55.9285255012,-16.5143634283,-4.6965553101,-46.6547359109,-33.6639703459,-5.2467233127,-23.7667708249,-30.7223074704,-29.7556582259,-3.4859056864,-46.3982305139,-33.9767946804,-27.5228949362,-18.5820857743,-9.4505698429,-19.4883785291,-25.9360351108,-13.8774860059,-4.6115099454,-15.5975500913,-13.0816300545,-26.2082657128,-9.7015705415,-17.639867209,-45.1663451902,-13.4417783627,-7.911441881,-37.878679112,-40.4057890015,-30.9670804329,-7.6651973482,-3.4395828463,-17.2533206349,-16.4595323358,-3.9002129218,-6.6336101804,-36.4873465651,-9.4334323292,-24.3567567621,-38.552507424,-12.7190931842,-37.2779138399,-13.7344146061,-59.6667457083,-25.2166937791,-29.2738156282,-45.6729913661,-13.9622475751,-49.006809088,-27.355875152,-29.0710640079,-57.5007231063,-5.7400530082,-36.681539388,-87.5716198656,-10.5762315821,-16.7146398452,-97.0830831992,-18.6887142349,-9.6243515699,-18.6558821136,-6.0492493085,-20.3645234408,9990.5391404749,-23.2111546463,-10.427102126,-60.4745572927,-13.9849796129,-29.9109178781,-2.8049944026,-14.5503807227,-9.0785468494,-74.9461444822,-14.7428377524,-45.03400381,-26.2904697402,-7.5673538438,-24.9669183958,-5.656157933,-22.4479115025,-36.7018328925,-14.210423601,-30.7551676491,-23.0121615967,-9.9556956582,-36.0201918905,-6.6275675582,-63.0747140828,-6.8235775872,-17.5705930856,-53.3246928193,-30.8826534339,-36.7234982083,-9.7839398776,-19.7848254184,-30.760715176,9980.4560635132,-6.3999245938,-21.3886509305,-6.104570569,-37.1937154936,-36.9248598543,-12.8671746564,-16.08762921,-22.9213709491,-17.9706619241,-4.4310994495,-20.8794615618,-41.201160578,-56.409488718,-40.3976756832,-32.0371238258,-52.0330401265,-63.5781268463,-38.7968668773,-12.0472664112,-61.7819068029,-27.6487530734,-51.9198793592,-38.0882985256,-30.1020276229,-34.8710627006,-13.5733348964,-33.9615212427,-6.1610601164,-33.7390602075,-34.8387696032,-10.9561163113,-19.2246967129,-7.8477831025,-45.177949797,-21.7647799422,-13.1900210772,-22.5091810846,-7.6010952252,-121.0411896172,-70.2774141796,-22.6989233097,-53.9168581352,-21.8522880888,-39.3659046396,-28.7057299211,-47.0022595129,-9.1853565711,-17.7110769093,-24.8294668889,-8.234434375,-9.6110637319,-21.6208759639,-31.1779601768,-10.2471834503,-19.9991615392,-114.0694143772,-91.9526067174,-14.6340112238,-28.8596050334,-17.8697552704,-63.4227625447,-33.6495855455,-9.498379098,-23.076428395,-27.2336192434,-81.2249969556,-34.0773966976,-30.3633666614,-52.6144825391,-62.0625727295,-21.9169553705,-33.1206128094,-5.9030694489,-51.5676133118,-85.5887807068,-42.4752448747,-45.2850619982,-4.5666218395,-14.5172584798,-8.7472236107,-26.3701243933,-12.9034350564,-44.0990370303,-9.1160656862,-49.4113941344,-67.6672361313,-18.7604654291,-12.8997470218,-46.7337010779,-41.2008732186,-68.552104287,-20.3556360808,-20.2261708857,-9.2273977241,-17.4286165176,-51.6871797187,-53.2618748496,-21.0448605542,-7.1264782903,-29.6897980276,-21.3397514964,-20.4559297129,-39.898433445,-46.8055733688,-59.9933844918,-14.3652825202,9962.256833534,-17.2162153655,-23.8408560201,-22.9366380166,-34.8315499078,-6.7267943466,-25.6603022141,-19.0672143696,-37.93753048,-132.0623945924,-7.7798422588,-27.0381234668,-6.879628,-35.4678829085,-30.9171876916,-13.0427930281,-55.9525000198,-45.4285108203,-16.9453274677,-17.0731418873,-11.5831018418,-24.2763774386,-12.4819396082,-49.3885907829,-7.3842982911,-45.0479929016,-51.887609678,-25.6002726479,-15.1452689893,-49.5766051918,-15.661817002,-99.4153597699,-26.0098689468,9918.9493052861,-56.4211793107,-28.3726092432,-7.9958329942,-6.4315789,-50.9809016781,-9.6908179931,-46.2417823185,-22.6193411918,-19.1745912598,-7.0480488059,9981.7425138701,-55.5633008598,-78.3656114162,-41.3277501537,-56.5628804578,-13.3162849869,-10.9084400742,-3.9957027773,-17.4172284915,9986.5305349557,-34.7836979649,-66.4214380003,-27.5795164332,-28.3389926173,-58.4026595869,-12.0487100326,-71.5862732938,-15.3916488835,-28.724311772,-16.1589004738,-80.6928193657,-11.6476150838,-18.6782339648,-43.4715693448,-7.0059210203,-35.731567226,-23.0725523194,-31.2282409194,-4.9297701324,-20.3071064956,9964.1888350336,-35.766507027,-13.048356714,-30.4480464905,-53.756280542,-12.897827682,-36.7413871986,-17.8328625061,-29.3419323511,9948.1656223808,9988.4397547889,-20.3983104853,-11.2804951693,-22.8481259528,-16.3357690324,-37.184415671,-52.362022343,-12.524860754,-52.0382390435,-62.1283587772,-48.7707471505,-63.023963163,-84.8218789622,-25.1710252204,-48.1784849862,-34.0151520806,-40.7242747645,-30.2735229702,-46.971207377,-9.5836368185,-41.051986165,-3.9585670711,-27.3117328844,-27.2198969054,9990.9615812577,-14.3011627123,-33.4527076913,-50.3299220963,-32.2550837379,-15.0197477581,9967.3317654131,-22.7664675966,-27.995447233,-13.2725299025,-32.7358256987,-5.9563005832,-37.8811514792,9944.908508038,-11.2889671325,-14.7741604789,-6.3509395626,-13.7602377258,-12.4387849281,-8.5104386825,-81.0728830072,-20.9544639423,-3.6216788955,9971.9856827166,-15.6511865182,-34.1171946202,-90.55303807,-12.473901838,-79.5576945913,-16.2636768395,-15.4455353614,-6.5441343463,-48.7602319351,9940.379677197,9944.410665679,9979.3340173355,-19.1642016452,-26.2141372083,-55.043962711,-16.4310593422,-21.2545133826,-9.6415816183,-29.1173309856,-41.7094652784,-4.8806125107,-8.644576749,-38.329505112,9977.0674603134,-71.132727303,9963.534597752,-33.2357431997,-32.7163080105,-21.1588084063,-10.8849608724,9942.1013005723,-5.3307140498,-95.4198469623,-65.4721360942,-19.3431425501,-7.6580761818,9979.3454539829,9981.129278058,-15.5862459323,-18.9300626846,