{"seed":{"0":1936856304},"gamma":{"0":0.5},"cost":{"0":63424.2360000001},"time":{"0":49.0481610298},"rewards":{"0":[-22.9798483031,-19.1950520465,-27.549705981,-8.6974915265,-11.423634683,-24.2333288351,-21.4942162117,-17.9344671802,-47.9256775578,-34.1351744668,-52.9110213395,-19.0695145871,-6.8306296436,-87.0304587909,-37.1768116126,-14.7121473112,-48.1310881447,-6.7015830491,-32.5324730033,-23.4006783794,-2.2631484037,-30.896746853,-17.4400416039,-33.7735453246,-9.8860055857,-27.9781584045,-32.7755323275,-41.9351918084,-33.5703608413,-38.0916743292,-21.3743077331,-6.2140839154,-33.292650104,-36.9113081874,-10.57487561,-31.1130294943,-5.7793676031,-28.6292681011,-53.6679748991,-24.2741437364,-18.2348709395,-17.4517043005,-24.3932108835,-6.1354438708,-23.9373956871,-57.1055926391,-20.196799894,-57.6462125143,-14.4681504256,-17.8736316106,-9.2013358165,-4.5968925194,-8.5591660867,-113.4127769241,-39.8594590513,-53.6462393202,-20.173101598,-3.5679955071,-45.0395010512,-25.0573759365,-30.9467063931,-13.1483096635,-4.317239359,-65.9410073324,-61.3916645715,-24.6131695844,-14.4609768634,-12.1853209652,-11.8081356533,-53.6669328031,-8.6771273789,-64.3441590805,-14.8724041761,-55.3047808006,-16.7298862097,-16.9033619896,-44.8618602738,-20.6151065271,-11.5805438396,-8.4045545559,-60.4848444193,-40.7003977922,-10.2372690339,-29.1457692312,-12.0787148476,-55.2433935747,-40.9802900899,-18.1143698449,-13.4433896584,-66.2221702379,-30.1211770833,-31.6190594422,-37.7479558885,-22.7958701174,-32.3015271945,-33.7746843389,-22.2793383097,-82.9594005836,-28.2725977176,-72.431442821,-19.5789052166,-18.2078459523,-44.8149602509,-9.867085742,-23.2550804366,9982.0092096908,-78.0381764684,-25.7276881783,-78.4304976975,-56.4084787624,-14.2273084058,-14.1840602433,-7.1013261181,-10.5746690007,-20.5232579084,-12.0137325114,-28.0796943178,-4.0478270228,-9.1328212803,-43.3832291892,-23.7496997358,-43.3090596703,-3.9928713095,-35.87377246,-66.1155031423,-15.7980368163,-53.9383432322,9947.8188658031,-39.1885339409,-51.3618643699,-18.2281344047,-18.6281003864,-9.3831197589,-8.2390890274,-10.4698473899,-12.4595159361,-31.618167979,-10.2929051608,-25.8265119863,-22.6982085393,-31.9989679268,-3.66443291,-27.6551502202,-8.829584395,-9.4149294741,-58.0036597528,-41.8408251404,-112.6795413827,-7.6141781999,-56.3187056036,-12.5300097677,-56.424577591,-15.5336116006,-7.2400630931,-18.3430754973,-37.8947251379,-23.0517098628,-64.5589729185,-24.1582784798,-7.1150302277,-27.6833931929,-38.4951737757,-77.6930582526,-49.6619674387,-16.7135829267,-13.2349297666,-18.3818637492,-6.618297936,-13.3783750926,9981.9672494834,-9.7285988428,-102.3330252697,-21.4916220216,-28.3007314805,-22.4079606791,-30.2738453179,-48.111962509,-33.2520923527,-32.8393654186,9953.6263274167,-8.1544427382,-20.7994657621,-26.1683492571,-17.8485161029,-20.1328235999,-49.2329462911,-40.6832641536,-5.174906236,-20.0265583694,-49.1616887617,9962.072826342,-51.3658491083,-44.526202377,9954.4446785863,-6.4908164462,-6.5434162598,-14.7720989601,-24.2868109401,-16.5573203357,-53.0046555797,-6.7975849921,-13.8532147741,-20.0833730695,-57.2685376147,-14.5335012249,-80.1437781659,-43.6352872689,-73.2574481951,-13.6118474664,-47.3180575193,-25.9431036893,-18.1152098481,-22.850615738,-30.2487312195,-42.8474012353,-26.0354231841,-17.8123588745,-11.6060980467,-136.8729927808,-39.8700138933,-5.4321341717,-18.2363839033,-5.1738011917,-45.8822965224,-42.3215724017,-27.2148926904,-5.2185541276,-47.1650588144,-18.1128676746,-88.1124282078,-20.0570113371,-18.3455123632,-79.211949079,-56.758067816,-76.5792495412,-49.1280185818,-13.7785118935,-67.6594081126,-41.2698789835,-24.2334128391,-32.9640676768,-26.6145478577,-14.2179232351,-13.4909053768,-11.3705467053,-101.8784461933,-67.4528593121,-94.5404409147,-47.6431146136,-13.6340377896,-32.1223384816,-12.1254197237,-34.6729269537,-41.1098157357,-19.5677523314,-25.1200877647,-7.9860929378,-6.2067220694,-17.9506141828,-14.012658049,-17.1143670117,-9.7168014266,-21.5631535943,-11.3456305479,-41.4130560495,-21.8631752793,-65.8438112675,-30.1780326364,-87.8173588156,-79.428955794,-81.1130551507,-57.9275454068,-5.5262799639,-13.3322960068,-33.9190375708,-11.3123830474,-21.4891134465,-10.8201357418,-12.7507052431,-9.6670966848,-26.577568871,-14.9523958536,-12.0220825404,-49.0478222223,-5.7450575667,9986.8435519486,-45.2413957527,-14.11128652,-23.6486976725,-25.1741102953,-1.7938383125,-15.5847030217,-57.3233624911,-67.864432752,-46.3640412975,-16.1845235878,-66.0613538201,-65.4894423157,-34.3812059137,-16.3320908663,-104.3694266783,-30.576060017,-47.9698226333,-7.7575220491,-31.324584899,-40.8184224749,-32.9400448284,9975.7520093562,-39.6410508187,-10.8180833132,-41.8908718407,-8.6494854282,-50.5749965238,-39.3175765114,9942.1520490131,-19.804755817,-55.2993490585,-13.9105675678,-24.3701238807,-29.203725058,-40.207769763,-101.6246491171,-43.6526967664,-51.5136318601,-25.9176512493,-10.4707820996,-78.9507883101,-40.5183549982,-59.1391720714,-27.9853092795,-41.6032968658,-26.8298348378,-39.9066806544,-53.9376573471,-73.0103568031,-20.0361628956,9919.6327777561,-34.5517775382,-8.7458795677,-24.6622195569,9926.671807608,9976.1186427894,-40.8221128583,-17.7254806957,-40.6562046588,-40.9407036308,-55.332961439,9985.9373883849,-15.0943226819,-8.5930338808,-14.470515358,-38.7546709778,-33.6104168206,9973.9877931493,-22.0322328356,-30.7735570593,-30.2693291075,9942.2087525925,-98.2593234831,-19.7954197234,9988.3512067706,-12.6348109723,-12.0957515976,-46.0392955893,-37.2562863793,-16.6866388155,-32.0031461072,-9.982196498,-27.1629117606,-36.373140904,-43.019655514,-7.5533664117,-58.3984820046,-15.9627718539,-56.7079979534,-31.4835133415,-51.4376595788,9990.6717178271,-88.3940490885,-103.195922904,9978.6078450257,-33.9592053565,-36.2260256854,-33.0429893316,-42.0746355231,-67.4877384245,-125.0247620479,-85.5389710856,-7.8248301908,-37.443815891,9972.4198087379,-13.5556184866,-26.6443264549,-49.5688486056,-10.9845818166,9993.2382636743,-33.7777390171,-62.4553000895,-54.2556686247,-19.1565379926,-11.6432525448,-103.3858240535,-127.5363125028,9955.8873856949,-109.6938428459,9981.9922415792,-3.7315112212,-28.8646144539,9988.6863203596,-35.7469509263,-88.383776189,-16.5907557498,-6.8101734888,-16.4725001071,9972.7231724288,9935.8730675124,9960.9418196154,-21.5966806979,-31.2371898375,-11.0598124294,-59.9719306488,-29.5210202132,-77.2567035312,9969.6768916393,9946.3782155734,-6.3004391991,-20.5454307342,-6.6863033534,-31.7376860324,-64.9817251402,-14.5599513499,-28.5024946157,-34.1138253955,-9.842903153,-32.9330589168,-5.5693377382,-56.4465998428,-17.0937604206,9970.6438725314,-106.2411672584,-14.6277042809,9944.7624883085,-22.2128089708,9978.0384317801,-37.3167766275,-25.4372014619,9970.3598748792,-16.1578022951,9972.6034294916,-125.052230309,-25.5013272735,-31.9742958033,9940.4869681675,-123.4225122978,-61.3467967007,-16.5669253012,-28.3939764005,-30.2289081363,-9.1370787828,-32.3903852838,-98.8979556778,-7.1239747545,-40.3044605633,-121.2727715378,-15.1292906818,-13.5900685366,9965.5809852135,-119.0668105773,-7.8244486664,-41.8325605642,-26.4290736521,-26.1201401141,9951.6934494767,9956.7133813282,-120.86262525,9977.5138337515,-11.6821884704,9939.0970830446,-37.2608170206,-80.4125682141,-57.1435615982,-56.6779503615,-12.8141047009,9985.2546114872,-81.0049378207,-52.8368162875,9983.7729031322,-62.827288258,-33.1214868958,-73.250367289,9973.722826252,9961.5128143012,-37.6559668447,-29.8807987045,-38.0280826607,-17.4856786251,-18.2755069142,-113.796837221,-67.6147793629,9928.8920484644,9964.2585549018,-68.2012203337,-26.1902581055,9961.0070626587,9977.9869443567,-17.9614337546,9923.8316862636,9983.9845860744,9984.1062833799,-31.4339278771,-102.0771791678,-109.0779600537,-37.2851478901,-121.6067655874,-28.9054101625,9941.7800445346,9985.0520541238,-112.23890022,-56.7490227992,-40.8307013606,-114.1449290069,-50.9574770332,-34.8304253552,-32.7135510724,9950.8672988689,9987.3579682228,-5.1783712134,9986.4211021896,