{"seed":{"0":1384311643},"gamma":{"0":0.5},"cost":{"0":63424.2360000001},"time":{"0":48.9055469036},"rewards":{"0":[-21.7862548333,-33.5544847494,-18.7459093423,-21.6422827273,-5.4670862751,-69.683886632,-88.1018248056,-8.1945749512,-5.9780351547,-70.6786630988,-40.9407747144,-32.8226143007,-88.1682068692,-21.0495765251,-22.3388478443,-64.3643413821,-13.039052035,-47.1163216345,-26.3969034661,-18.863793072,-31.1716802012,-8.1140291646,-22.0004590339,-21.3163899736,-13.3365696292,-3.3239974654,-32.4193205925,-2.3450625844,-46.3426944347,-31.5027679503,-42.7652136144,-20.0048891217,-12.1256767708,-42.4187961275,-12.5179289713,-23.8563675016,-27.6952507299,-6.6999531799,-8.7899247612,-31.3627485659,-25.4786584752,-20.9056271527,-50.5163521959,-9.757498638,-27.2915960123,-34.1115227128,-47.968158794,-13.884538201,-13.2225701457,-6.1104803419,-29.7728583897,-11.0723102656,-15.6923693081,-50.9953309325,-41.7671394133,-28.3692730127,-75.8344573761,-42.4369893192,-65.5038675381,-14.660710165,-44.9919609134,-70.7337531092,9942.7076966833,-46.8299764995,-66.3561914181,-24.5214381222,-27.5770779918,-12.1676424937,-4.1681722906,-21.1186360806,-40.5636730496,-18.9634395104,-22.0882274777,-8.6392137834,-47.5047845945,-18.2769293657,-29.3219351893,-2.8358074619,-47.0900518385,-28.4272331731,-39.7365735675,-13.6183080028,-27.2047692789,-29.1335146461,-11.1703875157,-21.2052715273,-15.9552047526,-16.3590685989,-35.5977017455,-12.1619256796,-10.8619667726,9964.9918065634,-23.1049418296,-27.6013681837,-90.766709899,-26.6322732376,-56.1324704158,-7.3787827707,-15.881654271,-26.8171108522,-8.4390315266,-6.0394106198,-37.0206339711,-24.9545049737,-10.3075099636,-40.7236849058,-82.9236404535,-63.2313502066,-37.3086613471,-41.8190129854,-41.9152603775,-9.7167085711,-12.5152029593,-16.7397287512,-18.0784671069,-21.2842858971,-15.843073942,-31.7713344579,-8.8905553766,-8.3146823656,-44.0384930047,-12.9891203401,-20.6091794046,-70.6195150401,-24.2385415794,-21.2136328654,-14.3858035923,-12.0271357789,-28.1803864729,-17.1510271239,-20.1873329905,-26.1613426679,-15.6044047358,-36.1388816995,-40.0756496686,-52.5043793729,-48.9069261869,-45.4634482015,-5.9064407499,-34.8330977906,-27.1394214903,-21.5358473779,-14.1373949873,-9.3748997008,-17.1295289231,-79.6673016329,-21.4365859555,-19.6305225247,-19.666350527,-3.2013378835,-57.5467606838,-5.9318429627,-64.1940290084,-26.0745321751,-27.3039232959,-70.5360910073,-24.2848803821,-75.6112008993,-6.1479470978,-33.4632125517,9994.8764978606,-17.6530029993,-62.7627852393,-17.2716591329,-48.4155669406,9984.1316272375,-5.9067341606,-6.8285449393,-52.2189389518,-17.7460967767,-24.9734790703,-7.4412839666,-29.6527881647,-6.8706488955,-17.7130737773,-5.0649027879,-58.9525534813,-26.7647292578,-18.7706109143,-12.0152048882,-6.2363608336,-8.8426202823,-29.6918402524,-28.8719945626,-23.8843489228,-26.3881129554,-39.142552583,-19.9041888716,-5.7703803072,-61.4936977282,-17.6551541001,-33.3757015616,-59.9334166098,-15.7820671019,-20.2799105436,-42.1657577955,-39.2182302407,-18.4052192053,-40.1425253052,-24.8550959519,-61.3305981061,-17.1112237632,-15.2861113693,-35.1702685975,-50.5236309993,-12.9651566605,-79.6247580385,-15.7467119896,-15.7237176525,-6.4326376278,-86.5553682378,-41.1706622347,-26.7413999816,-8.1472597006,-9.2086426025,-5.6334944948,-68.973127493,-64.114000262,-15.4664810348,-11.918334133,-74.593508574,-16.6231647486,-7.8263203726,-13.3836696968,-5.9792108126,-17.9934719343,-65.3205116939,-11.7011611913,-10.8590626984,-5.0813033706,-3.2208602964,-20.3219794686,-66.7908701321,-62.5189640827,-34.8537301525,-26.7257322947,-32.4654392756,-11.9671238182,-11.5106752499,-75.0930848975,-15.6259458057,-35.3976808347,-14.0599877166,-35.9194418777,-27.9640396275,-7.3649030566,-19.1354769051,-57.9647145074,-28.248087376,9985.4265334631,-11.615553377,-11.0229006332,-17.9602374689,-27.1582302516,-42.5509853499,-13.6683432142,9975.4380692092,-28.6652689278,-13.9703676289,-22.5535315594,-9.8737061274,-18.838520113,-36.7109556884,-100.8712402641,-6.9547341988,-31.1990855127,-112.1731015012,9970.0690037127,-38.5126938083,-46.9104123562,-34.1728897048,-14.626672695,-6.0273101262,-63.5974357928,-58.5991417971,-6.6146394739,-9.9388976194,-50.3994476553,-18.11294657,-5.0535590177,-7.109388232,-14.9642831826,-14.6241227204,-11.4346537964,-20.9332400902,-13.644515502,-31.0382673664,-12.2617038774,-20.5965204733,-11.0158846785,-30.0719320278,-105.5433733696,-51.6054775764,-32.2763280698,-41.3702855984,-14.0806096172,-9.9714899904,-35.5691580001,-28.7846654274,-21.4093218856,-48.009955696,-16.6736505816,-22.4859823104,-87.1301128284,-7.8734016837,-10.1571772101,-64.4571274824,-31.3882614028,-27.2885539671,-53.7276163941,-4.8965851984,-103.2162458299,-53.0386945475,9900.9078202681,-90.6918113864,-28.6306873021,-37.4942649202,9975.3491725267,-51.229874527,-17.4888778124,-9.3792697746,-22.6405992337,-65.9452199584,-20.594743859,-43.4703453897,-7.3446923438,9976.6521818542,-55.2624466845,-53.1056412554,-48.9156523941,-13.4518980899,-54.9907331459,-18.4380774843,-46.4943805664,-12.1580552893,-62.9638601617,-49.8189129613,-52.7938128764,-23.0207181884,9939.663548796,-58.8458912124,-31.9496601927,-68.7127887692,-33.8905641984,-68.841322008,9985.3327234653,-18.5843158473,-41.4619179299,-20.2684078821,-3.6781650417,-105.5534512068,-14.9187476145,-119.9384209172,-18.5888996062,-25.7912200364,-53.9643143636,-18.2333209659,-59.5445525231,-124.0283856169,-16.6513385873,-50.4049014851,-8.8734717622,-56.7868414652,-94.3506431837,-18.744854412,-23.25462286,-32.3705838885,-43.9805943688,-27.3827212535,-57.6348737421,-44.092285201,-82.3177493203,9980.6480349742,-35.6615779518,-39.377338241,-6.7955425996,-69.5171045473,-22.3240135861,9943.5620354106,-135.3344253842,-8.0422517691,9963.4421598188,-13.9837567468,-64.6067960017,-7.1792366572,-19.5321694206,-34.5879113111,-42.9596905994,-4.6588651121,-14.7324255269,-116.5159231287,-13.6360329692,-74.1693327639,9984.4127632367,-4.1405488892,-15.9071573223,-30.7110486618,-8.0938747257,-21.843646368,-66.8703538478,9898.5522502863,-38.0390323121,-125.9526363368,-14.7804960243,-14.0970627524,9989.3225545329,-26.7437258883,-13.9625920073,-120.7087685455,-58.3906511428,-34.9213438706,-11.8198005673,-31.0525526751,-24.5980151561,-12.0767635147,-66.7609029769,-35.7227970819,-64.8608390859,-42.0715540409,-22.7171066827,-123.8382842074,-44.8280614971,9967.98452324,9884.1976344773,-114.3230671952,-25.1441522414,-30.3169812657,-50.5987767804,-51.1862080246,-66.471535102,-9.3749168612,-17.9691772657,9946.8752968686,9957.743106596,-27.439746909,-28.8393450984,-88.8634795592,-22.6264930869,-65.1538320561,-108.6744445594,-23.449993581,9929.4958697928,-17.0386215104,9937.415919303,9982.7126140601,-125.6001420693,-42.0334896108,9973.6623859505,-30.1391658136,9988.2420103282,9982.5236939066,-45.8439839196,-40.5641005237,-8.0121399696,9948.0772926438,-17.067850622,9948.6544061618,-38.5275958048,9975.9821803098,-45.3611027263,9942.4504868855,-68.2577631182,-52.5068709156,-5.1071472677,-30.7570316693,-21.7786813001,-51.5989841106,-35.9517099612,9967.9958026246,-108.5043072629,-19.0267929976,-11.2313899212,9971.9100698456,9971.6871495162,9970.2374664918,-18.27487435,-40.7420738068,-37.8629695768,-89.5644753226,9971.1758517253,9928.9733410723,9971.9236318718,9931.058051941,-33.81257346,9952.1048198213,9956.0990782395,-12.3993683502,9955.1347971019,-6.9279991271,-117.4784661529,9904.0450691793,-20.8748449775,-60.1301803694,9947.9227834125,-107.621217373,-26.3072273036,-21.3224150254,-108.7992095837,-67.0787807939,-9.2332065462,-6.0150323123,9932.68408552,9950.2956998604,-27.5122238547,9932.2150740602,9980.1496837118,9981.4799319641,9951.4179851858,9974.5505971297,-58.4238365085,9987.7026321839,-23.7106119669,9932.4779117227,-4.0966619182,9949.5844561798,-123.18921886,-80.9937566505,-27.4321907288,9993.3581002232,-16.6573209636,9951.5914672169,9986.3595207185,9977.6144264006,-86.3278468189,9982.216029838,9993.2697033267,9917.1378861363,-58.9217903965,