{"seed":{"0":437720306},"gamma":{"0":0.1},"cost":{"0":63424.2360000001},"time":{"0":60.9186294079},"rewards":{"0":[-23.2023888921,-20.0702906211,-19.0465738071,-14.0446014083,-38.8334857057,-30.2718278214,-10.6138051778,-32.4801526905,-16.48833182,-21.3838938633,-4.5689652798,-10.0126582723,-37.0753531462,-6.6811026961,-28.9702138034,-7.0833628792,-11.1628423818,-78.3666990906,-28.2005978004,-45.9492946387,-11.3447414347,-31.0288431032,-9.5167920508,-62.6075644976,-16.8770400609,-5.5905452459,-11.9503359185,-23.3165805932,-12.6481545673,-17.2641839432,-4.83417178,-53.3229382379,-28.4304639491,-27.2350608933,-81.1354725144,-35.6733856089,-43.0857687916,-20.4671144729,-52.2308017004,-9.8976358875,-8.1892040927,-5.4736505093,-17.2806444896,-65.1879620567,-19.3318741843,-27.2556616379,-15.5656839143,-84.27162326,-19.2341423932,-46.0171153826,-43.8628907878,-58.4720952205,-26.9912134657,-15.4821534271,-31.4510691505,-30.6128116284,-25.6273650354,-3.5080745025,-132.5660106529,-22.9937512314,9906.6746011429,-27.5205819661,-5.6686697162,-61.0467523354,-63.8566400049,-14.187569131,-9.4302887876,-14.8718619074,-6.8229668448,-14.9398624953,-8.3446130202,-29.2340984552,-21.1432922703,-33.7602233664,-9.6603012926,-10.9777292385,-16.2841970353,-15.1895614794,-21.9743943361,-18.4280900582,-26.3763229151,-48.0911313082,-19.8617511757,-8.3311938508,-24.9773036825,-10.11294683,-30.2204789074,-26.0194973241,-27.6839412762,-21.8351549494,-30.8402866232,-13.5787667529,-6.9067303786,-58.1386973699,-9.9985246998,-34.2895421162,-30.8530248954,-11.4772338435,-14.3557484328,-20.8825720054,-15.1900188979,-6.5658455464,-16.3727238874,-76.046559371,-37.7451110799,-11.4829536681,-27.8262135673,-16.9874766262,-94.5315628307,-36.9541134405,-26.7650141689,-10.7609460928,-89.1380664109,-10.9490048475,-70.6523440628,9988.701669969,-11.412716245,-5.8665675686,-35.0996934013,-38.0950972185,-26.0978564084,-19.6634329066,-17.9005874869,-45.3515244579,-9.1789978796,-23.270444917,-21.4961872222,-29.1933808177,-58.8313125565,-46.0006512994,-41.6609628872,-36.1695611333,-28.542026369,-9.7060925469,-32.121995951,-7.0165439718,-16.6369743933,-4.8804265625,-20.9307585239,-3.3262506452,-42.3886989913,-31.7515482372,-8.0130294064,-39.1740109473,-7.2654518642,-23.7470072074,9966.7088947734,-51.1501412918,-12.5007672509,-35.8606593376,-11.9510950933,-23.9276432382,-15.9675270205,-56.0270010735,-38.2363283552,-4.615863861,-37.3395610465,-45.45304729,-29.8548239646,-91.0191211308,-34.8622517564,-10.2529586329,-4.7568118673,-7.3685632517,-15.1314937727,-10.1254866889,-53.3916324496,-48.5676013074,-36.8413857196,-8.769570153,-35.0289706119,-23.284506148,-7.1877069546,-6.2658070136,-8.2768801596,-38.1787440013,-13.4609963702,-22.660466646,-28.5539842452,-36.2124760585,-76.6561989517,-53.9998489143,-24.7257826804,-28.81972632,-7.8467909715,-12.1580094525,-43.2204714461,-19.5869971534,-8.4659267914,-60.169109759,-40.2862283938,-57.9738476217,-62.4023549775,9948.4760817959,-9.4001341817,-34.1757228849,-36.7708704252,-12.7280192051,-12.7213758938,9961.3174507062,-21.6995736428,-56.035348796,-24.4336325588,-19.0560296214,-43.8527162525,-6.8991148257,-20.2892087379,-57.5803169671,-17.1095858119,-18.6202568792,-10.1623447908,9978.851087969,-29.8074241698,-12.1409090735,-8.4992218572,-25.6232191337,-11.0372480761,-33.0855850192,-3.7534724382,-9.1140961342,-6.4250980424,-46.2106242756,-43.9653572338,-15.0444938629,-40.853924881,-44.8614456475,-25.4651907574,-4.5448825702,-27.7935109724,-10.5940784719,-28.6218457936,-15.7837552527,-4.373318515,-11.96982877,-12.9089051622,-27.4981402395,-20.0248701185,-20.7860207071,-19.8377648343,-15.7157065726,-30.4993743134,-68.2372943001,-19.0808181495,-58.1291348963,-38.791231586,-7.1282932593,-18.8647747384,-20.0744031581,-11.1127292511,-82.3032739812,-19.9678499508,-26.8354969988,-8.1420203278,-2.8578544085,-32.1676583318,-77.6018242077,-77.3534063726,-51.6483844152,-5.1850075156,-25.942526568,-16.2717697214,-16.0000194597,-22.9492458297,-30.2516828482,-25.2397411357,-10.2517882561,9949.519580888,-34.4829742092,-41.9637259667,-14.8895205513,-18.7597716257,-33.7236428492,-12.7873221819,-9.2162799976,9988.1904798422,-13.0811125073,-55.7580933309,-9.0939677027,-21.475677566,-10.3980874928,-21.8099676258,-50.4694885546,-39.4031820173,-40.38355008,-29.8253007775,-18.2923670961,-21.8195526603,-23.7890212493,-25.4208967251,-8.5862319525,-10.0819886387,-24.4712719081,-20.9661584314,-36.3004406219,-9.7933749922,-41.690286247,-22.6008092337,-23.4976620288,-45.2790993637,-65.0820055225,-55.0971446592,-38.212614055,-42.3562178553,-30.0423449159,-31.237922645,-10.5002384011,-35.7391887148,-49.8944692218,-11.1204490593,-42.2333138763,-105.7977587365,-20.3569196472,-55.810802937,-4.6582917915,-40.6174136557,-22.7592007478,-37.5632960736,-14.6206853224,-12.1939282308,-26.3494447865,-4.8068089164,-25.8383175308,-16.2314550399,-35.9756142233,-44.6161205993,-17.1827000885,-30.6590566029,-27.9412182669,-30.5601588435,-16.8037832373,-40.7941409158,-28.1654715069,-39.0290862685,-27.0075919538,9979.0859174181,-34.5556221204,-12.00842135,-81.9567054427,-17.619001776,-10.4641379706,-6.5350693965,-17.685413024,-68.1622650889,-17.7828612039,-11.4258214304,-14.9113199747,9968.5464094989,-56.9136297697,-73.6843188028,-6.0496391277,-3.4757130328,-13.3129604326,-8.4572771883,-9.6682921307,-35.1050134021,-15.3649344801,-22.935175921,-7.5860660771,-5.9676338036,-17.2344557526,-15.6986589638,-28.5268528814,-44.5994016617,-16.5819975619,-17.3552048063,-64.0761957781,9964.3013611624,-74.0504387154,-9.3492879023,9939.5836311595,-39.3095044117,-73.0869760431,-27.8343494253,-29.9674064858,-18.3388645635,-32.329471626,9956.7850955632,-28.8688155227,-38.5099939324,-15.5551151769,-51.4125185359,9977.411882207,-28.8590938591,-15.3491887636,-3.376326125,-36.7282596587,-3.2053248264,-4.8848300681,-32.9015109265,-7.1376344265,-15.9506478013,-16.0676267625,-17.4820588442,-42.7675704867,-25.9430011598,-7.6613208305,-64.8618569559,-13.222235012,-7.2725959126,-48.816452977,-76.0116498395,-37.4110863595,-37.1848698732,-10.4383164872,-9.015650801,-5.9085020474,-29.0240398846,-9.9777656566,-11.4873846522,-26.6298602879,-10.0107314406,-22.8602473562,-15.4168265192,-11.0351084183,9967.8521884519,-22.3435256466,-72.2061977474,-22.9176390626,-31.5721069677,-18.576191192,-18.7943387721,-43.9347271153,-31.2446110741,-17.1020653542,-47.4945423637,-68.62966765,-18.9971903189,9980.3049327137,-32.9827478989,-36.2579520546,-53.404721451,-25.3935065237,-33.7469430294,-36.8989172745,-30.8336734255,-24.5928245037,9970.4989076641,-17.6731678689,-55.2113589343,-24.2257283512,-16.1991585031,-24.9169270829,-9.183450971,-10.7155072846,-91.2181127132,-40.3839480963,-32.8380243644,-11.3007073526,-26.6551903067,-35.9501764368,-21.0473890324,-26.4171237345,-6.5401221182,-91.4607539782,-9.0837612927,-17.9184917946,-12.0578807019,-20.4677963869,-43.5826784596,-15.228468762,9984.3057211923,-31.0527816145,-69.6951622803,-32.2448815286,-13.6542114691,-70.4049335849,-53.0199819287,-10.3233451296,-14.4504301533,-48.360270543,-49.7978970221,-54.1495949441,9986.073756663,-16.925885969,-21.9266426539,-9.362793615,-20.4171401516,-47.5282427556,-42.6093780865,9950.9620957383,-35.2223550804,-19.9825066084,-19.2058450439,-21.4674113218,-16.2830140845,-21.697631774,-22.6072287078,-26.4646569232,-16.0090413442,-13.9992931293,-7.0364067288,-3.5217580091,-34.9921033474,-29.189070115,-2.9393971946,-75.27585455,-14.1241835881,-14.0882536912,-13.2079351762,-49.1178533395,-14.5199091538,-8.940975679,-12.116142928,-28.0505255794,-38.6792021405,-8.2378255249,-4.4757880218,-76.0377034255,-20.9032307952,-14.1836075468,-20.8711853976,-41.7590761256,-1.9428742077,-31.5168304911,-27.4493201485,-3.8872827763,-25.6959888142,-17.8208605224,9991.2907813583,-10.5922075491,-15.4024939268,-21.3433768236,-15.9323507894,-14.1352942354,-11.3042086051,-48.9020360108,-39.1235429295,-20.2407523075,-9.6994956767,9954.6379661326,-36.9722865905,-12.0721218253,-24.5149672806,9974.2623610989,