{"seed":{"0":694388766},"gamma":{"0":0.9},"cost":{"0":1719.062},"time":{"0":15.793869257},"rewards":{"0":[-18.1384275593,-17.2125281148,-15.558193597,-22.6402356851,9957.2445264851,-16.5127699525,-21.9114319498,-28.4604087338,-18.9256549998,-29.6151218019,-62.6013572684,-19.0161648713,-35.9658746228,-36.1873084658,-12.7151284598,-20.2485177647,-14.7763596541,-68.3504568916,-7.4434679958,-13.3364733611,-38.0733511011,-18.8957811146,-13.1710981389,-29.213113249,-7.0376923169,-6.5859339002,-50.6732482687,-19.2300932108,-8.62683383,-23.9396065568,-37.9277785535,-4.055265017,-19.9921033227,-35.8183601031,-14.7248785834,-50.7360878716,-11.1411054834,-31.7817790974,-16.0325502655,-13.4224619762,-21.1919519098,-4.2726823479,-6.9866106049,-11.4242588072,-15.2778188,-6.7294243123,-11.083407614,-14.0109788663,-11.5746460834,9981.9832859139,-7.5417138004,-10.0647610216,-6.5361902091,-4.6048645874,-22.122940679,-13.9541958359,-26.0330493362,-61.7368156342,-11.5199113877,-33.4696944538,-16.3057299443,-28.5852030158,-7.1189997636,-13.1657050853,-25.4507950746,-50.2627502579,-6.4465720934,-37.0363370407,-16.7553296029,-10.0495527659,-8.6786541147,-42.2856997877,-13.4103699377,-43.6024009966,-5.812116575,-35.2793640983,-27.7455888397,-40.8941918894,-8.5390287004,-48.1588737848,-17.622902007,-23.9767074309,-7.6469942158,-5.0531151929,-3.1409097536,-15.7923575494,-34.6108013528,-28.4878796317,-12.3346964071,9957.9442614547,-10.2539507081,-21.7993063478,-7.6505567898,-13.2043235558,-28.7127356929,-10.0700507852,-26.8892925053,-6.5697408867,-17.136015728,-8.6198065841,-13.6105189614,-15.4710794788,-9.6763316699,-8.606864969,-34.382278843,-15.6894645074,-51.6976181181,-28.3680366858,-60.0078487534,-51.5698574282,-11.5458764279,-32.2447413657,-96.0780062045,-37.4321928005,-42.6842796587,-7.5190229648,-32.3118783951,-34.3878749189,-9.8085213106,-20.1538254755,-31.6246632863,-9.6287274361,-31.2033980146,-29.8151945661,-4.2516202104,-15.3642537695,-48.3792617583,-8.182033221,-30.8265970438,-23.77355114,-29.7875196138,-25.4751522593,-17.6626427809,-10.9680745657,-7.1756048075,-4.6647338029,-36.2399001666,-12.7808076852,-8.6484178936,-4.4332508175,-16.9845561301,-9.4786048502,-16.2775627353,-15.0017453186,-17.686331601,-14.0881783136,-12.9418763222,-12.0827306442,-27.9512379604,-18.8263451188,-18.2397372413,-12.9479326844,-19.4174796875,-36.3851546356,-11.0268774959,-26.3730632252,-4.7126247071,-30.6428717599,-98.3496217325,-7.4528438265,-14.584305034,-25.3349147518,-17.1940342414,-5.554225746,9977.9004415886,-12.7323133237,-49.8398513133,-35.1807322663,-4.0085336843,-22.5191657135,-3.7163244307,-9.2614000598,-27.9528321637,-17.5761470084,-17.6343283998,-12.1901310971,-40.7106344007,-85.1833141327,-29.5603857405,-13.67544644,-88.3675723629,-7.2006897009,-23.0789399655,-27.7885880802,-7.7464940622,-13.5780291906,-8.7923317698,-28.898471222,-52.6091467527,-69.6304082559,-31.7873776137,-25.8975407234,-16.2356596816,-62.8382149201,-9.4042901782,-36.7816405389,-20.0807628081,-4.1774980576,-16.1497185164,-29.7452741468,-9.1921622913,-9.6225271372,-24.1347352546,-11.6900773288,-60.3280605671,-16.2541087333,-32.8775779442,-31.8846510683,-39.7675094021,-16.1810821571,-5.8050113295,-43.2814624098,-9.5841613975,-7.5004627981,-4.3081143785,-24.8612926747,-39.9095787439,-26.8651686879,-20.5505991393,-30.505242636,-12.50259619,-17.6056392042,-16.9109270554,-15.9655364801,-23.299650588,-12.0097379834,-19.7914905505,-20.3182393998,-6.0624065842,-14.6715228856,-21.5288064979,-6.6953236079,-7.0184401757,-12.7316815124,-3.4455397374,-10.5700354022,-18.4266618733,-4.7875849415,-24.7811923017,-2.8391444846,-3.6683809548,-24.2270520063,-27.3241773713,-8.3090517058,-18.0695858092,-16.6957905071,-10.4636698377,-6.8252850918,-16.1969503439,-26.7447661505,-32.2824308026,-30.1662361777,-32.963749191,-3.059715988,-9.69601111,-21.8239045316,9976.9295091084,-36.3683254454,-49.3534459182,-82.6075472897,-15.5314566632,-5.4672263227,-8.7969067904,-18.4306381845,-40.1330138592,-32.5448771649,-14.2520697583,9985.8829066949,9979.1856625078,-43.3582698381,-36.4274606524,-8.0883447391,9981.4823973164,-23.415818335,-15.4798616403,-40.8954537593,-8.2738373589,-8.3940142316,-19.0209859159,-15.0717324466,-26.5659829632,-26.1687566084,-2.6384496902,-25.0588336753,9987.4271672818,-12.5448099048,-27.8186276961,-39.5649754125,-28.5592548791,9981.9758664865,-34.9223886326,-25.6534855604,-14.7101336012,-73.7762154838,-44.6757274363,-39.3159918772,-6.9010272301,-8.0120394197,-71.3869806991,-25.8736500204,-9.9429322013,-52.2267994928,-27.7781252336,-11.8510390388,-38.1202332482,-4.6427732552,-31.6171206151,-30.3389700757,-18.3166143203,-31.626489763,-19.6595261852,-27.2416870685,-21.0579972485,-18.3870134417,-33.213196041,-40.6482719134,-21.6716025098,-24.0600147481,-18.1731210049,-5.914609131,-15.150493307,9950.1881743993,-23.04379871,-45.6859754194,-93.3763387204,-22.5899215133,-13.5245021727,9972.2676238776,-21.7220778476,9972.9669096021,-33.0298501319,-11.6530885635,-3.9902722424,-8.3494980722,-14.4040535172,-24.9607926067,-15.5896781502,-11.9250763434,-14.9375534984,-21.8082474966,-14.0543377387,-4.3067949496,-16.7871385476,-9.6219039096,-7.6655654241,-12.9080783628,9971.4732631756,-29.5634945049,-18.3591817744,9985.6447817134,-16.2561474304,-25.2794748248,-20.0979781527,9984.5567421994,9992.9712248179,-20.178245133,-23.3937495501,-4.987346905,9990.8543852668,-18.8330017276,-21.1033236628,9969.2453190334,-14.5402832738,-9.4046704415,-7.4386230359,-18.9836341675,-63.4058776091,-30.4509427494,-2.4988401941,-18.0286663228,9990.7210445024,9988.7089813641,9993.5797991328,-12.3737523528,-11.3643525411,-5.28215546,9973.0529414946,-8.993603932,9970.3843928898,9973.5703536882,-21.7205990274,-16.2856958921,-43.0677425003,9984.4362989849,9985.4637125304,9962.774120094,9994.5779103562,9982.8400920556,9985.7429167313,-16.2566617072,-21.4288816952,9984.9192303951,-5.0202956981,-11.3574220233,9979.1242881436,9993.3455002555,9988.2413898505,9968.2906605726,-10.32601629,9989.5598515716,-2.9989734479,9928.5720872056,9979.5316409094,9990.4848212454,9987.2026130258,-3.4682887604,9975.8289614458,9972.888123315,-3.8290483957,-22.1746059247,-20.9762812304,-4.950469096,-19.0045406229,-11.2258857793,-16.4838814254,-38.4423120242,9993.6316833908,9990.5933910275,-20.2428953194,9978.6930722938,9974.5885581113,-15.9641945761,-11.7772836517,-11.1000794811,9992.1529618552,-34.9988902741,-21.0055107988,9988.350089133,9976.3241298933,-21.2417582473,9973.7197720212,9985.2173277342,-4.3392866397,-16.3617239928,9987.109444995,-16.0750057756,9985.9074257099,-75.7196297181,-14.289953013,9979.2703973892,9989.1813300749,9971.7250075931,9982.4754983008,-22.8269069939,9992.1217688847,9976.1999481672,-24.7110105548,9992.5233139823,9987.0707446032,-13.3722917885,-20.7900900313,9988.0907894753,-4.1338363323,-13.8917379865,-17.5943116437,9980.2912435621,9989.9233036198,9971.1128949454,9982.5543674432,9961.0536739251,9955.3825691138,9980.0579275574,-23.2845169877,-4.1801952069,9989.68885574,9978.5070804775,-4.0116619681,9985.515924589,9975.4608501659,-14.9947368724,-25.6890452385,-4.4561813276,-39.6843397034,-16.7656647227,-13.1020797066,-20.5074753219,9987.6551983053,9985.1586344288,9984.7154961384,-15.5672776393,-21.0643798111,-9.6132680738,9985.8761342908,9994.7162010963,9980.3631109256,9970.4963222857,-2.8013121119,9985.4028350812,-3.7979031562,9987.0733145202,9991.1723913172,9993.374530347,-12.3925793072,-15.7652873364,-3.0828072882,9974.5200513599,9993.8017728808,9978.7364887308,9995.8570049624,9991.9870607554,-13.7298624844,-19.4612820786,9984.9762868316,-35.4942842564,-4.7607920999,9988.537424647,9994.6766891252,-33.2032283578,-11.0356038556,9987.0598082908,9980.7694050455,-4.1009282807,9990.0407617375,9988.0222803129,9984.1203354437,-9.1940437551,9987.6886218088,9986.4093564922,9987.1270136815,-12.2221694585,9992.44653703,9993.9641342618,9988.0779577184,9965.568919676,9985.4597492855,9990.8102317925,9993.1540599439,-18.7365701024,9991.9966677312,