{"seed":{"0":1871883252},"gamma":{"0":0.9},"cost":{"0":1712.931},"time":{"0":14.5507185459},"rewards":{"0":[-32.8102616725,-18.575407428,-60.3053423188,-134.9957405059,-148.1567753046,-6.7934167369,-21.9601436534,-25.3427003808,-6.5472703913,-17.8325288229,-15.305473197,-29.57914833,-10.9848356864,-51.0278248622,-13.2251517809,-50.0314057769,-11.6745682803,-43.1354049072,-39.7479400475,-30.4848738932,-42.4172245664,-8.0893017403,-30.5482218724,-37.0749812366,-18.7387158857,-12.7020699513,9982.8371577283,-37.6680672627,-9.6667032576,-22.8167948273,-62.9851249829,-21.9707178496,-4.5365972476,-7.3417178679,-5.7830932152,-13.7989727368,-43.8762179907,-9.1491461732,-9.1043338628,-23.9836528195,-21.8102538841,-7.7811096647,-4.4910931364,-7.5263870787,-47.9041646363,-18.199970591,-24.8668613544,-28.2186649807,-15.4758927544,-9.1736430883,-11.6058544752,-5.841366641,-20.3370445182,-56.9545261662,-17.2117328472,-11.3995522695,-71.7111105169,-14.0650446089,-23.2901106022,-13.628599903,-11.7813551439,-3.4918943307,-44.1981219616,-15.8006169217,-46.3382655547,-8.1102834436,-25.7455680041,-20.3435721378,-30.3600000009,-38.3863996267,-29.405185975,-17.4382228786,-13.641770074,-23.8848969798,-14.7287011857,-7.846474952,-34.2219786035,-21.0121896554,-3.6707317824,-39.5696073666,-14.271590112,-50.3716782271,-21.9228294675,-18.2431172989,-8.8721581481,-14.2090823169,-36.3792394171,-9.3409481721,-14.7653084167,-7.0091156407,-5.2251278374,-31.123593263,-19.254208134,-15.0015692368,-25.6094746269,-10.9475658353,-15.3317703456,-8.7125458753,-46.2818259966,-24.6268538644,-28.4459775637,-5.6864108748,-48.446782138,-5.5567920723,-7.5364911754,-21.8153873248,-65.6142229396,-15.9973291783,-20.5276649426,-16.5869386855,-17.5065104017,-28.5228024227,-12.3569761029,-15.3439453039,-29.4854601844,-2.9745255171,-3.3944321539,-14.9321869293,-25.3784105111,-21.506976386,-39.9332828739,-11.1345524978,-45.7208592241,-3.193126129,-20.384980559,-9.4060491976,-18.7771359584,-46.567089643,-9.7772046017,-24.2267701415,-8.7211613497,-11.1748259217,-45.9188750183,-28.3496537103,-19.3697932218,-32.5868176957,-50.9461126325,-15.5827874593,-12.0983835753,-48.2446879265,-13.6166963325,-23.287459326,-23.5549783094,-6.6888892466,-2.9263354279,-30.340822512,-18.7973902181,-29.8618371305,-9.2939199771,-20.5836733923,-3.0314087769,-5.9524728831,-22.8938860886,-77.3120782713,-7.629866711,-13.4256505344,-7.9947768528,-33.2188363593,-3.4499237441,-60.6657250326,-67.0250747725,-7.8699791243,-38.0026913969,-19.3035075611,-37.3881586213,-6.3964035237,-7.180025451,-40.607371086,-4.8422281647,-6.3807200278,-15.7051520883,-34.1795419958,-6.7840321609,-5.4854334276,-25.3604102885,-13.0536836493,-11.7907152801,-5.8602039153,-1.9514823077,-5.1048242378,-21.735619798,-16.9881194319,-5.4246097806,-27.2124086662,-3.8732734025,-56.5392037913,-48.5213937616,-27.0024827101,-12.4833356518,-5.6575909264,-12.3452957625,-25.1280851203,-21.7047381596,-4.5881667215,-7.0051698703,-38.8940243342,-9.9683441498,-8.22044334,-13.3966244452,-8.8062750719,-13.960420077,-4.5865398152,-14.2760688147,-11.1965161408,-37.7896952037,-15.4496978168,-13.4766163582,-6.5144051775,9974.2525668453,-9.875113607,9988.8658328936,-24.5804069224,-9.0447154484,-46.3964552636,-15.527033691,-58.3939975365,-33.5953689089,9984.8564495016,-13.7022813537,-2.8051875691,-19.3039552358,-9.9683327488,9951.9903868154,-3.1873942724,-6.5298608312,-24.6167529056,-11.0637801316,-49.8986376841,-18.8004347695,-4.1024893659,-41.1094838561,-61.2770026426,-41.2458225649,-28.7902159471,-4.7578655657,-2.7595903303,-2.2556655168,-17.5214070782,-64.4136800281,-13.227896747,-6.1766321566,-10.6319865183,-11.2102476796,-11.2572825804,-25.0944986372,-8.3461742454,-5.7993880454,-10.7160945165,9986.1937100587,-11.3732252381,-20.7013827555,-4.8603169808,-35.7832263447,-9.3480525502,-43.7177895679,-12.7287548102,-38.8725395813,-29.1865022655,-25.8453740958,-21.5748238524,-7.3625726293,-21.7895781784,-29.6036241243,-13.3057738877,-19.9030883176,-6.3337421549,-42.791963367,-39.7449611969,-19.284999542,-9.6449606419,-42.1584927,-6.3934678673,-47.3789544318,-7.8850944385,-20.1981499167,-47.1174360654,-24.962326,-28.2429558339,-25.5391770741,-34.1252749607,-12.7419387229,-63.5480528722,-33.6382263804,-28.5635710033,-43.0638162152,-39.4612862489,-13.7196361458,-27.4084323691,-16.1375488337,-7.0139506239,9987.0406058189,-44.1982381121,-33.0041882802,-26.0626015552,-6.1141140815,-7.9079800306,-8.8993648837,-9.0272935373,-22.7037813565,-4.3245869128,-3.3412659378,-33.2742418745,-11.423232676,-2.828792436,-17.3469083557,-26.0850973554,-22.1740166515,-8.2814842151,9979.9653476655,9988.6394124096,9932.778815789,-8.763475962,9978.275849812,-21.9994439211,-18.6704334856,-17.4534318761,-20.8355154853,-20.1290845302,-29.3040047235,-9.6827742794,-41.9367134093,-19.6593620569,-6.1263262264,-12.5674552861,-3.2044317625,-10.038925327,-10.9598384577,-5.5831147573,-20.8213448462,-15.9589370266,9988.0748972715,-7.9497411055,9994.1849387838,-3.2459555827,-4.7326479966,-19.5192554483,-8.0715775612,-29.4564859867,-6.0071426264,9993.8340767336,-42.9562537286,9983.8549736169,-13.6551834905,-5.7588965105,9976.7638027226,-6.3608949533,-3.9703999021,-4.4088716527,-66.0510262404,-13.7319200034,9989.1138941881,-4.1905631518,-4.6987208068,-3.7459384096,-15.1311068826,-9.3631540066,-40.6597295182,-18.0874617657,-30.5757196894,-10.8692081834,-13.838784966,-7.8466782039,-22.4001284638,9988.8898189614,-4.0850504679,-6.5293692917,-25.4416490043,-11.7823458487,-12.8428926379,9992.6440158405,-9.2398770434,-9.0452689849,-5.1216308074,-21.7345488951,9977.3185821405,-24.3001687769,-67.5717080153,-9.809272555,-10.3721005244,-4.5713553204,-27.8348831017,-10.3548574719,-10.0164211546,-3.1083897022,9981.4677766695,-3.2619983797,-16.3718180256,9985.8354207882,-9.2032750603,9970.1435451033,-13.1825938039,-11.9305715046,-3.900751218,9989.9891403768,-13.9105751476,-21.7240983752,-38.0695540619,-24.1247803351,-5.7060114717,9986.6958591976,-14.1386062656,-16.0724800313,-8.7797036894,-3.7522602142,-21.4895238656,9981.673717898,-10.6890782824,-15.4199755602,-8.2533015262,-3.3285383972,-7.1142618044,9989.6037321002,-11.1942923812,-36.3460956723,-8.6757614469,-17.083100862,-34.8142752993,9990.3991616034,9969.6563405568,-12.1051555742,-11.6260830287,9981.5518635685,-24.9987201366,9980.9710007308,-32.0739266364,-9.0663974855,-3.3215113696,9988.5317926348,-44.4934555882,9975.5279511395,-18.7885545428,-7.4017229251,-3.9669774242,-21.5534091613,-10.1396797366,-37.0612933998,-5.8009406934,9977.1019410126,-5.4608445478,-7.9691425972,-4.0418781585,-7.0101181226,-5.6620219758,9992.330594875,9993.0646302874,-13.3761660283,-30.4373369478,9984.6311394043,-41.9017184416,9988.9440187421,9991.0720121413,-10.8159776107,-14.283314232,-3.1141342494,9992.2194290378,-11.2865358657,-14.4371063985,9995.0737425161,-20.4340133077,9962.1189487562,9968.5080457446,9969.1629069173,9966.3218167355,9987.493770113,-20.7597474259,-15.120320121,9983.6355471409,9979.8678489405,9983.9835818691,-13.8842677522,9995.6425942867,9967.8307113564,9976.8241175495,9994.5968373921,9990.1670305743,9978.2387267673,-11.2403895001,9962.2109498635,9992.6876072453,9995.6232770195,-23.2825573079,-6.0376959162,-6.4051371028,-8.313251062,9982.2217125461,9981.1902514759,-22.1888762573,9978.0994526275,9993.8663165196,-4.4465529514,-20.6942096967,9995.1437488703,9994.366688818,9986.9743014005,9990.9328588607,9988.0360038019,9992.3504891443,-2.7497916991,9983.1585620307,9993.7227922417,9973.3540877792,9989.6333148966,-5.0286083337,9990.4546394337,9988.5078325266,9989.940498447,-8.5566837656,-10.3589950156,-25.6501075327,-9.7201823729,9993.9894988667,-14.4340145059,-9.6503031245,-13.9407363147,9978.7212063041,9994.1918264207,9985.4620522486,9975.6846784269,-19.4223418458,9994.740714018,9993.5424734738,9957.7396725201,9991.2780822553,9965.6600758056,9986.6256245502,-7.7954534147,-10.4546551761,9984.7215110569,9986.8771850047,9987.2818908357,-11.8425189704,9979.8752171442,9975.7010235384,