{"seed":{"0":188312339},"gamma":{"0":0.5},"cost":{"0":63424.2360000001},"time":{"0":46.4889066219},"rewards":{"0":[-9.3858506631,-13.2691318754,-15.1111874639,-42.2039129398,-30.0940681263,-15.619954295,-33.0107201072,-14.1260596914,-10.0814069841,-8.5730606055,-10.8709045123,-6.50551541,-88.5551793022,-24.0095603272,-43.1882041508,-14.6731080267,-85.9971492342,-73.1267424737,-2.8558745192,-54.3043894545,-32.977011177,-10.4366353152,-24.5519858426,-23.6056595517,-44.0086346472,-23.0818092776,-28.2858238333,-44.4613170592,-12.2056280069,-38.3955899321,-13.1014115077,-15.4611738443,-43.4990375426,-29.584316618,-78.2778350412,-19.7085294847,-15.384248441,-31.1959974926,-6.8540939694,-7.0186937953,-13.0534669327,-33.1325318384,-28.0261002154,-22.6699162551,-12.3756454795,-46.8734150572,-21.7398564778,-20.572051957,-47.0256015395,-18.5289903376,-5.7570578857,-15.2129996245,-28.308567286,-16.3503865697,-51.0593687113,-12.5707452094,-23.0007721575,-72.9275006357,-14.4727474196,-20.4229795266,-28.0787783477,-19.2412713053,-18.715564847,-22.4017440951,-18.1966380891,-33.0684962957,-10.9554349628,-66.1732909138,9975.726491597,-22.8313126382,-25.8403028173,-12.0968381052,-11.4650131351,-7.875847558,-20.1193824199,-24.3361856311,-11.6296873993,-20.285380049,-36.4605800836,-8.8234539688,-25.6680205816,-46.6202949064,-4.5530365112,-21.7734745778,-5.0142795797,-27.7309593644,-34.0051956255,-34.157712342,-14.7355247533,-62.7144458737,-27.1400372626,-38.4105758145,-10.130632605,-20.3397695405,-17.8948250351,-1.986720663,-14.4456123565,-18.1560886554,-33.1754305527,-25.3249956012,-9.2262311159,-22.4749248768,-29.9948458505,-3.7636097888,-95.2717629554,-15.2491280237,-12.0235159467,-4.1605026719,-23.1061482748,-26.2136603167,-89.3159609204,-48.9315931626,-66.6211030509,-15.2572212608,-7.7760020739,-19.0984838304,-7.3148578071,-47.9219932501,-2.0442542223,-35.731059088,-20.8032457732,-32.9768321762,9976.6859862965,-67.7704402573,-28.3692504278,-94.8320115714,9980.5384331618,-9.4095525241,-41.7726247354,-85.4610968129,-46.9567047978,-36.9884670826,-46.5592547626,-36.5478705938,-11.2026605827,-27.1864495879,-14.6386222169,-17.0136158539,-40.8117629009,-37.5347202064,-24.5877818928,-52.0362114676,-41.1735946984,-44.8845818065,-86.810546578,-8.2916991662,-23.2508736378,-33.5818370631,-29.8894482445,-7.0057343109,-41.5969604055,-3.2360129996,-13.6154859144,-54.7469185282,-36.3690850189,-21.311372422,-11.6674261207,-24.1165904044,-58.5673068505,-27.0265269162,-38.2531124727,-25.4440242674,-65.4886593914,9949.1686431359,-28.1176470264,-7.9642099814,-4.188689143,-30.1460609971,-15.8656075152,-65.5684021635,-14.9234219534,-7.4969583196,9983.0894143682,-7.2683546706,-7.0948518814,-25.8058578308,-86.2255860388,-17.5310393328,-50.1713061787,-71.186366411,-3.6700571033,-29.0692053182,-36.6243134161,-19.3210140972,-4.1460963274,-24.7038793164,-24.2789439315,9960.9748455461,-55.8455021305,-26.4610311755,-38.9053584778,-15.963600692,-11.5417129843,-41.8579122688,-41.2070513543,-136.4968790597,-27.4351798274,-10.9569608411,-33.5936567837,-25.3830724932,-13.7010866748,-30.4442373856,-28.9785464264,-6.1895190883,-15.9619190006,-17.1587573904,-3.9640062495,-19.5439110506,-32.1148351152,-21.7041723126,-16.5921794486,-6.7214552672,-74.1262606123,-14.9714027894,-28.6734540047,-16.220837461,-40.4198313827,-112.859615331,-16.999701561,-42.0810909601,-24.3784728106,-53.5573252095,-81.2381677264,-30.0483490525,-62.4103084246,-76.9911243331,-6.3728042158,-69.9152599085,-28.144329847,9980.0818974919,-52.5279127431,-24.351496355,-92.3652176284,-9.1457501256,-20.4450017023,-71.6402668433,-4.0941173477,-26.8070841601,-15.9550750245,-26.2785076473,-20.2407957481,-79.2508663331,-15.9269265704,-36.6417808765,-27.7667714892,-35.1807849965,-24.896051543,9981.1312500181,-36.1081188867,-18.1755194451,-18.892885506,-23.0052758668,-81.3414563541,-7.8220794455,-16.9590289741,-45.8296023913,-43.5324420982,-21.7382173782,-15.9974096865,-19.8175849032,9989.6324718267,9996.0652415214,-7.0696115175,9964.1288026112,-56.9924976048,-17.3646811085,-21.4750631078,-39.7782892643,-47.3280196066,-14.1484799654,-33.1211556549,-35.6114999707,-6.7050934526,-100.2599360581,-29.1446575862,-61.6765463342,9953.7380076931,-12.6908575942,-10.2570434155,-33.5319395213,-14.1779930931,-3.121810787,-70.2745548248,-87.7808047978,-7.822274252,-24.9357037745,-11.8789951507,-32.3093713791,-49.6875478007,-22.2505052608,-45.5109359315,-36.7093891095,-123.0842351635,9974.1706010139,-8.8213782502,-22.839165397,-17.2610643468,9951.377680303,9982.3750886994,-61.1575660182,-29.3785198228,-2.9311325633,9979.9701924847,-11.9798295961,-25.810402401,9951.9737154683,9939.1510750735,-4.5063064206,-40.8083005128,-28.1675590442,-75.8337719108,-31.2640724656,-35.7984831086,-12.745129916,-18.6287872816,-18.0338657673,-35.8618226893,-36.1174022801,-3.8245084256,-62.5335877419,9907.2209620646,-25.9719744209,-15.6129832274,-52.1212364879,-25.0564993125,-48.9013838021,-38.1889356483,-37.1844035668,9953.7086948051,9964.8028795094,-29.3404776937,-44.2791475891,-56.7073420948,9969.72471307,-103.8588144069,9965.531433436,-25.9071311774,-77.1017856319,-21.5182698737,9945.1354658366,9967.324930263,9983.4318908391,-33.6735868427,-47.4148543072,-30.5466861886,-102.1756341076,9955.8462567725,9980.6556164681,-89.8495287953,-76.0891301671,-38.329114566,-38.5182218971,-42.3977286998,9979.4138548968,-35.6611888139,9963.0203121241,-14.3480838,-19.0562070755,-24.5107735728,-28.3499673763,-89.8833674938,-18.3980505596,-40.3657013709,-8.4375387225,-59.2876835703,-30.9228316827,-19.3312379053,-44.9055085656,-24.5461715379,9935.248872306,9921.775849463,9982.4822181041,-44.2813131,-102.3356375934,-29.7201976489,-3.8212109345,-88.5957201765,-16.9124785342,9971.2933794401,-49.1709434442,-19.0624701596,-24.4682153906,9951.5429695572,9952.3283270835,-56.9141645321,-53.8166624129,-44.7649083425,9979.9441927,9951.1406658695,-44.1625935874,9950.8244835486,-6.2498062214,9965.9703220029,-24.9382156515,-32.425483744,9983.8146293953,9966.1274805114,9972.1278167695,-18.5735058998,9990.7799192792,-18.9494438374,-44.8215904438,-70.0280768499,9915.3496217133,-3.5723688642,9974.3795140438,-16.3764781905,-43.2833700622,9985.4636955314,9962.602405443,-46.08566732,9968.2960390505,-10.9460462303,9969.6381243555,9991.8741362498,9941.9004724818,-35.58763299,9956.2255624531,9981.8973835369,9971.7468466769,-74.1620062381,-28.4110589681,9943.9779878695,-31.5364454734,9970.8308348957,-11.7879968897,9969.8686054211,-28.6249656175,9946.9802507031,-109.7139382664,-22.1253661108,9976.3500815406,9967.0812154857,9974.8454217827,9943.4263527128,-32.0438233628,-46.4188159666,-30.3053531414,-32.0022393269,-14.0389259207,9963.9329547577,-44.3536977905,-65.5879930977,9972.4330905416,9890.1958674721,-20.0952524641,9972.9923127481,-14.0994686317,-39.7296871301,9977.3116586639,-20.2435661373,9974.9204876589,-19.8753837602,-13.3920435534,-54.4456269157,-23.8325064057,9902.3466747416,9972.4059780528,-16.4300261436,9899.0067968659,-47.2217426163,-29.2975172551,9940.9766854695,9985.0164552334,-88.6059125701,9966.4300629658,9971.4935521313,-19.3751041479,9986.9401144066,9921.7818404069,-5.7924201847,-49.7181504312,-35.8590134067,9985.6916271513,9990.334514515,9974.2133382031,9947.7255134674,-28.4565940583,-26.5956995093,-42.0290615475,-27.7126932896,-68.1389663645,9925.7530029375,-7.9947911236,9960.9831216446,-76.8897273974,-121.0091064692,9991.1943576494,-23.4443558121,9983.5146466521,9936.984848757,9989.6733090633,-15.8186386731,9948.8458576228,9946.0918885495,-19.6328844415,9970.2340051027,-55.1979817607,9955.1187594528,9932.0956187067,-28.2714587821,-18.8182133485,9975.1147744531,9988.7815837458,-53.6298580908,9916.5281447113,-25.637550677,9968.496492711,-7.3630408991,9973.0161310457,-72.8564972175,-34.2692583678,9973.5752751028,-47.0934119115,9960.5377509998,-12.3012757264,9966.7795897444,-7.581363683,-56.8519218711,-13.3962993381,9984.1204818759,9956.7529065993,-36.8695836811,9976.4111772617,9970.4476803684,