{"seed":{"0":939612284},"gamma":{"0":0.25},"cost":{"0":63424.2360000001},"time":{"0":67.3319842815},"rewards":{"0":[-6.0036800613,-23.1381747012,-51.5697693617,-24.5677679934,-9.4317889029,-46.2417503484,-7.3849047766,-52.0797677228,-15.5904016923,-16.789788449,-5.3024009635,-36.6767137094,-18.7041152498,-27.5204224901,-11.9698239301,-30.9206919402,-6.0994972448,-13.1933079372,-46.5848064543,-63.662351808,-52.3291802102,-32.3777005396,-41.0459983945,-43.7983558487,-15.4111113645,-42.0746289346,-85.7656843348,-14.4318390442,-16.9417313618,-22.6170708461,-5.1053491821,-71.0778005094,-14.3334481364,-27.6413304839,-7.2713251003,-35.7843805282,-42.278777926,-6.2171968352,-4.4146163451,-54.457440021,-31.5734242881,-63.0639167078,-63.6734415063,-17.0185962746,-42.9401059527,-41.4390445293,-21.5938000619,-65.5308214426,-15.98360928,-18.0026152619,-18.542746257,-36.412769425,-14.7637096785,-73.7218654496,-23.6364100549,-62.9646851708,-44.1598241423,-51.7764979586,-5.5552058547,-24.3289333994,-21.1644049641,-36.9393302125,-8.9759133241,-32.7627257332,-35.0701034689,-27.1594631031,-11.9090939151,-9.7074455366,-6.1364275604,-8.1374463783,-22.7019897528,-15.7065885732,-30.6729984134,-9.4026655026,-21.4867368612,-54.5501621416,-20.1902054279,-22.2849206976,-37.5658745503,-26.9617984403,-44.1141485719,-13.2676717784,-28.833668554,-5.515754921,-16.054388905,-29.180824848,-71.0479359874,-21.6652614721,-26.565604381,-27.7271302613,-33.2970675191,-5.6787138929,-72.6169364001,-27.2528256777,-28.8940802966,-84.2469009805,-44.6077426389,-37.2947441601,-54.3768619882,-18.9340120033,-8.8211581703,-17.4234251489,-4.736377431,-45.5614220973,-11.6479056821,-18.2760783309,-24.5271993165,-16.6231432938,-15.2511508874,-36.4214058402,-20.8852333488,-9.6599731621,-34.2091284556,-35.4803381088,-2.3111803239,-15.3220463641,-24.5533764256,-34.0146162046,-12.5181690022,-20.1609011157,-28.3989430586,-54.7513115108,-57.870207935,-16.0142366181,-39.7366312524,-43.0201958701,-33.2738162159,-36.4765966697,-34.4065196828,-11.466186348,-45.050875546,-28.2497335433,-14.1388190835,-16.823084012,-105.6562759026,9931.3428935833,-33.6138153153,9977.3379923638,-30.1572184149,-106.7285123224,-11.572929807,-5.7598923074,-50.3003617198,-45.7953890313,-17.8177816326,-17.2164082298,-11.7791027622,-6.1765692886,-26.2171401872,-22.7841152078,-26.5789899621,-54.5634690845,-57.4434313948,-30.56727089,-39.4091148403,-26.4995823352,-53.2280092448,-35.9453523915,-38.9929215841,-20.472942089,-6.1129260756,-14.1334893941,-22.613695618,-15.0004584782,-31.8368633516,-23.2913834801,-22.0352154065,-3.9406982929,-17.4936257787,-46.7046794214,-16.0132727665,-71.1509472784,-30.3530851804,-98.8060041239,-14.8833439512,-77.6751735718,-24.9807373994,-13.6366294814,-32.250669864,-8.2361318065,-31.6192097428,-24.3659172144,-9.84811996,-12.5197327263,-32.5291794124,-15.7255829056,-18.2062452041,-44.4964486726,-13.343092288,-21.3020535756,-19.2749954291,-4.4482195102,-37.0911166293,-32.2986235261,-13.8820855593,-38.4488103662,-4.7794756024,-13.218502108,-18.7398372984,-25.245596761,-79.7128112198,-23.716863885,-24.0058183347,-19.6356689843,-42.6315790103,-26.8710856583,-31.2322077279,-17.8305288144,-54.4133880899,-9.4748201745,-71.2419010861,-32.7217812531,-20.5260872995,-3.9526592951,-42.5880229753,-47.6303467318,-18.38687342,-16.9041264357,-2.56189754,-10.1450935357,-32.765770918,-25.0347229771,-17.4735638489,-16.3234541524,-21.2674244352,-10.0276306162,-31.7292159702,-39.1625744087,-88.1792284236,-33.9672928659,-28.3007821072,-5.3575278446,-28.5248916049,-9.0236330119,-32.9361329037,-18.3730950351,-21.5327818325,-22.6300045346,-16.2293656862,-57.6014692226,-5.8918323285,-48.6640856726,-22.293989637,-20.2708788136,-51.1978332128,-7.6109954335,-51.2322334959,-20.3733197023,-41.2491526041,-9.0831094506,-14.9822641653,-28.0461508793,-29.4184023357,-18.1021452059,-19.5149212348,-28.6316922366,-5.1423754769,-14.4047116812,-16.5648203862,-16.6844817913,-19.9167121721,-111.8763423802,-12.9084072622,-8.9297748127,-75.6986419541,-58.45805206,-40.9925238471,-9.3700752927,-22.8008338483,-29.3051951406,9972.4230420687,-8.7764200111,-7.4713879256,-23.4151069869,-11.3002898588,-28.3855558604,-36.6145688317,-15.0650682708,-30.2887596316,-15.9267972829,-10.8614301078,-16.2158217753,-57.6930644458,-27.9856825823,-41.0228994993,-15.2367718369,-33.7037413512,-41.144077425,-25.2293020677,-16.8055412299,-8.0313043441,-35.1005632894,-41.5392394417,-14.9530178451,-14.037972438,-49.3173850294,-11.692970498,-13.47123825,-20.0838459355,-58.0051683646,-11.2598848195,9962.3562475263,-3.2841711792,-44.9915501841,-32.0395288882,-49.5838954423,-19.5490196624,-11.575054243,-29.307467714,-41.7391190404,-22.0109233149,-27.9373296536,-5.9086997929,-10.503685863,-27.7393460334,-50.4403261995,-12.4564513477,-43.4908533995,-6.3098488702,-15.6983954175,-31.3723346612,-19.856631972,-26.7039989209,-30.0189647058,-40.1927437678,-15.2872116935,-37.3466901482,-19.6250910101,9972.5393794707,-41.7184479794,9969.1460296393,-40.638877582,-10.9144502869,-70.458896191,-25.1589842707,-30.5685731591,-25.3937759831,9950.9496509234,-23.3436830241,-49.5362602001,-9.3270299869,-7.9102455704,-14.2221532841,-41.1794544093,-26.6298762444,-18.9577431269,-17.6252701827,9977.7910230075,9944.2003017146,-79.5196836185,-11.7559263799,9894.474517762,9946.1810288632,-9.6947751334,-46.7837558244,-10.9501845957,-29.770530703,-44.2072599016,-31.4532658175,-9.3763739168,-36.004613671,-20.0914178819,-27.8101994787,-6.8873224566,-117.9564785322,-31.5902901452,-35.1754835032,-21.1561695392,-28.0907808911,-21.7612573172,-17.820797353,9984.5377738295,-24.5395013262,-40.3100459228,-34.2773355226,-72.1568765027,-30.3698889228,-6.8353987421,-47.8438516516,-67.0264469371,-45.6649576049,9964.5632938872,-57.909641527,9944.1964975414,-9.7912953979,-64.3073871072,-66.3137834499,-115.8820337962,-41.0637060116,-86.7947647392,-22.1305961962,-31.3743350628,-48.0167284464,-21.6321053537,-40.4813594539,-24.2361145133,-13.4360839924,-52.3407135628,-22.5032598883,-24.2256115067,9974.4727982888,-18.9898236259,9954.9233203628,-13.4388320306,-16.3435686654,-26.6842868016,-44.9624727489,-29.4845858503,-37.8800502605,-15.2255379901,-29.1765527632,-26.2377319148,-36.7735158531,9969.6053135988,-13.5642729584,-22.1929083516,-21.161030551,-18.54417499,-20.3677195533,9987.8227712992,9990.3536338648,-13.5546216309,9977.6274208278,-53.5500094811,-61.6886960333,-27.4774828325,-97.0564560979,-26.1572351377,9963.4533786021,-44.9826524224,9974.7164947334,-45.2573825049,-58.6815372175,-8.5897660276,-37.8495715998,-11.0348818816,-49.5892360636,9943.5795336006,9980.9491586829,9974.2186223858,-7.0701383119,-50.7693919889,-54.0239703904,-62.5252047674,-12.1830471961,-28.7351655999,9987.7373474531,-38.0365134814,-12.4019462538,-23.822389476,-68.170585332,-50.137187477,-18.4155375615,-61.9873709216,9985.5601093491,-32.2481578655,9900.2482256343,-13.1777749211,-21.3329718855,-43.1666099731,9986.6350290118,9975.5636368305,-43.405557524,-20.8433557541,9967.4063469668,-98.2108001142,-21.3985888199,-14.6357124457,9965.1473325518,-35.8018889776,-43.8736109218,-25.517624265,-27.4646090983,-20.7002899043,-84.6244615381,-36.9960832627,-14.8862668156,-50.5197877079,-14.2236255108,-21.4048901514,-11.2649027439,-47.6962911574,9972.1626012335,-50.8401199198,-23.0028324052,9965.286888803,9989.2292116678,9965.841558722,9990.1690649435,-15.1452906058,-34.8622270686,-15.1483053425,9984.1516832203,-8.6253955497,-36.418883945,9960.3694360959,9967.2641168711,-58.7524839005,-17.0129422352,-11.0267685983,-42.6680004856,-41.1102590906,-27.2581753639,9960.9959868397,-51.6332631377,-8.0078605544,9986.6013510172,9974.8657630852,-45.3811307724,-18.1167590099,-18.3398301067,-28.1132739139,-68.0835362455,-3.1892439462,-39.4837186435,-18.8442936274,9918.0871704074,9983.6990077882,9971.1442316776,-27.4438568821,-70.1441537269,-8.1386189693,-8.7494565158,-44.2052626754,9931.3324226303,-70.5978653987,-17.0150424155,-27.519503599,9899.0162507595,9975.9103636044,