{"seed":{"0":773370613},"gamma":{"0":0.1},"cost":{"0":63424.2360000001},"time":{"0":62.9964282513},"rewards":{"0":[-11.8188461081,-15.0159568106,-5.6518627043,-47.9613738245,-42.7259230496,-12.4053843489,-53.275726831,-87.8923480024,-74.3941007631,-7.2181557901,-62.5290874657,-13.9649373393,-16.2081651362,-33.389016513,-46.0414243179,-7.7327163713,-11.7023497196,-21.3483202415,-15.5666419869,-47.9754787287,-26.86032311,-29.7346124593,-25.8423205073,-25.0226776113,-26.4376304242,-79.9559034485,-27.1540356499,-47.5254011286,-26.1907728905,-15.8725768195,-18.6534806565,-88.3761902024,-23.9322062781,-17.6059692973,-24.8488859975,-20.9680994821,-5.3539673486,-12.4508027911,9960.0442726691,-8.4646658118,-28.3633600941,-12.1199680473,-13.6237850895,-21.2105125992,-8.182743369,-30.0112548099,-34.5311208548,-50.1693756429,-15.4149371024,-7.4693658233,-4.2672338692,-11.0452726634,-48.3439384569,-24.0759658324,-15.5195073317,-7.8346067319,-39.1667756453,-7.0198894175,9989.376208608,-40.1853375131,-13.9481582724,-35.9659291407,-17.8177407731,-20.4519630232,-50.5016069457,-15.3794189758,-43.8502083614,-5.8389066527,-21.3541422817,-41.8570824653,-29.5460281729,-15.6801926513,-56.8763117169,-29.2192431621,-9.8511904066,-26.3725666248,-40.5173576546,-22.1345370458,-4.4506438007,-12.3837567401,-17.2333859762,-26.6112988393,-65.9694147063,-16.8352014265,-32.2120041059,9960.696463873,-14.9980799574,-17.0380653468,-45.7509082697,-61.0375741506,-20.8407317153,-4.9129882472,-6.5288826123,-23.8326083459,-19.892366236,-63.0166345507,-6.3704375381,-4.7586892639,-26.4832614045,-54.0830857856,-53.7878376221,-23.0952397699,-27.8861433158,-99.2879883224,-21.3003249931,-5.7944984236,-10.6549242874,-43.5996720718,-9.275167385,-16.7365877943,-3.0303995747,-34.7982762965,-32.4367413961,-20.7064900114,-43.8822767197,-20.9455753149,-41.0062959469,-6.1046088816,-22.8504258552,-3.5441151642,-26.6066666695,-5.3636897409,-45.5517579111,-18.6503385783,-16.9181780157,-26.9716683402,-42.0790641702,-3.311961627,-25.8776492326,-27.4306445353,-15.1481642615,-13.9522661244,-19.6003474014,-8.156649849,-8.3836301391,-19.2054828061,-5.4477588088,9953.0943703224,-19.3705403067,-5.4573496997,-3.612312835,-25.6752936226,-13.9810085811,-50.9376563506,-28.1173464163,-42.7145298921,-21.1121959473,-4.3875357212,-64.9150310891,-19.4868606345,-33.7322677908,-24.7083141156,-32.3819531902,-36.0474732523,-16.5660897369,-25.8495915795,-19.9354544642,-12.3781110577,-52.0388693394,-75.1542341236,-57.3012589489,-58.4671378117,-4.2538327722,-15.1439866143,-23.7202812067,-8.1415501767,-11.6406344576,-28.586382436,-42.164609246,-23.2310575726,-40.2338425066,-36.7519922977,-56.1635849252,-20.0049770203,-16.7635215077,-26.0112942554,-6.2172030069,-44.9900648321,-75.5018576339,-9.3767638248,-34.3515230824,-21.6930584906,-36.6198056503,-25.9687595897,-3.7518759388,-11.2819947169,-22.0602537585,-46.2410918524,-11.5864731755,-14.4274249472,-95.9440257995,-69.7479879848,-25.3282176032,-16.7312320659,-114.3172523665,-20.0304424469,-35.9860198783,-12.3858083764,-15.2496437561,-21.4611332847,-20.934530493,-29.0821334976,-34.8306773278,-32.2003320206,-29.2944703535,9970.9333485253,-25.5548522596,-5.2137967293,-17.0570844358,-37.5972077732,9967.980189665,-19.1475575234,-35.0317360655,-14.5180297539,-24.8622099709,-76.6186241574,-18.9932266141,-11.2576802544,-13.1123609568,-4.5964492672,-8.9556793863,-31.3685169563,-25.8621481941,-24.4159811486,-20.5940407121,-27.3725164975,-9.115089037,-9.6804021831,-14.1828025983,-10.9199376735,-62.21749826,-16.6377454037,-53.8516877085,-6.2450918761,-14.7924015228,-9.5051871096,-82.6720466606,-17.3643971365,-78.8093036966,-9.0285799116,-12.3590814119,-12.0494290662,-17.6096862692,-38.1197424129,-75.9951866819,-52.6447965263,-11.9195343084,-9.7207752632,-3.8724132466,-37.6505507288,-14.6466445918,-14.9701543472,-44.2617935061,-4.5993425864,-36.2230568111,-3.3426974823,-18.7758349001,-29.3097235235,-16.8630540573,-36.5495624855,-11.4781155486,-44.9294329264,-6.9661653323,-54.3291741375,-36.687944585,9988.8204108111,9976.0025701189,-21.0679720247,-41.3220657977,-66.790572814,-7.8462439641,-4.0030502865,-18.9947028507,-7.8157753731,-36.4307348461,-16.4303976258,-25.5663517323,9982.0738916088,-31.90032935,-31.4673268033,-22.2091012079,-63.6332149502,9922.6900858275,-12.1943231215,-13.3876062573,-50.9113099858,-13.1134645797,-24.4118581249,-23.7342435027,-24.0343559772,-41.1787608821,-24.8528268347,-59.4404836756,-30.3997740821,-18.2836946442,-8.0013115775,-68.4227184526,-31.0753707715,-25.2530731705,-15.4630670035,-92.2142027961,-27.0967088665,-16.2819752801,-11.2070431592,-11.8786269754,-12.5027369453,-27.5559089899,-72.0539063892,-26.8388543386,-42.8373060054,-14.172397569,-4.2970325938,-12.2137081646,-57.1118538776,-31.8082883875,-66.8245742629,-67.5765913358,9964.7908372383,-38.2588358412,-7.5725921212,-25.7682862018,-44.8003536317,-25.5524233882,-7.9543576203,-38.5235185052,-36.1899412055,-22.2053398133,-52.0196926292,-25.6867446197,9962.0799841415,-22.8091525667,9975.4955977104,-17.8530291763,-60.9268975273,-10.8882279609,-13.1676052477,-29.4197280418,-15.2329352572,-7.7910438321,-7.6812033105,-4.9080014812,-54.2919043988,-100.8461130317,-34.9908021926,-34.3688402676,-49.1372181252,-21.7770583899,-83.63780115,-7.5025767174,-22.6707033844,-48.5028587187,-9.3564709615,-13.5045881833,9979.6345907601,-29.8476341877,-29.5813545158,-16.670568093,-25.1557610687,-9.0161116549,-10.8098724187,-6.2489387184,-20.3694818337,-11.8720740905,9944.8316441615,9976.8966261655,-69.8581119793,-67.1835193777,-10.2740624443,-23.444012513,9985.1263059397,-31.4751672191,-7.0246060039,-51.8905576586,-25.0845112392,-27.1349364294,-17.8857702035,-11.3321702414,-79.4189445552,-72.0522967804,-20.5845525211,-22.7760624637,-67.6637131778,-57.8071531132,-35.2287777402,-51.3815621903,-36.2542197568,-70.9428239557,-27.5047989908,-27.3224198982,-62.8304256976,-89.712005566,-11.3616503986,-68.9849447152,-32.7564956473,-26.3705926314,-9.2748858076,9966.7362728369,-27.6078154525,-7.2056423353,-3.2883379196,-16.1318104094,-33.4400924088,-29.233050685,-4.854969185,-77.9539530049,-86.1167614439,-12.6000969604,-29.8664649781,-101.0739117973,-25.5985948232,-118.5744963318,-17.1536710701,-21.6260702208,-22.9958917741,-21.2741635341,9941.6923340536,9966.9450250441,-9.0558410202,-23.8314288013,-35.0577121921,-54.1212617187,-14.3282808298,9986.5912501346,9991.9063914064,-32.7367763558,-22.801167052,-69.8431764577,-31.7222301291,-27.9936837111,-32.0009507217,-28.4607560383,9965.0457872032,-68.2068436358,9983.8241739113,-36.6899230157,-13.1310001303,-71.8075878056,-38.0283082392,-64.6863270493,-40.6524921167,-7.3285154624,9953.4805585449,-41.0531187899,9970.1333464684,-31.0555931071,-3.9974410664,-18.7753754145,-54.1466214019,9917.559683964,-34.1391611912,-43.6303760093,-47.0576673917,-29.9475000818,-13.7900367842,9952.7042804549,-62.0490796538,-53.0440919498,-37.9420467784,-8.5288283694,-20.1611936369,-46.2216854986,-29.8114846727,-67.9669569939,-75.981272582,9987.3987827991,-55.7492049633,-19.9432647286,-21.3314180112,-47.1164872867,-40.1194031806,-52.7902570277,-46.8736018969,-46.2145072288,-5.6815073477,-13.5931179157,-12.3725849404,-24.3081139253,-36.1323348493,-24.9907360915,-25.2205838871,9940.3672103983,-21.0927963608,9969.4725733682,9966.0781625919,9970.5728523025,-30.2658071459,-21.6241331226,9976.7967878744,-14.2444954658,-48.9009492446,-60.034194833,-19.5898528892,-48.3277555856,-32.1408443789,-55.4753160798,-5.0979602776,-25.7503527062,9977.9154946305,-32.4088891745,-12.6943811396,-82.0827170802,-13.4196110462,-66.4226043381,-37.7460756557,-11.8768347446,-17.9295327136,-23.0298311918,-23.6479307446,-19.2709015493,-10.2354057532,-4.540831415,-63.3592328438,-18.1842707521,-27.3428072412,9936.5872102733,-70.2967370382,-10.9532702313,-30.4578550867,-9.3685923587,-14.4233075811,-48.967799899,-7.3949179075,-8.7207937741,-7.0902420776,-14.6834177054,-12.6417475206,-35.36908478,-9.8868662066,-31.3201610394,-15.8594314308,