{"seed":{"0":188312339},"gamma":{"0":0.99},"cost":{"0":null},"time":{"0":9.1639499664},"rewards":{"0":[-9.3858506631,-13.2691318754,-15.1111874639,-42.2039129398,-30.0940681263,-15.619954295,-33.0107201072,-13.3002145733,-10.8987490495,-8.4393198791,-10.8709045123,-23.5386820185,-23.7678741269,-31.5923106586,-13.8137886473,-29.9514952681,-34.3571236883,-15.3762039581,-33.7250433289,-7.638732646,-28.6196506139,-33.3039344039,-41.1629256851,-6.5715769105,-31.1984905654,-10.9885346742,-29.9705394006,-31.8628087145,-7.019960803,-75.6296118687,-25.9302341129,-14.0007300372,-19.3575150835,-9.6551431463,-20.1778179423,-35.3534501906,-47.6711265245,-68.43098096,-40.2345202725,-27.653953817,-24.2601576306,-38.6883152954,-41.4384082224,-34.0119516917,-7.558887777,-58.5205445192,-17.7787821381,-10.8273789977,-26.9496411751,-10.4321714988,-31.9997723874,-11.1085919953,-5.0219364649,-17.2642681837,-11.5856371143,-38.2714644438,-21.0794157436,-6.351324359,-25.0020700803,-23.8792912366,-11.5347296128,-49.2450333824,-9.9491325632,-5.6547871866,-8.189617236,-19.5337224084,-51.2270272604,-12.0802603228,-34.0871170615,-47.2418821813,-9.3346381259,-4.4881369845,-30.3658686023,-56.9070848869,-18.5209383373,-17.9328109283,-10.1305944507,-2.9388065866,-13.4934456436,-22.9616580764,-34.7515411355,-34.9445548329,-27.2660138998,-12.0013709305,-6.5453127948,-10.0450489043,-26.3577637829,-17.3171923779,-11.6717877993,-8.638253024,-36.681346803,-19.5273051303,-15.6172641305,-5.7042425057,-64.94447939,-5.0640275011,-25.6907591531,-35.2530963951,-46.1664790538,-9.2179103145,-9.4153640868,-27.0802210518,-12.2725159885,-6.2839934081,-10.3107359675,-14.5689137523,-32.7501180436,-37.0128601442,-6.2879329563,-12.3320018716,-25.5236000084,-9.8595131433,-30.0880255779,-21.9372566907,-11.2568018925,-22.6312496309,-9.2497018584,-7.5293730071,-4.0158351533,-24.961676487,-18.6395685856,-30.9034394453,-10.956473705,-2.9202034789,-5.6672625344,-8.460948004,-7.7820446771,-4.7895273071,-17.3319643,-19.502739461,-5.0097003264,-11.6607764719,-32.5744425569,-13.58364008,-8.5270817717,-22.9512508878,-27.5643535232,-12.2091117578,-11.4592935331,-9.1483447272,-9.2723020065,-35.3789221056,-16.3298678893,-9.2434503224,-11.3470292679,-7.2868686642,-21.2472334098,-7.3928878654,-5.9599253251,-11.115588575,-7.0726291308,-19.7435508969,-44.0284789389,-6.583079524,-3.2520661157,-8.9870112029,-15.4352764275,-5.4097556406,-9.1203423802,-10.0541234864,-10.2850821017,-5.4058603041,-12.8880076126,-5.5821696199,-19.4710072271,-7.0103904673,-42.8126674201,-18.1740503373,-5.2396025965,-21.1868388143,-15.9387383032,-11.243217529,-21.4083073778,-3.9181702003,-6.9938586869,-9.5031480743,-11.0529131376,-9.6346851438,-9.1283543676,-20.9247712735,-4.8847318413,-15.6828857443,-3.3058469825,-4.5374571032,-5.260941512,-17.4435876979,-7.5778434699,-5.9349398384,-10.1827768604,-24.8754683622,-5.5198172244,-23.3491675142,-11.9456419678,-20.34699582,-4.8673328283,-9.7210587369,-19.0593782512,-4.3349536325,-12.682644643,-8.0696634421,-5.6217234195,-22.4661375492,-32.0140246388,-3.9377743449,-4.8641790773,-12.5422283357,-5.7949785724,-12.1810485467,-7.6471114378,-6.7925520721,-9.968821873,-31.3375766148,-5.1717875433,-4.6264612587,-7.063573623,-9.5867493163,-8.8003860969,-19.6800476776,-5.6685961894,-9.7385028478,-11.7663081793,-11.2971119357,-5.1967371859,-4.9657687407,-20.8842922102,-6.9886022101,-22.210063262,-4.6363341605,-7.8943750954,-5.6111529997,-13.4717337367,-11.3659385291,-6.1479481867,-6.2985156,-12.6781758687,-10.8871529581,-11.081618646,-10.1850285606,-15.0503925359,-9.3951493425,-15.287804256,-4.3911084597,-3.1337291373,-10.3114100104,-11.0295390561,-7.0121732704,-8.1209167857,-3.9207710488,-8.6147585927,-3.7602920649,-4.5985683703,-5.0560584266,-15.6129578225,-7.5164170061,-3.3791595316,-13.1587120751,-10.7579420812,-6.3034717855,-8.0715971142,-11.7094569459,-5.7874528639,-2.1200551466,-5.9349330639,-4.8352603741,-7.1704394236,-15.4932490161,-5.2517677257,-4.9629324024,-13.0707175568,-10.9332757624,-6.3307655977,-5.0871003872,-8.1445272385,-6.7344013092,-3.7997569669,-5.332875944,-5.6679300289,-6.9135378052,-6.9144311317,-8.6413881781,-8.0552506999,-5.5482524917,-3.0319088002,-5.8698676452,-5.3590116959,-31.1080398483,-3.5906186102,-5.8958426363,-6.1852599676,-3.854151788,-8.654173119,-3.1020210061,-4.8519203931,-4.0146419541,-4.4198093795,-7.0106339706,-10.0027967131,-7.0863728903,-2.5997838433,-8.1364888163,-4.1650554549,-6.4929366187,-4.6320074018,-2.0283987762,-6.6759109853,-9.1740980964,-6.3702654038,-6.7265615155,-4.107422798,-17.1529401115,-7.4233796029,-3.9373985878,-4.8753683263,-4.8956564395,-7.1662748198,-5.5315000128,-4.2742406374,-4.9798316663,-8.0269852026,-19.5879274089,-5.4116371425,-3.7293780901,-11.6295897463,-6.0468064638,-6.54281196,-5.2547003925,-6.3843371562,-5.4015365813,-3.1282281912,-3.0761349713,-5.3466748688,-11.1665402941,-6.8885729277,-15.6825038316,-10.1248058339,-10.0242113854,-3.5509618529,-6.5322255841,-6.4950861113,-9.4181079338,-3.8947376519,-2.6401303769,-6.5395433567,-3.8372606933,-3.9408143064,-12.8790708946,-5.5107452289,-3.2095032978,-4.3366672136,-5.4535996645,-4.4502211886,-3.7930056613,-4.1232324264,-5.2444893574,-4.0301084885,-3.4921323298,-9.3702096754,-13.4215115051,-2.6835982014,-7.1196957773,-4.5154849252,-2.3156490282,-6.4184748105,-2.806873025,-8.6233530064,-4.4337807872,-4.3907781579,-12.5058523976,-6.1337580757,-4.6807871034,-3.0937323647,-4.759327551,-2.9179601683,-4.6773449699,-2.2258958048,-5.7766580919,-6.9555068106,-12.4234851581,-7.1507921665,-2.9696126703,-10.1415362981,-9.8169648577,-5.5853503034,-6.0565800227,-5.0401171055,-7.0106413894,-4.0664201397,-6.9869713871,-3.8694787224,-6.3445494327,-4.9282947938,-8.3659849795,-7.0750976191,-18.0885877487,-7.0940925245,-4.1786424484,-4.765304269,-4.8083573896,-5.2209292055,-14.0318663275,-4.8678168448,-3.052711305,-4.8545729398,-3.7476764253,-4.0188461559,-2.507663391,-3.849757526,-7.2602239398,-7.0953424721,-4.5021709559,-14.6941846103,-4.0015058891,-5.964693225,-4.0194956268,-4.7874068616,-4.1058007619,-2.966082613,-2.2694024923,-7.4085603551,-5.0410703982,-3.2098649418,-5.5735621389,-4.6651042091,-4.6328907185,-3.4745068525,-4.4534176393,-3.8668812387,-5.2704562865,-3.9444032694,-8.9119388377,-2.4888688271,-3.6951688844,-4.0073783201,-5.0053572426,-7.8141202018,-3.2219651834,-7.2831666212,-9.1559504708,-2.8944526991,-4.1692154829,-3.5730168924,-3.8507063185,-3.0104567844,-3.2020979952,-2.7039731696,-8.9752519406,-3.8726747162,-3.9726725436,-5.7428402558,-6.353410583,-3.7773336095,-5.3109217187,-2.6479086554,-4.2757091466,-6.300976988,-3.5473897796,-3.2545945627,-5.6036014807,-3.3440708748,-4.361259132,-4.3759424128,-3.5501983828,-3.2055317554,-8.4481811489,-1.9534833667,-3.6090159596,-6.7226158473,-2.211347129,-8.6132910943,-4.1457613053,-2.8151164563,-2.0929942722,-3.3494077199,-3.4413041448,-4.060904772,-5.1941520694,-4.1187607228,-3.6443123253,-5.2888925116,-4.436964887,-2.6579700068,-4.1763746653,-3.3477948775,-3.2202924133,-2.3897842318,-6.9677742581,-5.246309331,-2.3799205006,-3.3856485843,-3.3449758571,-4.1961328928,-2.4215502585,-5.2163382615,-2.6370756922,-4.253188729,-5.9519631658,-3.9463134715,-5.1646068787,-1.6678520781,-6.9948955367,-3.1608372154,-8.0497809174,-7.5234516331,-2.3280878074,-3.0864912438,-3.6289974044,-5.7645531288,-1.9902033536,-5.4530390681,-3.2583793521,-3.1139648712,-4.2246805425,-4.0990113698,-1.8489339766,-6.1468520214,-2.5750733953,-6.3411622006,-3.601917867,-2.9733139988,-4.1499535513,-5.1411904379,-3.0574418339,-5.5360446353,-3.0283010971,-2.4204388561,-2.1918527519,-6.4405653316,-5.4075576677,-3.6016227992,-3.5338906798,-2.2667232639,-3.9926921494,-2.8706544075,-3.2416110785,-2.9514859086,-3.7237537818,-3.3570567302,-4.8969753358,-4.1677179255,-3.6085983792,-2.4217862179,-4.5606825444,-4.6408161522,-5.3125144071,-5.6901962029,-3.8263385983,-2.3788649573,-6.7920206163,-9.9818580234,-4.516968615,-3.0766989245,-3.666002589,-3.6591966096,-3.6262306154,-3.1609118783,