{"seed":{"0":186872697},"gamma":{"0":0.99},"cost":{"0":1719.062},"time":{"0":16.8105359077},"rewards":{"0":[9973.4218593809,-73.9447110111,-139.8038866125,-44.8328639099,-15.2419857505,-9.2793602709,-6.5288664822,-12.9366886718,-4.3340073829,-60.9004604746,-14.0860677385,-40.917511397,-16.5205357264,-12.0001992382,-19.9692239486,-8.6660625305,-5.3969174318,-11.199663394,-19.427462853,-102.1267139708,-4.4583801109,-19.7131812186,-23.2190973821,-41.9681112915,-18.6782343427,-7.7442228832,-4.3962073875,-9.0948327747,-7.8823754343,-52.1146793743,-27.5299268995,-47.9108008386,-34.0269444141,-4.0755405825,-11.7757901946,-6.3986969795,-6.1979317529,-16.7581517215,-9.3399957436,-15.1659562906,-11.6740296281,-39.7556333572,-29.7737992027,-28.8851933661,-12.8576554979,-83.258178966,-19.4241167369,-28.2563313944,-30.524920558,-5.7775800803,-27.9486025561,-44.4099996574,-70.7427714154,-6.2737784726,-9.1454086839,-21.3980059066,-5.2109148344,-20.9642886507,-9.9575986827,-28.9865475456,-12.5360547435,-12.9492350868,-6.7820248171,-13.6620129795,-28.7299827667,-13.3276153829,-46.4233584988,-5.6878983407,-11.0827261426,-12.0962984121,-49.7082941461,-14.0322909554,-18.7501037373,-30.9021657454,-50.6405158632,-17.7162427609,-20.4478403285,-23.7740106319,-14.8621816607,-10.4579960693,-31.9859148045,-15.6946544324,-78.4349767988,-66.4376702488,-68.5606435266,-39.2424186941,-16.8712952427,-18.0073839303,-40.6596742455,-25.5088279575,-14.3526346089,-32.0497207743,-3.9480790111,9959.088783876,-12.5832945596,-28.5091385672,-10.0100044352,-21.1771327521,-31.8438047157,-9.7835059333,-17.317888234,-14.756109557,-24.4199092918,-8.3572333733,-24.1542607272,-15.6093245141,-27.2086297141,-10.8977522199,-19.6764034892,-4.8326479097,-21.466734478,-8.8965902405,-4.0770436185,-19.6620127733,-27.2521030957,-54.2743371833,-9.1944435897,-12.1930473029,-26.2598562064,-10.1580638816,-15.9290091326,-11.0681384823,-23.6372430282,-64.7154601166,-5.7202705834,-8.9855275282,-27.6106751554,-14.3201829723,-38.8567689702,-11.5106417058,-39.3397078163,-18.3355715344,-48.4625935385,-16.7393961458,-34.8144855195,-17.4533963426,-21.0589745728,-7.8907934663,-33.1861221519,-17.8145827642,-23.7967375435,-12.7148928706,-13.916006358,-13.9190460644,-21.4021448261,-23.8795490021,-21.8483259807,-10.1799817295,-21.6672831046,-75.9024104154,-15.9623744762,-46.8519950643,-65.8433950414,-15.1562350338,-9.606055146,-11.6788193942,-41.5011839842,-9.1418953217,-13.3281293195,-11.0591856255,-8.7527426885,-71.2063014474,-20.9896327629,-19.1890363316,-44.7700531307,-37.0110588499,-27.7407073987,-10.9066018803,-35.9038919569,-11.6360243613,-13.8014250136,-50.0717396009,-9.0458877276,-28.2751620244,-15.0259098304,-8.7931156462,-22.5584242793,-7.1944354578,-24.2605676255,-8.4038495027,-38.1763507532,-22.5813633723,-30.944750544,-33.9663401759,-30.794673361,-20.4875285415,-25.5766532474,-30.1701936815,-41.2593316174,-18.0203552716,-17.9597974986,-20.9775963233,-15.6145401768,-15.8942357111,-5.9168891981,-14.7929178578,-47.8869740203,-36.09274219,-9.3082750257,-9.2462797296,-18.2402186638,-4.2892723373,-18.1645475655,-35.5300560245,-18.5550815391,-28.6125400695,-28.9305444819,-31.2072447387,-4.3388549837,-26.6279202147,-21.916473279,-10.7362226181,-14.0641053899,-11.1912765741,-10.388676037,9992.7462554083,-19.4985169847,-31.6441180194,-22.0378749685,-35.8290152275,-4.2878040304,-97.3724570265,-28.1587462106,-3.7391630986,-15.1576181807,-14.6904746012,-3.6006866439,-12.8128304069,-21.4725990223,-27.5954377044,-15.1645173001,-19.0014587196,-51.0618633964,-65.3535028976,9977.7381864576,-23.1171882196,-34.6926770924,-6.8085166207,-38.6823125266,-10.8893158872,-20.6030480429,-3.8010777496,-18.5725765269,-29.7446284044,-16.1682585317,-25.5897348298,-15.9411473463,-42.4655933885,-9.9554365485,-13.7321401018,-15.387056943,-5.506591928,-14.615092681,-21.3755581721,-27.9104528979,-3.5633425082,-37.2745926785,9978.2777972823,-58.045042356,-23.8407490291,-26.8232457954,-31.2059910795,-9.5081947458,-11.5051716395,-17.8408207619,-13.3869336267,9994.1304366592,-42.0819328405,-15.1938729283,-6.7760726591,-17.6222880126,-21.5345360356,-13.2925788282,-9.320074519,-16.6019264777,-11.3861664057,9974.6124236778,9982.6602064663,-2.9474220489,-31.5213376234,-32.7059556766,-5.3510578006,-18.6735590098,-18.0898541985,9991.8403667704,-3.7013718266,-32.8004764156,9992.6621551648,-24.6387479267,-29.1069760391,-20.8666365553,-32.56150702,-9.4986926359,-7.5315956615,-54.3427887008,9992.467586538,-13.0268153041,-27.8855565497,9974.3733669038,9965.959458827,-15.7325486675,-24.9801455422,-49.6846514166,9960.0972959062,-19.7487898564,-20.0343085911,-4.840526852,-10.6928732457,-26.291364808,-12.6443672681,-4.8958415685,9968.9549993663,-9.0177092791,9980.1122071,-85.235864602,-73.2314900363,-28.8616513251,-18.5198771034,9988.3713667655,9964.8630029658,-20.8188835826,9984.8584111903,-11.0185406279,-20.2570971927,-45.8795238871,-9.6107962921,-40.1838564199,9973.1476372879,9982.5303568504,-36.7946228299,-56.4215612768,-9.2135693944,9985.5603960333,-24.3313910484,-15.4347002542,9991.7640618094,-15.1120668626,-6.6574676625,-18.7621829893,-17.7411953832,-16.6884946168,9964.8570356043,-54.0989210627,-6.2093801245,9936.0405563718,9955.4367410563,9954.162322056,-18.3282007961,-15.5330457833,-34.4103130351,-18.4768978232,9977.4052319089,9990.3590476987,9975.4790421856,-18.532979758,-34.5310852552,-22.3342523355,9982.0683318234,-31.3775203767,-63.2073392707,-8.1299252452,-16.4434191835,-2.5972726201,-20.2769551495,9963.240073052,-25.0531254014,-8.084254317,9988.0576730756,-15.2185780332,9969.4388408077,-21.7611340042,9992.4521424096,-57.0764622634,-35.1968410396,-38.2368772662,9985.3285109119,9977.1262356985,-14.4824331311,-9.0256844263,-71.9108285069,9986.5043590109,9989.8053594979,-24.7389338665,-6.868001725,-21.6912792755,-23.1378116802,-24.4644834605,-53.5334965462,9986.9464540121,-13.7451227369,9988.0636657064,-14.1068191345,-46.4360385571,9993.5325168419,9987.7020217869,-23.4943443186,9995.3689228968,9994.8452788633,9975.0902696469,9974.7073963749,-39.5727476939,9972.0326743809,-9.1609310706,-18.2961930567,-37.8374266609,9983.5099241914,9971.8019745267,9982.2978947541,-32.9174920269,-19.2785255057,9969.1989427071,-21.5665116398,9994.2967650816,9984.1298223349,-68.2573946153,9984.3483516797,9987.2016066165,9989.4130852227,9984.1445070935,9962.4458240116,-17.3249077863,-4.3068995659,-41.077959596,9993.6669133343,-4.3201354594,9992.8916178775,9938.3132060385,-5.0005724385,9925.7342074491,9980.4552439832,-44.6176784483,9964.2421429931,-61.2820835254,-13.886064171,-41.1013887518,-3.0941099703,-9.401629697,9980.3149600162,9946.6812748927,-8.6662389444,9986.8048413092,-32.2085889823,9965.7404490586,9969.1697638191,-3.8971551279,-15.1546077738,9960.0632835784,9950.0892746444,9985.0046195527,9982.081479758,9984.6679355168,-11.8930052874,-20.0563807826,-31.771167849,9910.5923829988,9989.2478885292,9991.8647546783,9972.708487837,9968.0316434401,-32.0240715498,9946.7773309274,9979.3186741127,9968.0474438384,9995.2973165147,9992.6919391665,9983.6620127957,9987.6210955347,9960.1215341006,-43.4978446088,-23.1207036525,9991.3612271804,9973.8584275727,9976.4907129593,9967.8905070224,9979.0734497172,9970.7717351583,9971.7434777569,9980.3127211527,9986.4790665714,9993.0825244083,9981.7071328689,9976.7509171291,9989.6697657682,9991.3581406582,9990.2559862732,-31.975375425,-12.481199656,9978.2180500165,9989.9306292794,9991.1699209677,9997.1143817074,9990.3258790185,9991.4183264708,9986.1544295265,9983.1878836419,9978.4204143267,9988.7647197891,-43.8741513808,9984.8308487785,9991.3472568551,-6.9589278457,9961.9720427468,-4.2898350853,9990.9210180143,9969.8955114697,9989.3145037487,9942.2322557653,9987.1662200496,-6.510586577,9956.8954782015,-14.3100073201,9964.381499718,9986.6252037898,-31.4520164575,9975.1793093093,9986.6127345349,9990.449287209,-9.7869172318,9967.7911710379,9993.9732480426,9966.1319443408,9991.0280333183,9991.5875636659,-49.9446038778,9991.968169461,-26.629293988,