{"seed":{"0":694388766},"gamma":{"0":0.1},"cost":{"0":63424.2360000001},"time":{"0":63.6552460194},"rewards":{"0":[-18.1384275593,-17.2125281148,-15.558193597,-6.2534393281,-18.580059755,-55.2804241006,-5.8747565419,-16.1865088588,-36.9473291294,-10.6913261431,-16.3054395082,-30.2185712032,-22.8262495987,-16.6699464848,-12.5205226118,-6.0416165955,-42.572904801,-26.7109177137,-33.2288709749,-43.4820740622,-15.713215596,-8.0832136764,-30.2528123814,-44.3545600962,-9.1951075562,-6.0211716232,-20.5177800823,-8.4052697424,-61.7690859281,-42.1022098099,-33.4714308683,-28.6307838106,-16.8512648424,-8.3361732447,-34.364689643,-10.8730358328,-43.3660702274,-8.9185108312,-33.770119453,-15.0014971214,-5.9899834036,-50.0876905703,-11.1687235859,-18.7400408485,-10.0519290669,-53.8245037311,-22.9492726364,-14.5444617618,-107.8317069992,-26.7688042517,-17.8335103499,-7.8550031296,-56.0595035361,-4.0132880687,-53.4619903021,-16.9663784788,-34.8523844501,-21.5701488162,-30.8450566236,-21.3613952711,-8.3317484808,-75.5740392342,-47.6302942648,-55.9868570704,-10.909060738,-23.208622483,-93.505987801,-11.2398905601,-55.8291678697,-9.8560417578,-32.0984725409,-30.7089503415,-11.1184915907,-34.9194841313,-21.3833877709,-79.4777598061,-17.8524258391,-11.793880573,-64.9843761106,-13.0414049429,-8.7307481932,-38.1952021296,-9.0951361485,-9.935395786,-29.1736529057,-88.885430494,-34.0322056946,-20.2296382265,-9.8857497299,-69.3407910495,-35.234510148,-19.8672987368,-22.9957106424,-7.9244417972,-6.1205846859,-23.51473032,-28.6730347108,-15.6787972328,-8.8607889344,-16.6645057326,-35.5473991622,-20.9942449257,-18.4717910297,-35.9190708243,-14.3837443466,-25.5842492586,-65.4378969855,-10.0066595544,-17.809741921,-31.4130026114,-8.7019497755,-40.0954195182,-16.0184713712,-52.52384129,-33.6297311936,-12.3438962217,-20.2445512492,-25.9155185448,-12.3732347969,-23.8317042393,-14.1443410402,-8.1242992251,-83.9501083019,-79.1139802692,-11.1042073944,-38.2714652573,-88.0126837067,-11.707594072,-8.8873178587,-38.492209799,-44.3798775102,-43.9641888665,-18.5906016987,-3.7599221154,-21.0256825907,-30.7965209271,-70.5002963015,-17.4497051319,-3.06770939,-67.7190732861,-70.8868301122,-25.1629585069,-14.3716269606,-59.8628246817,-28.073330833,-43.9503051145,-6.8747800976,-45.9501686781,-25.5904778622,-12.0261123813,-17.2892853814,-6.7212980762,-31.8162411286,-41.2538494759,-97.046086518,-70.1488585862,-18.4549873099,-34.5752755715,-52.7302751147,-31.1521624475,-7.8370068231,-5.9107151304,-7.6961027893,-29.6913416839,-108.4931180635,-3.4554733932,-13.8407310692,-11.0909743903,-21.3284014306,-56.754328397,-11.1426462309,-41.6635944887,-13.1946778684,-21.6809192716,-11.7830649989,-16.1635640602,-58.2851523948,-77.8369232115,-26.7235701098,-4.2947305225,-18.9143548443,-11.013143643,-53.5402209324,-50.1070267443,-26.5841084526,-11.1014661594,-11.2937965215,-8.7771673777,-90.1361633826,-44.2641112719,-16.730763758,-14.4318503437,9938.0731174173,-16.8457089788,-16.3894392798,-34.7616141052,-38.8725945617,-31.9868885852,-27.7727974173,-73.3796415566,-22.6928025668,-39.9546754903,-68.879376755,-19.328082147,-18.926419766,-19.5136176635,-10.6574985588,-56.2473752913,-17.4888672042,-28.5329710893,-30.8837560984,-6.1962227641,-10.7987850641,-18.4589162779,-5.5579807768,-129.3554943613,-21.1364552135,-4.5169559676,-22.9553400743,9975.6967779358,-40.7240961778,-11.2109283408,-94.902100752,-60.8114130078,-5.7434422568,-12.5226069589,-39.1588719686,-56.1671299769,-17.2462225568,-95.3962995069,-8.9600402938,-9.5785793724,-55.2427732065,-89.9061166171,-97.5712582482,-10.0877217165,-29.7374777696,-40.3877501378,-10.1604599856,-25.3618932737,9951.6924061478,-41.3327822911,-24.4408377961,-38.3947970223,-14.5899615747,-72.1314080902,-13.5769427531,-17.3320210507,-18.100663907,-8.8752965308,-19.1022186066,-9.7106322076,-24.482821089,-11.8484108514,-28.07196985,-17.4038232689,-12.3182327786,-17.0556542152,-10.7555237476,-6.6577892316,-41.1902706655,-95.9055915097,-3.5791909763,-56.2201079934,-32.5401866416,-30.4629287272,-53.5614920009,-76.2107918818,-69.5860237277,-21.137705301,-28.9604371662,-5.6049900951,-18.3898703648,-23.9539868782,-33.3856299314,-21.1682787852,-7.4317066766,-32.5808831812,-93.4089930987,-23.4233100204,-39.4134358952,-43.017191529,-19.7942999129,-73.0523464755,-6.7334333168,-26.4080526297,9919.2037088464,-48.662375635,-41.1071934146,-20.3748565705,-22.6143627516,-40.2187654815,-7.8241824176,-15.2239621638,-35.1895072035,9973.457297261,-24.743715205,-28.4917430982,-22.0055183819,-30.8274574402,-18.8786222267,-6.3128376117,-36.8734875788,-17.7279531326,-79.355493388,-35.2093688963,-55.2060984675,-13.1323242156,-7.6087032117,-24.4526075122,-9.2647054508,-12.6324529207,-48.4355501405,-18.8285256838,-7.3967993789,-7.7998447272,-49.4137897885,-58.3965055134,-25.3860967543,-76.5805809033,-18.6816251585,-78.5576851968,-8.7037813325,-14.9057690718,-13.6072474894,-25.0422611721,-19.2871974505,-19.5877156541,-24.7779468418,-48.0288523103,-14.7295245136,-30.3851842983,-27.7137816035,-19.699126906,-78.3954007777,-53.0020367931,-27.551619382,-29.2761393915,-42.8853658009,-29.8976376069,-5.6412553679,-19.1744416232,-43.6280085221,-20.2926059852,-5.4254832295,-48.2214824596,-10.5901422893,-30.3410782956,-4.4764535706,-51.2489447135,-5.5629684753,-7.7121971923,-48.3445567779,-39.0642047042,-41.0538552651,-88.6363541713,-11.2830060886,-4.4121805121,-20.4646426199,-6.0460060961,-35.6569520925,-28.6988822236,-31.7088934704,-19.4638294834,-21.911156807,-19.0586538448,-15.6906146675,-56.2661479764,-74.090433405,-10.2116153041,-9.2995277718,-78.0329953473,-31.6199917383,-20.1247419017,-28.326756169,-23.2874374409,-6.2022005589,-24.9026146398,-47.0928799496,-43.2173063045,-11.7678880132,-25.3195727856,-30.1929329365,-18.9364686533,-6.0270029345,-12.0890087228,-13.1500974911,-26.2620542167,-20.307462965,-11.6193716219,-4.8574616325,-20.4846429636,-38.61568112,-45.3274527211,-10.9850285064,-22.9704241042,-33.4891083033,-12.2171509684,-17.4473207786,-28.7441145298,-39.0322115457,-20.8116825881,-8.7761750855,-37.7073683914,-52.8502060004,-4.7120936874,-54.3386864619,-7.8443933273,-34.5492332622,-67.5278459993,-43.5793923088,-9.1185458943,-26.8556700047,-27.9324739429,-44.8291129552,-36.8739043291,-7.8718792241,-20.9527899598,-42.6652714635,-20.0852704626,-26.3256274052,-9.1433034688,-10.6237308172,-62.9001153436,-65.2907381174,-22.7296057213,-46.8163995256,-11.9945676543,-29.6251572471,-20.478734015,-37.8846181262,-26.2011130485,-10.4721027407,-11.0329609122,-7.9353861464,-26.1793898712,-12.4783939372,-20.4942474938,-7.6731391393,-12.4128702352,-46.4367450018,-52.2652140334,-6.075643823,-71.0139280147,-8.6625083882,-33.1878364438,-25.4263949305,-20.8469058498,-36.9440547144,-27.8264557162,-10.5926347128,-15.4205460351,-6.1979735202,-91.1266073456,-8.2193506535,-50.8639015426,-25.2407783156,-5.1580914177,-16.4712922301,-37.8085217274,-27.8770004551,-23.7183904244,-11.0339107321,-53.9199348648,9952.0817550928,-31.9014117284,-27.3634541159,-18.5955185881,-9.0216887695,-88.8452010192,-6.2835533004,-16.0178447419,-30.4373916712,-73.1532925167,-13.0507863103,-29.6530820644,-21.25799695,-78.8385459297,-11.1476817218,9966.2437967804,-36.8533397672,-16.1693417554,-22.277929334,-7.4771056852,-18.23636169,-70.7570583752,-25.2946540049,-15.0379831921,-16.7280233794,-12.4336465931,-22.5658630381,-13.4714221302,-64.7109173443,-14.6333902096,-12.7429262966,-9.2759850096,-27.0556717355,-14.6917507037,-76.4195315408,9981.770434176,-70.2081976662,-20.7954030683,-31.2376130791,-21.659664554,-36.239001704,-4.2080390604,-10.2266035325,-20.5171300009,-33.6823501609,-20.2602588641,-6.2074417287,-9.9536094709,-19.5950398552,-31.9610472207,-4.6611379009,-41.8940627052,-19.1312834464,-40.9394756827,-72.2633973432,-79.3121071217,-9.3055460269,-11.9245670266,-33.1309086651,-27.9051214471,-24.8610298371,-12.1805822953,-9.0297862226,-11.1509790507,-16.8762161491,-26.1746649246,9957.0949766128,-4.8508124975,-29.1269009982,-26.2752890678,