{"seed":{"0":1859168769},"gamma":{"0":0.1},"cost":{"0":63424.2360000001},"time":{"0":53.1536889076},"rewards":{"0":[-11.6427302228,-20.5577799313,-15.8416210667,-25.9412865989,-11.0035940584,-4.8755821831,-10.9271358295,-135.2476851377,-33.0707441992,-16.2920936449,-16.4254707366,-91.4179008525,-41.9672911108,-46.3178492629,-23.5740278359,-33.93156499,-13.234918331,-43.3212732381,-18.4447533091,-25.6837359514,-14.0301083818,-3.4982504107,-16.1421664824,-26.6096791999,9986.4097324503,-7.9176748225,-67.9469779636,-19.2169992371,-32.7940851189,-37.9430467397,-13.4153180185,-22.5798345309,-124.1836343065,-28.1114807629,-17.6694798571,-10.7163900961,-18.6922330355,-17.163294241,-11.2042779585,-17.6303242818,-25.9224509836,-6.5998656778,-8.6116599211,-36.4240003214,-5.3696057585,-46.8644819141,-36.4969879415,-29.4593625737,-47.0306599594,-35.8183240211,-17.0384529218,-13.9765293213,-6.8434597831,-15.6488922909,-32.9353395133,-19.4596100589,-39.8240524408,-52.7753978244,-13.9747191148,-50.9474731172,-27.1941140978,-39.274071927,-14.8756491092,-38.0649999977,-36.2562068426,-15.9772150528,-28.5151854519,-36.4555198831,-28.5777582045,-16.4122016277,-51.0509342675,9949.0822132587,-40.5687971748,-9.37143995,-50.7157508031,-82.9674414227,-27.7454818828,-38.7760733797,-43.5582591935,-19.846711201,-36.675299696,-10.4584703558,-21.6756389785,-34.2515731606,-22.7817889557,-92.5043624689,-37.4462092478,-46.5760732516,-31.2900560113,-21.6909255514,-17.4255988846,-28.0276309366,-7.6367242315,-27.8459552684,-14.88837647,-30.3422010468,-34.5419066906,-15.1352412484,-37.0414255321,-15.4409582331,-31.5873941233,-21.3010110473,-18.0382299688,-100.9117289367,-59.0623780331,-31.1720690446,-18.490823874,-7.2786903798,-3.6048179025,-7.1765773672,-20.2124140771,-17.7485201664,-31.1834175572,-34.734779975,-15.2139333686,-3.6692810858,-5.0787693493,-34.1900651554,-9.4849597608,-6.7408819021,-13.9413867759,-12.7065363786,-4.2415682264,-4.4671197561,-4.3230065444,-16.6987986084,-19.7314283394,-52.9790314087,-22.4624361904,-10.3853126189,-10.1588095265,-4.7553808344,-16.1880179217,-13.7565150185,-24.7643030206,-2.9422384527,-34.4542182462,-7.1194195433,-74.6632927748,-14.7839499005,-28.8116514001,-48.0037278125,-11.7356212208,-40.0117193231,-17.4403020669,-12.344184329,-27.8762053421,-13.5455676757,9929.9090406348,-27.5819544751,-28.750789879,-7.6695520023,-34.5502198894,-48.2588905165,-5.7036043462,-4.5261471225,-51.2747905843,-22.8174740764,-32.0393581222,-19.5897235767,-33.1640547806,-16.9908696044,-41.0216313128,-10.2620033234,-24.4797402376,-32.4382406088,-14.3420954327,-4.9908948381,-41.9553216443,-16.2191654085,-3.9421229138,-15.0529336002,-31.9247111689,-45.055806302,-3.9713191509,-47.675669571,-15.1149594134,-28.0125502439,-11.2482191835,-60.6278316866,-24.8689729188,-14.7152071274,-13.6846754594,-34.4618947002,-15.4326946736,-14.8725184276,-13.2851550375,-36.8942176146,-47.7882993923,-7.8447374803,-9.4320643457,-18.389020924,-5.152935729,-45.2123163849,-16.067783798,-10.0369757869,-35.8629611523,-80.568020613,-43.9476460754,-26.2492044541,-7.7383753742,-46.6642227711,-38.0447869013,-6.4235817107,-14.3152768429,-24.0822544686,-41.0816128147,-6.7988833716,-26.4867553486,-5.0492243395,-42.6872360477,-72.4678980166,-30.2741596812,-10.195946665,-8.6028178616,-49.2259050435,-48.9249287475,-3.9414128703,-5.6532599256,-15.4623252418,-9.9732144962,-6.4653065187,-8.9359124739,-12.3201474865,-78.0263700877,-16.0490429535,-28.0876918503,-35.9078240632,-17.0969972443,-31.5200104304,-59.7453926154,-51.5355223704,-7.8794033953,-11.1782709009,-18.9529685739,-8.207209987,-17.5414873831,-70.1458053428,-57.5691879437,-56.654284305,-27.1505493089,-74.5888400903,-3.6397289879,-25.0572311527,-8.3990746724,-34.6720940973,-11.7338109308,-111.5734144881,-14.256597129,-63.1701059274,-7.0391933667,-69.3153889973,-4.7654684087,-10.6243995134,-26.1832180649,-32.8406822246,-33.3880788717,-38.8745684178,9986.7923666947,-19.3027589704,-7.9115698423,-4.433499443,-33.010937663,-9.6553845941,-33.8220970031,-58.5321940506,-11.5053500358,-42.0141954464,-21.5065693404,-15.283417362,-10.5334226238,-8.6117243329,-57.2370063585,-62.6981886791,-41.7423596279,-44.8679964131,-54.905478071,-16.9881626497,-35.1061922606,-40.1955670286,-45.1652549522,-7.347233436,-45.2389159229,-6.2115279651,-39.4594989237,-23.7653238407,-12.0171781175,-11.8936784023,-12.6067492986,-45.9533888293,-33.7874585486,-5.7241858798,-8.1490351538,-39.5801108145,-26.9476645288,-49.7422282562,-7.0015543478,-13.109809399,-23.2913923405,-34.1137595776,-31.625172404,-28.3853537903,-14.3693061807,-27.4265295245,-42.4763777331,-47.9995414101,-3.4770442355,-16.3839297083,-25.1748333541,-8.6536622172,-40.3609218857,-26.6921260818,-15.4355151799,-30.0311212155,-33.3069837967,-8.6761744406,-52.1312536284,-22.0613438861,-30.8573411909,-5.8744970828,-21.2379643509,-15.479968719,-6.6061283334,-3.5480257367,-33.4572100039,-14.4705967885,-20.7700899238,-62.8688278824,-17.9674001711,-28.4513966677,-7.6086053319,-6.5657672159,-36.6944036882,-38.5488308874,-81.1443084913,-12.9905517288,-109.5141779268,-52.0124235831,9992.1099505688,-7.7887879829,-100.0734988873,-53.0971384646,-39.8334239809,-18.2678692392,-3.2749441752,-47.8791481108,-6.8759171007,-127.8422851626,-43.2217690418,-24.1335384807,-7.5182147912,-14.276041863,-3.1294810328,-16.7871708822,-77.1589341941,-44.3400254102,-12.659096606,-13.3882987785,-19.1012408877,-26.8936773026,-22.7584005084,-21.6975410483,-10.9465837921,-7.0987774229,-5.0857272464,-74.9130970354,-17.638601557,9972.0233660486,-27.5226967648,-18.6378438441,-6.6221681771,-10.5942103242,-25.7644721473,-20.795483122,-10.7860704778,-16.3879588699,-29.8277853705,-6.9073518065,-26.771571209,-75.2557742491,-9.7316523826,-14.8948962446,-10.8561041393,-14.4339544923,-10.336592288,-46.2897754095,-50.169997995,-15.201784441,-6.1828640738,-6.6778535522,-19.584022742,-12.5425597901,-22.9540081364,9943.5845652745,-11.7002861257,-105.6721988333,-26.0392181289,9989.5200220608,-6.4142085068,-12.0503193102,9974.1413277261,-27.1953489165,-46.2159144184,-25.6367892649,-6.0287138253,-13.5300401928,-34.2987500301,-17.218753361,-38.515022092,-59.7076277555,-28.2509081113,-29.3027430909,-12.8151062064,-8.9471896718,9907.3126713955,-107.5041777737,-11.473215685,-11.9266478901,-38.1700314212,-23.9672392951,-33.8200728602,-22.3364000336,-9.4688824105,-13.6575134016,-76.2652654391,-31.1428761517,-21.5043857765,-6.0428361626,-6.5545948409,-38.5433515672,-18.7323765722,-13.3896706638,-43.0338244352,-12.6325392776,-41.6713140297,-14.4261119235,-58.9874888953,-3.9488235886,-15.975394926,-39.9091947237,-2.6327437336,-9.7222568362,-7.5010089649,-15.8734550182,-18.533070151,-7.5882102515,-28.6031624303,-14.8641361785,-31.461824466,-16.6041844782,9952.0037912441,-24.8504139957,-4.7263547525,-5.933189232,-20.3046885463,-15.1964569909,-34.2880421571,-16.2365100129,-65.2975025246,-4.6119202472,-62.9420174316,-14.7074905552,-16.2034108299,-25.8508404603,-3.9249265638,-5.8102666544,-45.3421589573,-15.7159813088,-11.7964598864,-20.2202989097,-25.5950183618,-13.0442355644,-61.4442588262,-7.8588361151,-42.2269176471,-14.5902779378,-16.8044229487,-42.1003553263,-14.0481075387,-7.4078794372,-46.7340887837,-19.5501851849,-49.2836234539,-39.845110732,-52.3660884795,-13.9784264899,-18.2607213697,-55.7937120219,-29.8328804342,-46.6578363018,-17.3397140572,-15.1011491921,-73.8934043612,-19.5351313426,-17.4816545665,-5.1779207433,-11.1987583858,-15.116849392,-24.1195524605,-4.0114936302,-53.112456393,-22.0318180859,-18.3154578679,-36.9043163802,-5.3373027452,-15.2309468667,-26.5368130512,-15.4485669626,-17.0818319798,-18.0325639916,-43.8444297305,-24.3351954813,9982.6185357361,-6.3361300585,-6.784171293,-56.9019072625,-18.4720967211,-47.0888964084,-9.1454967265,-79.7030772657,-8.2924305702,-27.5859095483,-17.9900751695,-3.8893285345,-52.5683599089,-59.8018363907,-74.5997851071,-26.1606486207,-22.3939130904,-8.4963946282,-41.7591436893,-5.7184341617,-20.3242518792,-10.738409617,