{"seed":{"0":960703545},"gamma":{"0":0.99},"cost":{"0":1722.105},"time":{"0":15.9475553036},"rewards":{"0":[-27.1714381696,-22.8868031468,-20.939172323,-21.2756242198,-15.4788851842,-39.2027803753,-8.7249596821,-16.8520124418,-14.0349699422,-98.5076636823,-15.9750444876,-10.099112207,-15.4286782063,-5.8473456547,-24.7157822608,-19.8641815115,-38.2658560893,-13.7190721464,-42.1733460891,-5.2908431558,-9.4698871698,-42.5586677881,-7.2978927079,-20.9424082795,-10.0504767016,-7.815000139,-11.1510645664,-40.4528274958,-29.1429707305,-13.4470906702,-9.8677649259,-20.3534900643,-10.313922926,-28.5424723604,-10.626995939,-4.3921912121,-3.2451297149,-20.7344015887,-11.8763311235,-5.1457037073,-10.7916084188,-7.8874128309,-5.198537282,-19.5394504448,-16.2160851795,-13.0221772296,-11.4649808928,-19.4233244489,-15.4167346654,-17.2510849315,-27.556157002,-48.2942341777,-7.5671891652,-17.3204477141,-19.37598677,-7.5879930307,-51.2482897695,-49.6473748303,-92.4291768649,-2.8870661725,-10.3357769247,-27.1546298516,-30.4888231908,-14.4506204912,-17.974562303,-14.7941476712,-4.1125419853,-39.7812338991,-55.9481836281,-3.8450447841,-27.1977349724,-21.5356012345,-3.7152070737,-39.3892335768,-4.3275604526,-17.0057933399,-44.0202449636,-42.9265404609,-10.9911539234,-32.0288121272,-8.5897346276,9947.2154261601,-36.2669627563,-22.9068498321,-15.6662873312,-67.2111301619,-12.2539763849,-16.3984145677,-12.9559036398,-52.7018452693,-7.7685560944,-15.7681955186,-26.1308623979,-24.9035104016,-32.3888627112,-28.5669415014,-8.5185761412,-34.62774398,-4.3950791379,-14.1240937618,-15.3217566059,-15.7030323527,-24.0711514015,-7.3115112934,-37.8048559156,-24.8621519397,-20.9373285932,-10.8327513789,-37.8795252799,-3.4954187025,-43.4157016535,-6.7716225664,9979.652059707,-22.9332286575,-11.4124777163,-47.477232958,-17.0234026373,-14.5804488211,-27.1717144443,-10.549474567,-8.0636499074,-5.9900351912,-19.8539505737,-13.0107330717,-26.7374024219,-38.2352146217,-54.9323962701,-4.6080887449,-7.1807267654,-9.0994931468,-8.8572761728,-21.1675407471,-9.5409173207,-20.2985566401,-36.2043068586,-17.8003559201,-53.886679078,9969.9555482325,-30.5173675719,-34.0284696329,-5.9677119619,-24.8701304011,-21.4784159212,-19.518553679,-34.8362126457,-11.2404457938,-28.9435685181,-53.4102161536,-18.0109869173,-20.6845542278,-9.5963872962,-14.8637793311,-44.618927169,-5.6965948169,-33.0194837901,-13.2326830419,-12.8528063269,9990.2999188773,-8.6462424205,-23.421081956,-12.6174879823,-65.786305626,9979.5351958068,-12.215997795,-12.4957040681,-32.4501714952,-45.2417945937,9984.6606316392,-17.8097135808,-9.7957882797,-45.0254501195,-36.9612161246,-40.9421115676,-29.3652506266,-13.2010935888,-36.2349725491,-26.2990367802,-20.1075221715,-26.0200120134,9982.3784452171,-22.7187458786,-5.9436914464,-21.2201468319,-25.1793720678,-30.5690368254,-15.1891065895,-17.903675369,-50.4779384588,-78.4269714745,-27.5126653885,-16.2614398761,-38.5320275286,9985.0803740041,-22.0324004713,-4.8570631367,-38.2782187875,-34.8496551688,-15.3111947705,-18.9615594723,-17.5057928905,-13.2782151774,-16.9166659459,9980.7660816693,-60.7047927331,-40.5516197143,-13.3265792254,-19.6271412246,-28.3218508488,-35.6244236649,9983.351859108,-26.8373430146,9966.5262345174,-25.2566602602,-9.6640236666,-5.9326026218,-37.252669468,-20.3200657334,-29.6100608987,-28.6850712247,-12.3569300548,-46.1486034115,-20.2527995133,-3.2798849094,-32.0585646764,-21.9399388857,-63.676893269,-28.4978319307,-38.5102224749,-13.1423454166,-15.0947541757,9975.6946484737,-32.8857229165,-23.3006878276,9983.0898182136,9989.6341481426,-16.8980674908,9983.9619597433,-7.2315408224,-34.6662609826,9943.6126429299,-18.2121977695,-35.2674804591,-29.1934565295,-16.1330451011,-54.9315825079,-29.1712496002,-11.2240277246,-46.7154714437,-7.7209119222,-21.8504412026,-16.128092135,-6.575630556,-32.7536793546,-29.0931869372,-27.3979872197,-11.5038368515,-7.5274043487,-6.6487337727,-17.1910560452,9972.0894057459,9990.3801123592,9985.9463145029,-7.5888534939,9957.1332238678,-20.3243576644,-5.5059790885,-10.4960646216,-10.2689681003,-9.2548591921,-24.0117328781,9948.1274959704,-14.174961844,-22.2221652031,9953.7269745325,-23.3396015163,9986.9164157541,-7.6048599046,-31.1065050299,-22.2357601035,-41.1406362375,-36.5017716516,9961.1870295807,-10.8585324969,-37.3980300217,-20.3922973803,-9.2293060681,-27.7123703545,-9.895414467,-7.3662635851,-13.2384862701,-23.6032814609,-20.1368693839,9989.3614923189,-26.3341521359,-16.0579742824,-5.4572818803,-26.5336606329,-2.9122423073,-19.8163319844,-14.6973448436,-25.0704549132,9965.4853655263,-16.2655411782,-8.1619839147,-33.0625378579,9993.9842872884,-11.3579846747,9973.8080441398,-6.3998239159,-21.8819095746,9987.4855164619,-15.1457731026,-28.662632409,-13.6377608386,-5.1230930978,-8.9417114224,-32.9411281007,9989.3393002682,-42.3885925931,-82.6314410539,-27.5949351301,-9.910756867,-29.8194674933,-35.5297132862,9987.1922900519,-7.5004014651,-22.5352537968,-5.1633716692,9993.9728109157,-32.2440689643,-4.3760847413,-11.0652049736,-12.2016652072,-26.9534093595,-7.2592015504,-18.2168886631,9976.8880282453,-6.7286391833,9992.0509499208,-23.1100395457,-10.4572203698,-7.1468550449,9978.4697052387,-9.5549895189,-30.8732146211,-22.4891118048,9989.1234531858,-29.5952199809,-34.15889999,-9.9894781544,-9.2552636483,9930.5019325585,9949.5953712346,-9.7628800607,9987.2229234893,9985.1872755426,-3.2473632145,9980.9981920249,-23.0156654927,9957.4720675398,9986.6024902522,-22.9113816087,-14.8706192216,9981.7601377361,-12.6068861558,-18.5604749147,9986.2134932146,9984.3101174532,9992.6517110065,9972.0014356881,-15.711102073,9989.9409934549,9983.774988195,-25.9125870438,9970.8372353939,9989.2319369029,9987.3868535315,9976.4946937655,-26.1929530683,-14.9715597347,-13.3523305538,-37.6327744575,9992.2421569337,9977.4889234029,9984.582368875,9967.0817929846,-17.8124341326,9982.4766824276,9970.9359566281,-16.1323328671,9981.0827117857,9957.0168515291,-31.9992871603,9991.8499882166,-11.6820336005,-27.7502332919,9974.9543869398,9990.2749992883,-41.6311312711,9980.0605493987,-10.9732760027,-4.7817334378,-8.2987694206,9974.3105985488,-22.7830025861,-22.6415695542,9984.4838041599,9995.0367345355,9980.331608027,9985.5153850522,9987.9498057335,-36.3696579548,9982.1653815191,-6.7523471648,-10.2213582442,-13.3424001361,9986.290581794,9990.7488371116,9976.2354766045,9899.5261214017,9989.7160184995,9993.1911055598,9974.8095384374,9963.25874196,9992.4056515399,9973.9059312054,9983.8927527302,-21.8358703736,9983.2336665585,-9.1628312867,9990.6834857563,9983.4949894672,9990.9891733392,9990.4322999948,9980.3598554408,-53.6915643898,9964.1256247516,9984.672577855,9986.2832303599,9966.2690596362,9988.9624010821,9982.2316781368,9975.3324413594,9972.9335968328,-9.6012070143,9995.310728908,-11.7083087403,9983.939927358,9951.1189417796,9992.9617462557,-11.4657842379,9974.2651622742,9993.3254146545,9954.906035496,-49.3712252405,9988.6368431569,9990.1854287742,-23.1297889925,9977.3680312862,9988.0268664336,-3.8510958793,-3.7344380055,9992.811400997,9991.6775580141,9990.0609165952,9986.7732272426,9976.6166035745,9988.4295282011,9996.7916254286,9959.0464979663,9969.174381622,9988.7569022268,9984.9495965215,-12.0307047286,-8.2609349283,9996.7421063603,9965.2725788684,9988.1725976128,9939.3798337239,9991.8385736413,9985.9885549154,-5.1697961823,-21.8847404929,9983.2950375879,9986.6678349337,9966.1434790445,9958.9726714541,9992.1480119684,9976.0468612295,-12.4623523508,-2.6435015264,9983.3126039213,9988.9685748603,-10.8406557128,9981.1506767839,9987.8194028044,9967.3131352857,9992.7209867864,9981.8184185833,-11.8902285824,9981.1731496756,9984.4853718541,9989.6556311765,9986.3853487323,9979.6939707322,9971.1926188359,9993.7605766809,9991.5084616365,-13.9352802665,9974.5690936883,9981.2574155286,9980.9394881425,-9.8278236545,9989.6116072061,9991.9056975682,-21.9866957588,-4.6154141233,9984.4646592761,9992.4667397854,9976.4778681837,9979.4745066011,9989.5845330119,9989.973162408,9972.2283521585,