{"seed":{"0":188312339},"gamma":{"0":0.25},"cost":{"0":63424.2360000001},"time":{"0":58.1106894016},"rewards":{"0":[-9.3858506631,-13.2691318754,-15.1111874639,-42.2039129398,-30.0940681263,-15.619954295,-33.0107201072,-14.1260596914,-10.0814069841,-8.5730606055,-10.8709045123,-6.50551541,-88.5551793022,-24.0095603272,-43.1882041508,-14.6731080267,-85.9620448244,-40.608444058,-43.5626996906,-5.2456185945,-4.7561602722,-53.4181368454,-61.4720904298,-20.8407323979,-3.0352646448,-40.9186405775,-4.0930661935,9972.3207638791,-13.2280669862,-29.8069733153,-15.1918678241,-141.0790554342,-42.5682281413,-37.9807703336,-19.0415758912,-7.5204493481,-48.6835191382,-44.9011053446,-9.8464907742,-24.6118291193,-7.7015527452,-13.2249215784,-3.634176404,-43.0937903073,-13.3390874585,-3.775982722,-21.6047448732,-49.0865618804,-27.6926589343,-56.918025997,-4.3652340012,-43.784215978,-17.9290214426,-17.307216231,-13.5217625275,-82.0032000346,-41.7915204503,-30.2865475678,-76.5560840265,-17.7922088552,-16.7938412428,-3.3792070764,-14.5980237233,-17.9446959095,-7.18648052,-9.8309858363,-17.943573271,-13.20513001,-31.6440459743,-5.431620274,-7.7461251894,-15.2319764324,-14.0719113791,-32.4933327324,-27.1979421654,-5.0167511895,-5.9181667804,-15.1996311965,-12.6250329031,-26.3391871399,-4.6937561535,-108.7846405564,-38.7094988358,-55.1457489119,-10.166703118,-14.6011051651,-24.6886601023,-14.084559664,-44.9991812357,-29.8695073442,-13.1835203774,-55.2985048214,-6.1331709502,-8.0855218888,-19.7592403142,-27.2958592499,-7.4643558954,9987.3452543225,-7.4939221962,-8.5547612418,-7.5222587191,-11.0042867095,9983.3117662657,-11.4584016819,-26.7169208092,-38.6178920974,-20.8676399614,-29.2612051705,-3.713771981,-15.9200892618,-18.318010493,-5.461180895,-45.1392825027,-5.6235990155,-25.3724759472,-29.5961135745,-6.8913725153,9966.1149613618,-16.4138215915,-28.7858913343,-29.9393350624,-19.222474594,-57.4369531939,-34.4880051192,-8.4040005651,-11.7684493213,-54.7418844973,-10.8931181529,-9.4078744196,-43.708644181,-3.1233627843,-16.2497591947,-49.4334199158,-23.7156917394,-33.9524889914,-18.5537037203,9914.0075311157,-15.2181560138,-13.8340527693,-6.4649239632,-46.7139993934,-23.2149055653,-9.4208179585,-32.8950282416,-28.0362650068,-9.5329605252,-4.886939676,-26.8272571768,-10.0545436046,-3.8453784799,-45.5777753566,-12.3573920691,-6.6249566083,-93.9741179513,-19.8862349309,-19.1854542426,-59.3614265878,-22.8259638447,-5.368041955,-9.7330460285,-23.1881964033,-51.6538386424,-83.7679846106,-14.8793265198,-40.5386818698,-5.3319918053,-61.3302196346,-30.508980051,9976.7440966343,-27.9319122581,-44.4933413672,-38.076455812,-20.7815700924,-9.5283422807,-24.8389475601,-24.9761830641,-49.1641442292,-4.3120796581,-8.5462000413,-41.2507050419,-7.7300509242,-27.7959826315,-17.1111963496,-29.2485184717,-22.2885114845,-10.2137049085,-28.9333430422,-15.4016432258,-19.9338283215,-48.8765964644,-9.6842611925,-9.9037372806,-18.9050644428,-56.2554411273,-12.3321382855,-8.6631068759,-16.4551396811,-14.5656349991,-5.7643036348,-23.9657936843,-22.6255319273,-3.3543327991,-5.423256425,-99.8707854104,-10.464883582,-39.8278578278,-13.2469453493,-9.6329645776,-16.6121909565,-6.2274406346,-28.6539148397,-55.1268030103,-22.7535776398,-11.0421104756,9976.0953321093,-18.0161900929,-14.5343429124,-88.5187003432,-82.507334461,-41.7788094673,-2.8027650165,-36.1030876494,-18.0850890929,-43.4924071642,-16.2003215727,-9.4134037528,-15.6970701517,-15.6044680101,-8.8332176226,9963.3415859877,-21.0598043449,-52.8998321793,-32.7343163094,-19.4425013832,-19.9183282576,-60.1913981068,-5.347435583,-3.9773034736,-16.721492214,-39.5965998723,-2.8702672386,-46.9816376961,-20.4319216178,-34.8629751744,-22.1619256599,-2.300181853,-24.1285117065,-16.080627683,9973.1119911114,-15.5760165194,-21.0196099619,-6.7820894587,-28.6839978783,-5.666591633,-23.8985327348,-7.386336467,-39.1422551479,-25.7790474751,-23.1849716986,-7.0256565244,-25.2598858984,-23.1545975933,-4.6188939226,-9.040417032,-14.6515257005,-26.8161577232,-41.3091899586,-17.4586445269,-13.9284642324,-27.8956798908,-8.0976042266,-66.1173646634,-4.5752618087,-4.9858072201,-5.8729197808,-8.0777337187,-19.6551558238,-9.2682751676,-8.0066542312,-38.0928050302,-57.5736784086,-10.7468092543,-6.6389553108,-43.0442477761,-23.8210356185,-19.8585748708,-15.1381635676,-9.4962912926,-20.7050478413,-24.3340379486,9966.0004877035,-14.8374098746,-28.2909008663,-29.3082020888,-57.46118709,-22.0815302593,-32.5059985818,-50.3940528444,-9.6994334609,-29.1812496356,-16.1117452868,-29.6403340905,-7.5200159995,-11.0326724992,-22.2213656888,-17.9591523684,-10.9555137446,-6.7260224166,-28.0600780506,-7.3743485686,-40.4229059825,-6.7166090912,-4.0163814897,-6.6654425307,-12.2990066413,-36.8521393028,-50.4285409477,-12.3499718823,-13.2506968992,-44.4227475131,-20.7151277678,-20.3689527088,-57.0046912238,-49.0570201009,-32.4191440864,-6.2138138563,-14.4197765673,-22.6198197081,-45.3155792354,-35.1932723764,-30.6780411591,-35.18495184,-19.5204596532,-94.4763297174,9970.7885331877,-3.8624714122,-7.6183097498,-25.8550574344,-11.9758631927,-13.2276823417,-13.5179933795,-11.4040422756,-43.6184099572,-25.8518050013,-4.0114208084,-7.235734609,-13.0984752404,-135.489418869,-41.2093896027,-8.5502567065,-21.789921605,-21.1019955428,-43.6954775857,9988.4880362211,9930.2958619249,-32.579314768,-18.3687917464,-15.9058118392,-21.9827642748,-48.8160956928,-19.1755066231,-14.5337089131,-20.9389777933,-50.437179411,-4.1746349801,-30.3552314822,-55.55259798,-15.5032283052,9940.8355926379,-28.4579056042,-43.0195994081,-47.4225402168,-6.57636475,-45.1412178473,-21.4032009874,-11.5286682691,-13.4366615089,-36.691081997,-21.4530028561,-8.2564048536,-14.7488134071,-24.6474839037,-50.1342504786,-5.5943858559,-6.3910587692,-6.8848413705,-30.9931574501,-19.4959318382,-20.0945961171,-13.5455383666,-4.9655682277,-18.4620991146,-56.897054328,-20.5673083788,-15.7940686109,-6.6972238984,-28.1478569752,9987.1571293236,-10.1223523214,-15.8163752345,9989.761314334,-14.7534112047,-12.3983672856,-29.9658642012,-10.1572219304,-44.2268100129,-7.6319427636,-7.7656383135,9982.7873867457,-53.5151242579,-8.6511386029,-11.1828374871,-30.7718215923,-8.9266316503,-60.8175222242,-31.7323754623,-78.0963567478,-25.0764330958,-7.7269626264,-21.6503233005,-19.769574782,-6.6595016431,-4.1018149285,-28.6452416758,-61.347928196,-14.9573863099,-4.3216227663,-22.276963842,-13.3936030295,-77.9802316452,-8.7068271135,9982.9127661838,-31.8273615874,-19.6951293504,-63.7442805501,9980.6598572257,9983.9202345561,-7.0005796014,-36.413277741,-36.6623712258,-18.4741443324,-9.0569713531,-11.3115678446,-67.7923834561,-49.9425243955,9945.1167788119,-12.3072337995,9983.9087006606,-52.9361742398,-67.8697026527,-20.5605159664,-23.6948481126,-83.0465089407,9936.4256930259,-49.084510584,-21.3131313375,-31.0251663055,9958.3246600903,-23.3278929338,-26.3912761854,-42.2421190138,-4.9990887481,9948.1818079281,-9.2871893503,-33.6123219526,-5.5435802859,-16.6892491709,-14.9608099115,-14.4376275857,-7.5612828913,-2.9656746716,-34.4867969614,-25.2366329281,-11.2509930983,-15.0547669239,-14.3585871548,9964.031855054,-12.1832253813,-90.4040703884,-9.4858125142,-22.6536213892,-23.115884568,-45.4099857272,9983.67654844,-9.3032980975,-51.829390959,-14.6594108081,-5.7997704292,9994.9067414839,-13.8421215592,-15.5261892432,-10.2946533272,-14.2302450838,-47.6537411137,9952.0599239899,-17.0814309965,-12.2715926404,-25.0049108625,-60.4597397658,-36.9609333762,9984.4162562305,-34.052314747,-29.395831055,-29.0399403219,9963.1793271336,9959.9724420381,-21.3038864843,-27.2899329545,9979.0392461717,-31.8610467761,-12.728613945,-18.4488500384,-43.9840161821,-16.8408198647,9986.9271164556,-42.77011366,-104.1628971294,-2.5298669061,-41.7030035583,-76.8379299628,-14.4534739447,-12.844510087,-59.6904890056,9982.7924367822,-16.5659100352,-36.4654977863,-35.1383473053,-23.7102745983,9975.7848041012,-15.435317988,-30.9464552709,-16.1966118209,-12.7833180266,-16.2874059489,-69.1816320815,