{"seed":{"0":358485174},"gamma":{"0":0.5},"cost":{"0":63424.2360000001},"time":{"0":46.4554343224},"rewards":{"0":[-4.7636892731,-10.495569677,-14.0187424225,-11.1456708019,-37.8650417527,-21.8610291399,-37.5106470803,-8.1974923215,-13.6364287998,-12.8282080764,-20.9613299827,-12.1910758805,-24.3075406476,-10.1159181583,-24.7113792693,-28.5633067099,-89.6749268698,-118.0606479772,-6.2164808852,-102.8389400889,-16.8743358521,-61.8130496118,-17.748650434,-38.3583044302,-6.5417183533,-27.2971672841,-42.8088354019,-49.0021883038,-10.0115156432,-21.337428675,-3.8417750598,-8.9747009379,-6.0959636322,-12.5953787272,-39.4737460783,-8.0184164519,-48.679470905,-26.0653215956,-60.3417859869,-34.6636129471,-26.5169885644,-38.7905062332,-22.4888357621,-21.5233385014,-30.1638325541,-8.7205868829,-42.0385161028,-9.7753568414,-18.0765370468,-69.372562763,-43.2729690793,-17.2744724832,-34.3693365566,-85.0651178989,-9.0876641252,-12.5365207951,-6.4318957323,-14.250406462,-13.56084365,-60.9619937532,-15.4622695551,-51.8399902925,-43.9989851383,-23.2663128767,-25.6390066692,-8.6838227718,-16.7402270062,-39.164228877,-28.389648196,-30.128702708,-39.2522777337,-18.8294089746,-37.1560935153,-20.3764935824,-29.4182725954,-39.96595181,-3.2278952553,-57.0373984734,-17.8857271891,-23.0069077421,-49.9238129911,-9.3792177261,-23.4288706358,-29.293167551,-27.5807486172,-17.2744579892,-9.1295830488,-47.6604895137,-25.2727692073,-14.3783351021,-26.856852979,-19.9113318153,-6.4245632638,-10.7682581858,-28.5702053545,-31.1752354062,-57.085609239,-21.4588516949,-10.4314997516,-26.8950070835,-36.0970001803,-71.4389905764,-24.891875161,-44.2363447198,-20.5871158986,-20.7736424319,-18.4001069231,-35.9829561825,-21.9631622738,-32.059985714,-31.3531331736,-12.6738586233,-18.3692252817,-5.95891428,-47.1957842415,-48.8881747303,-37.2408059895,-36.5466656055,-10.4258360395,-32.6385818901,-41.0748694093,-12.9413533365,-26.6806090618,-16.8327634484,-22.9375940969,-24.1690285034,-6.096787841,-32.8772567872,-12.8231508723,-85.45062563,9977.745528232,-11.3431645569,-36.8129720598,-11.1683509789,-47.618341791,-31.1816927171,-24.5948322457,-48.9650673419,-8.0200890038,-22.5248166746,-53.9940116767,-40.3616195917,-19.2285948762,-6.1696982157,-10.9921499589,-4.396129318,-10.2471072017,-111.6126988071,-14.516616787,-6.1882705681,-61.4720464331,-23.3259314732,-19.9701437502,-66.8729078055,-27.8850758889,-53.1641892038,-65.3427651295,-14.5034113769,-33.6873378106,-63.3312902886,-14.7647436935,-45.3199489644,-65.1466515158,-8.8013448539,-17.1002901754,-8.6935719435,-20.4722319054,-15.0570054156,-18.7218217711,-43.9320042926,-52.1913724717,-47.0404128286,-23.2313546188,-21.1705452381,-45.098242005,-42.9873658427,-8.2598393996,-88.3877870914,-25.2944942692,-19.5039216508,-39.9244704659,-77.794644617,-13.5690523977,-52.8745263386,-6.5504063326,-20.6322571347,-4.3881065577,-14.5302252559,-29.8478120001,-52.5464023739,-19.4332331966,-32.3768463869,-27.0626141049,-14.5357176599,-33.3893025395,-32.0391968271,-35.5090771432,-77.0080984887,-8.2689763082,-3.8472277825,-6.5698680367,-20.914174593,-47.063360197,-8.4422123945,-17.2211022302,-83.5729043535,-24.9414899002,-29.4423716498,-12.0122542858,-6.1754975482,-18.602626066,-34.4112140187,-5.1322161242,-22.1839606713,-30.24382394,-76.8769944643,-44.5284067245,-72.5162127301,-41.4433604387,-49.8310411773,-22.2755249269,-25.0226857097,-18.4942979562,-11.1264068457,-18.4068776059,-136.4897997047,-21.9772295365,-30.4770447936,-19.7223576748,-17.2624095273,-5.6873464614,-70.9867492347,-44.0943789776,-19.6830124667,-12.0875115718,-31.9246377401,-68.7735938958,-31.036514391,-13.5872634078,-12.6479308523,-40.7496677626,-39.0339484389,-35.7951577765,-13.4630898576,-44.5278307046,-22.7057867065,-59.2988141152,-37.5884969359,-55.6688883157,-53.5291191527,-18.5907063419,-78.4767030979,-6.854491102,-37.4954803198,-24.8944040571,-21.9300014508,-96.2852722766,-12.3936145726,-5.72131102,-49.4516148857,-19.5032148619,-66.6486260027,-20.8605200039,-17.0340738295,-32.2431050729,-20.6176513856,-33.6183806704,-14.5777640332,9981.1352259133,-32.3136544695,-6.306712727,-4.3199210482,-8.191759994,-41.336063762,-32.6183786167,-23.9379911652,-23.0373809008,-59.4401970388,-25.7698038358,-103.5228449642,-21.3190648103,-53.0379282356,-39.2208958055,-41.8388140492,-13.3642930737,-81.9443063084,-18.7028902314,-30.3393929945,-39.2230212813,-36.4613610402,-12.4851652602,-22.5085726068,-36.7697871859,-12.5422856394,-51.3772041857,-57.0120944843,-44.5776499286,-16.6300603064,-11.7064319688,-88.2101302409,-16.2835851381,-34.9952388661,-29.9097629893,-30.5893765571,-137.5301969331,-11.7599781153,-47.9579095223,-9.4626754889,-59.9901992535,-23.9101429139,-20.1394514354,-37.9696849803,-51.9009426546,-29.7801991943,-17.6620758189,-17.1415941889,-55.3454267477,-76.5945242,-4.3998596173,-46.4440000117,-10.4102585535,-35.7286624217,-31.7407540417,-24.8300738494,-37.7991515956,-17.5155849256,-27.9887006306,-27.8131832561,-20.4676550617,-23.9313281042,-22.225665584,-38.0872216813,-13.8413566681,-12.5518006385,-15.0577556526,-19.0202180897,-12.6602963294,-31.639986059,-62.2416416228,-12.7623115766,-15.2122271442,-46.3673527753,-23.431515125,-45.4304644599,-23.2036880845,-15.5674396382,-15.6135662322,-54.0594359398,-30.663756146,-35.2770935952,-41.6571350674,9956.7822576041,-11.5064178493,-21.5304433326,-34.7684968522,-14.7320404367,-88.4201139428,-55.0694363432,-9.0149534081,-36.0852903914,-49.4869978944,-18.6366736831,-26.0908333016,-64.632119446,-34.5498325319,-28.6105848236,-49.3002579199,-33.8816209406,-37.0525485603,-25.8830090788,-66.1627421076,-20.0867827204,-44.9230156384,-20.2532963375,-23.4855229507,-31.2412141111,-13.363334768,-13.2158117458,-75.9896626625,-24.1363259728,-92.5144538027,-26.2146633231,-39.459461448,-55.0992005811,-61.7703750979,-18.9229643822,-18.3727874953,-7.7761943078,-28.6633788136,-29.071749744,-73.0413977578,-19.5872112924,-11.5083323347,-58.1903050188,-104.5045768449,-33.2211956182,-8.2098641583,-12.7936363743,-120.6365444119,9932.0979256164,-96.7108537752,-86.8110928179,-17.2694374059,-34.1949352162,-30.9857475924,-6.9841130211,-61.8681548788,-40.5629128217,-98.5418466541,-50.4440025373,-31.925939062,-11.2158240454,-35.7672040566,-33.453795509,-43.8776909823,-77.5360037079,-16.8697523269,-14.2985397423,-53.8343004597,-16.4581512586,-13.073959147,-44.248362473,-17.9882633944,-20.7147375177,-23.6825224323,-33.821045598,-47.8309679585,-34.3607381195,-25.2018825089,-25.2404724466,-8.6479290344,-10.5366984416,-56.1795222484,-38.2538110748,-120.0071744664,-28.2995509394,9982.3552382634,-29.8947081634,-7.6713287882,-113.7043480431,9889.6629769103,-24.7630205196,-4.9854016397,-71.1841384886,-30.7857352449,-86.0819541415,9924.6644627863,9917.1708387437,-10.7918660124,-9.722971651,-39.66545028,-41.7706567399,-16.9952734935,-26.0451559474,-64.2041884856,-6.3110374428,-29.906136014,-3.1552395069,-24.461809753,-20.0638309646,-82.3588356902,9973.8001806643,-26.3041080821,-7.2188403769,-83.3683789784,9960.8762130544,-117.2526179806,-12.081009016,-26.6322423057,9956.2517142156,9985.6063109723,9941.1993081717,-68.1005332816,-11.8823074686,9967.1437434976,-23.2057320401,9953.0154389546,-41.4489234727,-56.6918786696,9985.4202466589,-64.7108989893,9978.5855768611,-16.129411551,9968.9602771121,-39.4744057816,-42.7529400893,-12.2892706843,-13.65864717,-22.9670047625,-89.8902933145,-46.2756284282,-27.483618829,9972.6800281209,9954.5154984302,9967.7747705777,-103.61151756,9916.8175904539,-27.754770864,9946.0864401985,-131.6219133938,-23.3591578514,-55.168924123,-10.7215691719,-22.6875969223,-115.7503257661,-98.3929797718,-48.2453778257,-23.6753936415,9932.9564572301,9938.0097054215,-135.7256404058,-60.7284764968,-12.3949552358,9974.8769547502,9963.1200972527,-12.8645304301,-116.4023999912,-112.9569116398,9954.6474398671,-97.6614521526,-10.2341120031,9939.3504641164,-29.3700877458,-100.9435502069,-14.4752454226,-52.3078482979,9969.6159793702,-34.0849031932,-32.7821796706,-8.7466312041,