{"seed":{"0":762772169},"gamma":{"0":0.5},"cost":{"0":63424.2360000001},"time":{"0":49.1119484901},"rewards":{"0":[-36.8313028716,-21.7432610672,-5.430595198,9981.8598757099,-26.6509805467,-28.9949321893,-74.1264704901,-21.424802953,-11.5458556224,-35.9529684132,-9.1575844324,-10.2858963104,-42.1885928105,-22.7872224882,-12.1049328657,-13.7014200297,-29.1114675898,-25.5869480643,-23.972919974,-45.1894781162,-24.2331983227,-17.7942467713,-24.9515222948,-22.1949758364,-4.5864625685,-6.021025508,-5.0770229506,-15.3084889582,-11.5935632149,-20.6536456231,-11.8048725277,-48.2166996134,-42.46763976,-45.4372706084,-11.7959694517,-50.6409405891,-36.1399545631,-22.6406716215,-35.7247941884,-9.0873508036,-13.246997541,-13.7351443858,-41.2703213089,-26.0277566878,-55.8085506208,-16.5988188214,-7.6646243925,-13.7149006117,-33.6247269086,-7.2691520435,-6.5449781689,-25.9927375269,-53.5039732354,-10.9902146298,-43.6113479453,-37.3291124663,-22.1395572887,-40.1710232231,-6.4369025797,-25.9421176522,-5.9401377048,-54.5928855343,-25.7869848934,-21.3648424113,-21.4342121616,-34.0048347974,-20.7724275248,-6.0584466511,-40.7634136646,-28.5948020441,-27.601826957,-47.0851669995,-62.8252330516,-20.7011980882,-31.0609195495,-120.0515242223,-25.6732246195,-30.9896577582,-43.1558851263,-55.831083953,-5.7801533801,-11.4680431551,-47.7210695564,-7.3339719404,-12.1675557005,-39.6989841148,-22.8659859859,-40.4165622071,-25.0970997605,-47.4508830594,-24.3283774808,-27.9616807975,-28.5043834439,-33.2365826096,-40.3003760115,-56.725678241,-26.7765864769,-27.7769943315,-34.4004015663,-8.3102528822,-35.1678296595,-148.5298807075,-28.2283864386,-101.9188820809,-74.2051598887,-9.1913191329,-27.5709666228,-16.6406766306,-24.3557142711,-12.2557467529,-37.4902325265,9892.3662739692,-16.2094892611,-26.89183524,-41.6579679592,-9.6648471601,-15.5552461907,-29.6136983074,-16.0403875028,-61.5870536011,-9.6160265371,-30.6964258927,-12.9224103009,-51.0869473866,-27.5065336754,-22.4582476092,-11.8714235702,-10.0185714976,-25.5336301706,-31.1176757731,-26.1420625674,-13.8331350612,-32.6564806236,-11.5120922941,-5.1245118836,-59.3474498722,-27.5660772621,-28.0199309535,-20.7640740518,-13.6671732615,-12.6553584691,-35.4194813075,9978.213373508,-4.8435117233,-16.8308612883,-19.9290451505,-39.718534328,-13.6406970541,-27.0580515583,-41.087930075,-55.1534222388,-12.8711142312,-59.9262715278,-85.3006488007,-62.5782187805,-21.4448643514,-34.0498047618,-14.5224614315,-7.7053138734,-19.440478992,-18.5013859723,-32.8150359316,-9.3768585831,-50.0672150575,-32.1339691836,-18.9820233466,9987.0393322726,-19.2124107635,-4.148791115,-51.8022246017,-17.1396064684,-12.1056982295,-7.0144966495,-37.5961969986,-27.6196449269,-29.9770550117,-14.9427469503,-33.6505314019,-4.6827834886,-28.8816112057,-46.3688697924,-5.5009516349,-17.1626293324,-14.1731815353,-19.2139425172,-64.9568970265,-61.4930746254,-49.9014869865,-32.0557276452,-15.9032298318,-36.5695893891,-6.5738577428,-20.6204506795,-6.3097791991,-33.955479698,-13.9729313521,-20.2924581629,-27.1430422539,-67.8309813077,-7.7871148617,-6.5985881704,-56.1681202456,-32.2584923926,-20.2863990205,-105.802297113,-22.1511459939,-63.2438602954,-42.4528659374,-8.2177716598,-12.5209612907,-10.8279431566,-49.1906290109,9981.1896648938,-6.7407658886,-14.6518910102,-41.8889338741,-16.6641157181,-20.2179613716,-20.6295889285,-10.521203332,-20.637781585,-18.941228856,-58.2143916137,-30.0813202848,-10.535492252,-11.8291758988,-10.4324758183,-6.3808752103,9970.2233286082,-12.9002672409,-29.5118959276,-30.1381887537,-82.0343668482,-25.0930881637,-15.315453863,-27.109521953,-5.3902168278,-6.6167717625,-59.3275386986,-34.3226811659,-19.8156535068,-39.047186448,-11.3855598339,-4.8087330529,-14.8236620226,-50.635378306,-4.570786597,-13.1910320444,-9.2283771638,-30.6579393826,-10.2687887828,-22.9965080085,-19.4247360371,-17.2624685647,-52.0784484187,-29.4518460344,-54.9150730431,-118.8359612665,-26.4821300423,-10.3746188345,-18.4945559479,-51.1333506935,-111.2717645167,-73.9226309124,-61.9846192289,-79.5008149167,-56.4004572326,-40.5616259764,-15.3200571307,-35.2834361981,-16.1883982729,-36.0058128554,-14.8644891194,-19.8368962969,-18.3608988793,-24.964271619,-13.9112809204,-46.0963155274,-13.3444987755,-16.2861725906,-10.2743664621,-52.8975683978,-33.2496970671,-44.006618504,9942.9614073499,-69.5569342739,-15.1353444403,-47.365211357,9980.8772649235,-6.5620466822,-24.4135994577,-27.0396897629,-14.9902278827,-75.6394297336,-28.2542664043,-24.0618438472,-16.6493339964,-20.3015431704,-48.1067933074,-10.7281313883,9972.2186515845,-9.5966279353,9972.8812945498,-4.49047637,-27.3677283583,-73.0137425779,-56.7168798418,-22.5142104919,-67.3699593896,-21.9799782368,-13.8374337187,-108.7195850881,-37.9410371955,-54.3918855651,-61.6315594791,-42.5242212898,-6.6003464789,-20.4373175961,-67.6265969507,9960.3213204598,-74.6669570305,-4.6463829583,-127.676145279,-111.4234765848,-66.5741822746,9960.531958871,-22.8988350162,-6.0044760426,-28.6649210353,-23.5389799899,-19.5932214725,9961.9735692566,-16.6562291812,-48.9015579378,-24.1120131469,-4.2380426056,-98.1858748218,-12.2219658306,-22.6118365209,-40.8802207785,9959.826343129,-14.4705019338,-3.9510382698,-52.2831040017,-22.6147837414,-8.7066676102,-7.2412237845,-19.7054136772,-15.0291198979,-10.8043537337,9956.9416013258,-23.4686109365,-15.8360132503,-17.6201424647,-73.3802756788,-27.1921988953,-22.8600942392,-16.5042615563,-5.3383689562,-9.4928609367,-122.5424849901,-26.3926100455,-33.3736391042,-23.9750621283,-103.297149624,-48.1847440916,-37.0170232411,-21.4646862528,-51.4841586644,-38.9534332868,-22.7658427448,-9.5725367264,9894.4375100989,-45.8076984683,-65.0902558531,-7.6571066838,-30.6646210832,-28.2548105686,-16.8656120201,-6.8536396353,-20.1813812151,-24.7839143528,-76.4894693635,9966.882031905,-65.7927159776,-74.6875693136,9961.1851625661,-7.625588045,-65.0506923454,-41.6512709258,-77.9290380989,9987.5455670335,-89.6043931293,9930.2746879407,-70.1451927476,-73.9527208239,-6.3624118237,-58.8131628106,-35.2793073226,-49.6390812432,-51.3853715547,-38.3769483573,-11.9849579819,-21.4425887209,9966.114891375,-24.3875222249,-4.4818274137,9969.5258899515,-32.2414530679,-23.8443615861,-24.7469525344,-60.6508992891,9967.689324996,-8.1010232,-52.4562832026,-31.4747468349,9993.3880960667,-6.3935780036,-84.7131622861,-16.8406933912,9982.6550693848,-55.8567281313,-16.6438383149,-56.8443026658,9944.3096389164,9952.1596823441,-33.3849375755,9953.5592317932,-11.1307616152,-10.9059720065,-11.8267582636,9929.2308896527,9945.3769607966,9963.6294514451,-94.5978838414,-24.1156050332,-66.1615017685,-25.7054830614,9959.7132225301,9967.4284736082,-51.2140917499,9958.3294462226,9941.1813351771,-102.2584812186,-48.1474704981,9972.478725151,9935.8580298936,-52.7865507036,-28.680684477,-11.9211876993,-79.8286181912,9978.6460410917,-12.171044248,-13.4513592416,-27.7783828859,-51.5251594556,-69.4134740188,9966.1727561478,9935.5619365086,9989.0152005318,9961.5567675068,-54.5213404018,9992.1276425205,-36.7664895221,-15.691216228,-75.6958399511,9977.1604616557,-27.6714685439,-17.0949476789,-86.1528098913,-10.5740966274,-70.1835046633,-12.6013540173,-23.8585927433,9965.7287953919,9979.032397098,9923.2645712985,-78.1540328671,-14.7366631745,-51.9259059926,9983.6254769081,9974.9835047129,9979.7366194033,9978.3484818717,-39.8668462906,9964.9047978619,-37.7236462222,9945.3930972999,-33.0331326188,-66.6624175364,9953.1564072978,9979.4511494845,-60.825158985,-11.2787306536,-16.7267029319,-27.4521009474,9973.1202625314,9985.3460350969,-69.6500296873,9965.8346399425,-57.6583006183,-40.4612019952,-96.2882020881,-50.780441363,-69.8120266815,9989.9498681077,-52.1733291286,9947.6296673151,-17.9627972783,9988.586033797,9980.9318655553,-17.4734758491,9942.1019484377,9963.7958114073,9989.8668699879,-39.2312866427,9923.6145707087,-61.1225159912,9971.3808082318,9958.7759627615,9947.1712108896,9957.6612543431,-40.2780368918,9961.3611183025,9966.2110153352,9983.3060446285,-12.5631274106,