{"seed":{"0":1695858027},"gamma":{"0":0.5},"cost":{"0":63424.2360000001},"time":{"0":50.4135932922},"rewards":{"0":[-3.8090051926,-28.2994388849,-9.5275658927,-6.0427597423,-19.9652278811,-56.8790733827,9978.3860133889,-50.6300399652,-45.3996086664,-15.412767156,-34.6965108941,-31.6345135508,-13.7571524618,-33.9779619992,-10.4785034513,-26.3394247187,-19.0090320112,-25.4364990725,-24.3049567869,-5.6155109435,-15.3392095049,-62.4676508177,-5.6550304073,-18.6516663958,-62.6389315295,-46.5329768144,-18.2878938892,-32.7747931434,-6.5126124913,-13.6497952451,-39.726197656,-23.4734339336,-32.1157438523,-12.6068122698,-27.0212445676,-39.6605015832,-20.896920081,-53.793745583,-22.2077262077,-26.3311525623,9974.5425339845,-98.1647293116,-75.7793131868,-13.3159977886,-15.2552353701,-47.4735313529,-82.9734165885,-26.056661751,-27.9591148643,-8.5179192037,-17.4056042072,-31.3962549338,-10.2878641582,-23.9540687114,-22.1316580765,-10.6540460951,-5.9556438504,-8.7320330313,-11.6649161236,-19.475792548,-8.3869503341,-6.3611634341,-29.994084104,-45.8572757708,-3.1738104742,-13.3748540417,-23.5963207603,-22.0600445471,-22.2255692908,-45.0117503247,-12.3141855982,-30.8385542427,-55.0099726357,-55.2866320799,-32.4976016602,-51.0354167746,-49.9196999868,-68.0059583532,-15.8876847025,-22.6376178197,-41.9757617469,-48.1737536064,-8.1682546685,-22.8908919631,-18.6222114768,-50.5970529049,-15.0189451125,-72.7868655354,-10.5125722708,-8.9732657964,-34.4380888959,-4.097013282,-5.2068619192,-10.270947993,-57.8415508149,-40.0679846017,-16.3814874041,-19.4048726228,-19.9112959645,-23.7488099092,-15.4879047369,-2.6328201556,-34.3486130104,-24.8244610366,-66.3522051666,-85.0847692852,-9.2472592205,-9.2000818085,-8.2208923027,-42.3740997493,-26.3289301374,-18.0665471947,-6.6301182341,-18.4675927673,-61.7786877931,-9.4079598877,-6.8330177324,-8.5119669498,-30.1076043354,-21.4252623913,-13.2017499149,-11.9738169142,-43.1791776909,-46.9171976003,-106.4707898634,-19.2590406229,-67.3360308236,-27.6465740149,-81.8145294502,-53.7418513006,-26.1734282224,-7.6879820556,-17.2906617385,-4.5460706141,-15.6712776982,-23.984587729,-21.3598657659,-26.1435677038,-41.658019684,-62.0041358991,-20.7051018052,-18.0480880967,-44.9911375921,-20.695034883,-22.2246896964,-13.8430741266,-26.6595653894,-22.0756067847,-25.3629486781,-35.7693153039,-18.5480128377,-19.6080990674,-8.6676329667,-9.385720034,-56.7965480508,-5.9830551886,-9.0947929787,-19.7944940692,-34.8974860493,-32.0454593904,-29.2774910091,-10.8403803225,-14.6928672325,-8.7667799023,-67.7127428141,-60.1117137667,-13.15321288,-28.5438342678,-55.7509498066,-9.9154712814,-18.6703182296,-12.9061986387,-24.3540623092,-69.5424817064,-44.3498897052,-10.1991004431,-1.8601801715,-27.5346483628,-43.2757436539,-8.9801256599,-12.1194095129,-36.7613724043,-22.644115776,-48.1802198657,-19.9043309381,-11.4161323673,-11.802798391,-27.637302391,-17.193071483,-51.3987549085,-64.1782191513,-32.3617538126,-25.0553020744,-18.0747364462,-30.3193120673,-32.6507689136,-30.0188841676,-65.6509961395,-46.8544994177,-6.2901221725,-25.3486711351,-33.5165088506,-12.3402471671,-4.0914443471,-26.4181560477,-43.8990575264,-32.4354196016,-39.5021008068,-13.6437099678,-19.9931098822,-27.6415634695,-11.9541656744,-12.8790789509,-12.8454418875,-33.5225705112,-46.9164627594,-35.5991352742,-58.9035630861,-16.9129488638,-15.0473114312,-16.9451187572,-15.0555658273,-4.1361112568,-16.1935740463,-22.4674993949,-9.7414158347,-89.8433336506,-20.8387391005,-37.8464285694,-9.8898933252,-32.9824941374,-35.0777469203,-39.0959656848,-14.5796425766,-5.9904155955,-44.7815897357,-14.3009165378,-15.428744367,-50.9494588528,-21.3826039364,-64.4869561548,-34.1995642103,-21.3883327602,-24.4050025812,-54.4006670842,-7.372922788,-17.5795018957,-26.1742338511,-132.5047145578,-40.7304015269,-16.7354116472,-64.5870193032,-41.8653681367,-5.6542999285,-15.19949113,-21.5236633493,-48.4295852069,-33.5188850163,-28.9472443218,-31.9578337323,-49.0907288439,-54.3150320045,-38.59281094,-28.9545383344,-46.2591644163,-58.0087658565,-7.4519536003,-18.5815066327,-27.2792536029,-16.6397742951,-4.4684301293,-47.6574325707,-36.145746496,-35.3858597037,-14.8406202025,-51.7534110867,-21.108785731,-6.307047376,-22.5657710649,-27.9486891424,-16.4929619959,-120.7814668526,-34.8942444601,9927.5539115871,-21.0713711988,-10.4374199159,-16.2462577875,-28.7518240068,-39.4148631535,-26.032599321,-17.8539326722,-17.5353816404,-35.9483589488,-6.4812316394,-28.951060167,-12.9719113012,-30.7644270122,-52.3687204951,-40.1221056172,-25.278182675,-14.9147699472,-66.3402529826,-37.8392131177,-38.6685807372,-63.5186864968,-11.4592320424,-46.9793289819,-20.0292199673,-38.5112455183,-16.3491242034,-54.8076236312,-19.649089937,-51.3140682551,-13.2653634667,-29.411334658,-43.0806352188,-26.2221025499,-25.8479355626,-78.0615931983,-70.7704413901,9947.4929544879,-9.9281365568,-30.8923001671,9935.506353424,-47.0939428403,-29.519127838,-94.487536674,-21.4655506311,-51.2046225727,-21.7630891892,-83.7462672182,-72.9647886071,-39.5567370514,-50.3736066591,-13.255813529,-37.0364433048,-37.0005378057,-88.3742717121,-32.6876782681,-68.2581634985,-21.2217757887,-28.4072416179,-82.6315925252,-35.5277342345,-55.0715652801,-50.5520190572,9946.6219790589,-11.5717471908,-13.8218264877,-29.6824208534,-23.2342018868,-26.2154757022,-17.4128691262,-131.0244119608,-9.6369955541,-6.866265417,-10.63983349,-84.4673393492,-31.2400517433,-29.2349627486,-10.3765992228,-6.0205403141,-121.0392622666,9950.1227450433,-46.9757802454,-67.9940305121,-44.9399920935,-11.3830046041,-22.9173841406,-32.224288142,-22.0671792932,-78.438861539,-63.7442701149,-20.8031431555,-41.3681493609,-52.4744188472,-20.3767244065,-29.3882061876,-18.8314565342,-50.5283593152,-26.661683713,-33.9361277143,-20.2707830111,-18.0453289814,-40.5243797665,-23.5135085388,-32.2726650684,-19.8208814961,-11.9200016984,-35.3993976883,-25.1825192992,9886.8928800989,9980.7043351202,9938.4379930732,-129.6867674984,-40.0929353506,-65.140644363,9974.6186507655,9963.9011845142,-24.2120875552,-34.6072088826,-105.1978113163,-11.8379308095,-10.248733254,-20.6358106572,-34.1262632635,-76.3686529008,-30.2969905036,9978.9919446872,-44.8014816332,-25.4081925718,-12.1398004329,-65.7538488205,9978.6881771787,-28.9928408146,-43.1728510755,-24.4629792176,-44.5743317865,-69.9080495343,-37.793705371,-26.6001587265,-16.9914881143,-11.5236297276,-18.7149065666,-50.4259359689,-67.1441688358,-92.8286149631,9951.2545748515,-54.8572972291,-14.8813023932,-2.9214923073,-80.5086754942,-21.8949673133,-68.9607292981,-36.6800477619,-19.1862094329,9939.478682939,-58.1333377258,9987.0059230567,-99.5904808064,-54.876856984,-34.1640441797,9971.2558435651,-107.9274013395,-16.4717074522,9893.9440126642,-29.3568855295,-46.4393240691,-45.6792527948,-30.1882434215,9966.2519910127,-112.154516324,9977.4434850393,-17.0938660039,-16.1508981882,9902.9274119225,-14.4904315827,9971.5295450783,-23.4238015603,9992.3734841072,-26.2193824843,-49.4307687827,-8.717733373,-28.1317960201,9966.4309153621,9942.4282007344,-15.4328289343,9979.1558896606,-123.1247823269,9983.5921885338,-21.2898944164,-24.8377669344,9972.3418270979,-8.4556355341,9955.5653108697,9981.0036269612,-21.5879046178,-55.5166774068,-8.8565501027,-26.622573152,-83.1303303653,-37.259439953,-25.7296078355,-77.2603639851,-45.4161118595,9941.9553794439,-28.1751335813,9973.9518153066,-34.9902418321,-41.2951016846,9969.4214785439,9955.5340864542,-37.0393875042,-15.6073599378,-28.0312447518,-117.971514226,-45.4114950473,-64.7978716661,-70.4035095397,-20.4305488566,-66.0914480315,9978.0393008249,-32.6262943555,-56.101838771,9936.5896143322,9959.801787236,9935.0647739201,9965.2374404396,9934.8937277465,9924.9587847904,9983.4184836513,-59.7156156581,-16.4417613822,-42.8550463076,-75.8997809159,-18.9031226083,-19.7367419314,9984.3789467152,-108.8394688148,9974.7146719351,9980.09778395,-50.1395428254,-90.4663155285,-8.1555951814,-126.8074251346,9972.2591853152,-56.7434505366,-26.7338724747,9989.4885646576,