{"seed":{"0":1695858027},"gamma":{"0":0.99},"cost":{"0":1908.065},"time":{"0":18.551245451},"rewards":{"0":[-3.8090051926,-28.2994388849,-9.5275658927,-6.0427597423,-19.9652278811,-56.8790733827,9978.3860133889,-50.6300399652,-14.2527488074,-10.9589579787,-53.1970332664,-18.9042846357,-8.1720372012,-11.0256696779,-33.9964802455,-12.3426118656,-23.2128868517,-37.5611715693,-4.8402474454,-51.6981320989,-31.5116177602,-12.5987728653,-15.5053289212,-37.6588750649,-14.3497164707,-42.7245256007,-31.0443579119,-17.7842131015,-36.3617846024,-12.1644806176,-10.4017526659,-28.1860696694,-20.4087696442,-17.3654577605,-14.5182822297,-16.8580924315,-57.2022314535,-39.8948617919,-27.15118738,-5.0696047935,9992.1872045313,-36.3728562431,-13.2914566036,-15.402647352,-64.873755753,-105.0731664794,-6.1781415134,-28.3262817579,-43.0125969891,-17.2402150026,-7.8369074512,-8.9272845869,-6.9475193445,-36.6797855701,-11.022486898,-8.9954455141,-28.1145206479,-15.501765257,-9.7499256527,-23.7395937164,-3.77645962,-33.3697934186,-19.4779063461,-26.5336425462,-23.5471519801,-19.3852144194,-25.2935443962,-11.6543008911,-7.7723542915,-9.2479390104,-18.055969931,-11.3613604112,-16.1886469745,-12.6567026098,-17.7539439443,-30.0131172502,-20.9713142365,-3.2518936234,9949.5371902812,-49.7790638979,-15.1654666935,-28.8235480422,-4.1671303119,-22.3726243411,-9.6618218654,-37.5487176717,-14.3932050516,-3.9757375803,-6.1041170568,-5.8865123084,-21.6082706412,-26.0923082179,-55.318409132,-38.9700867787,-67.8494816611,-29.0835996154,-5.615314943,-17.3753234112,-49.1728020453,-19.2246886509,-70.6426935547,-5.1430651793,-24.4251822676,-11.359093986,-37.7441504747,-64.4128610655,-6.5242972686,-6.745459711,-14.7766006918,-15.509230043,-6.2404344655,-7.6087283924,-20.7627672804,-27.5906636174,-21.2238357726,-22.7486950222,-24.5403720467,-17.019979862,-4.500355785,-33.128434563,-9.5717185696,-28.9897827567,-9.5075534894,-37.4279304085,-28.6906943791,-21.5452485887,-9.0430111278,-19.7306446345,-22.4529791407,-14.5177847517,-17.7060668619,-19.3922525929,-19.6751248303,-20.6351710451,-7.1362979546,-11.4067871982,-8.4005129788,-8.6528187614,-55.410382956,-21.1320213972,-6.3544932545,-65.5337215892,-7.7602978929,-23.6323745642,-15.7059435834,-9.7312725421,-66.0018637402,-18.9648956778,-20.6389249265,-15.2731281391,9984.1657762472,-36.1014932793,-7.4199493491,-8.90025007,-9.5405790643,-6.4247466274,-17.9686864836,9972.1267619153,-32.044168012,-16.1756247077,-17.8125610751,-14.8350923151,-31.8085962193,9969.4649725549,-40.3043902691,-21.0564921641,-26.8377806706,-10.3141525257,-11.7298541254,-8.9048104984,-28.0985278062,-34.2747231454,-10.6870607882,-7.2897476214,-30.1615895233,-6.7571551996,-20.4522145699,-50.9519494547,-19.9332810278,-4.7859862454,-54.9166351147,-17.9262927514,-27.2794541853,-19.0430228305,-32.6092653946,-25.0704549392,-15.674103751,-38.3345839002,-6.3353833524,-21.8866472278,-24.4609063764,-24.7161337817,9973.5833719875,-11.5910502258,-29.7403058263,-30.0733963866,-74.3874227208,-10.3307850995,-36.6604895166,-29.0627697376,-23.5330885857,-32.5547474854,-21.3151584274,-20.1704873904,-91.2822415368,-23.1449845266,-45.4490429903,-5.6414212952,-17.4512449939,-19.6654745703,-36.0657689548,-10.0378832423,-19.1468885372,-16.1198521017,-58.6818490422,-7.1333858327,-19.4265676551,-31.6674018734,-34.1191255665,-24.1240374232,9985.2409001187,-16.8471830789,-34.0841087605,-17.3840343067,-5.4159351659,-56.027431848,-2.3342879754,-36.1729628391,-47.4956683837,-17.7869586775,-26.5900869795,-22.2436129329,-22.7352184941,-15.6487549941,-21.8426676285,-16.4670455938,-50.9005706997,-32.69474239,-14.0677975205,-19.4161807341,-18.1251160648,-15.9101021607,-25.5859424039,-15.2937696722,-12.3223500165,-40.5256378752,-48.8020973283,-7.7652969025,-35.7753443729,-30.9097748661,-18.0055688106,-11.5013623867,-17.6570898598,-28.5134365563,9910.8613030513,-23.0370790929,-61.7635467457,-53.0205536702,9930.7861604851,-16.0404212563,-40.6350167075,-34.4746328611,-90.2709174413,-22.6562390825,-36.6101856426,-42.8710231707,-22.644500219,9990.0487396931,-3.935410521,-32.4917872115,-8.2140700497,-3.7479215972,-4.3398710257,9974.9733252432,-9.7040719542,-107.7479083169,-18.8164095306,-13.4982048967,-2.9144230805,-13.4351335293,-11.5573590565,-41.0875232923,-49.1277943994,-10.8367768175,-28.4167217188,-32.1121201649,9951.4471582763,-28.6643871367,-7.3848431413,9992.347534382,9970.1035153112,-25.6372100349,9947.9964427915,-5.1202865425,-49.2595044728,-11.9533458258,-59.4701546194,-5.5760225297,-41.2759373816,-59.9043488257,-9.5672037542,-51.0278492097,-69.6813746524,-20.4295152995,-27.8412306206,-21.2241998854,-12.9334796386,-17.9200548878,-17.1606677258,-23.4931510319,-19.4414733487,9974.8245897796,-50.4342079971,-26.8976336976,-33.8772796147,-20.4854965008,9982.2423027559,9970.9127080245,-22.9922976966,9958.5399323943,9984.6849537597,-10.3425423161,-19.5740740939,-43.3455047336,-10.523725289,9984.568382448,-7.7811820206,9974.8836250396,-16.4436404453,-25.9693559086,-34.8038178729,-13.9759488747,-28.5922240996,-73.9379442211,9979.1356475189,-38.8717340525,9980.9586345624,9982.5944872757,-25.4020428136,-34.9907875806,-67.3090433454,9984.7422395792,-2.7964010033,9986.2546069232,-12.9766642389,-9.9379630663,-70.9443323662,-49.3826472726,9967.7140167091,-9.2796273018,-10.4867421819,9962.7973131445,-25.2929533788,-11.4588883584,9989.6046277423,-5.9870777812,-37.4203589465,9969.6997437508,-10.7173484889,-29.0980836771,-27.6882904103,-14.6169579687,9972.5849447896,-8.0536387477,-24.7301841263,-53.1578428481,9989.0938289713,-67.848803244,-8.5132813205,-17.4691782113,-51.2010822046,9946.2452020086,-16.6472570519,-16.8770937362,-9.5876355128,-37.1816347007,-15.089095657,-20.4020672334,9959.2208486496,-14.0214793696,-16.7365536811,-24.8595501932,-17.7307598066,9989.5210146393,9973.1782698921,9992.208417178,-9.330749866,9933.3184846769,-46.126695417,9969.4008302508,9986.2353882165,9976.5375526615,9897.3219810868,-38.6915273823,-38.493652272,9977.5316528734,9956.8490116473,9966.070136868,-16.0580557593,-49.0413066808,-22.4229045383,9980.7595768803,9978.7596828249,-23.4250133102,9984.2302187782,9961.0789444562,-42.3778404651,-10.5004513523,9942.6587029346,9989.3340758641,9970.1812173054,9990.5755249108,-47.8165427076,9966.9661448598,-5.0098745193,-34.2181658872,-13.2072407539,-6.2147571132,9966.9774420873,9972.3822970231,9970.197826185,-15.7105022516,9971.2012946483,-13.6177764353,-29.3186628229,-16.0590620941,9968.3291787579,9975.9884957632,-21.7391060946,-38.0986287216,-19.2481612036,9978.8997763982,9990.0709068895,-9.3485104924,9956.0828384403,-20.9244935872,-25.359255542,9966.0778792619,9948.330973378,9987.1158471778,9976.5158401509,-25.2897918181,-25.1699579084,9979.971183301,9940.1123995892,-17.4121814367,-4.5327939841,9980.0483213892,-35.2648470074,-14.5213427991,-37.2329836905,9975.2671870466,-21.1373617293,9980.0059221284,9953.0502016207,-20.4328092433,9970.7973756113,9989.7854279331,9981.8706909683,-4.6998038704,9948.9694681136,-27.5181337259,9969.9389343059,9982.9259957438,9978.2510815603,-21.0764900501,9989.581370436,9976.7445847836,-24.4475024338,9991.5846774125,9982.6355891997,9982.2678071011,9953.2348226706,-27.5200227308,9978.8742321678,-101.7708299939,9974.5884199968,9969.9623189568,9982.2072647998,9974.2696003665,9976.8983708494,9980.9152859293,9948.5173242494,9968.6248461709,9984.4367268967,9988.8494688148,9969.1685522168,9971.536303409,9987.2062298012,9929.2942947734,-25.7157945789,-8.7383785278,-29.0011724002,9952.9493499194,9993.1026408358,9992.0015020529,9986.5975287822,-23.9091795187,9977.933203784,9984.0327676213,9989.5105913219,9989.9823731462,9989.6846223503,9984.3135326121,-28.5526410907,9956.0985852267,9956.6042822086,9991.8433152358,9994.2772862293,9975.466776089,9985.7022653212,9978.5109136782,9975.7903220172,-14.8791302692,9993.9036721653,-11.293410842,9977.6454249106,9985.8681546916,-11.0117507556,9987.7524271437,9986.9902945778,9988.0174089345,9989.9572454909,9976.9742601589,9961.9476306525,