{"seed":{"0":2125204119},"gamma":{"0":0.5},"cost":{"0":63424.2360000001},"time":{"0":45.3301284313},"rewards":{"0":[-20.0145459307,-8.9830917966,-8.3762261336,-11.266210709,-56.9146059752,-16.8668923838,-42.0249178034,-16.4149752439,-6.2200777685,-20.1089666579,-21.5823294587,-37.7884300479,-49.3651630909,-9.1917717359,-69.7221097937,-8.5410350476,-39.1245007358,-25.831089741,-27.0702936214,-26.3273141829,-9.6501647933,-13.0261622183,-9.9869667074,-31.3550158882,-33.6090522657,-11.9595022529,-24.4333287653,-14.070555183,-39.8862948892,-37.2358981799,-41.9268294027,-13.6659020095,-44.7791881538,-12.8516249602,-20.3654359417,-37.4926500329,-42.4635259817,-4.433817369,-34.7256870817,-7.7834123727,-16.6642321439,-41.5304142513,-22.4857830327,-24.872514503,-52.1098268202,-18.6289551314,-27.6298031435,-3.802969049,-26.9860760139,-35.7944120768,-21.4634980882,-7.0403777961,-9.3232466821,-5.7233459943,-19.4351689065,-42.0052876255,-15.5431337648,-16.414827144,-22.1735403931,-106.9843155829,-6.4469952571,-5.9934813159,-66.5268247501,-17.2683608284,-22.3542900852,-57.3084424491,9989.601322108,-13.5082384504,-6.6467350087,-65.7223575969,-29.8296220257,-42.8442293662,-10.3143039084,-18.2383396376,-6.2203588969,-68.8085240703,-38.952141176,-29.4827322268,-25.4185065255,-99.0579741907,-34.3309888348,-68.1032518674,-34.0456353768,-81.0338244058,-12.4297682322,-36.5888074756,-18.2580426302,-11.9396325066,-17.2173668888,-41.7319946234,-36.3197071662,-41.1295614868,-26.6682419737,-78.3731217662,-9.613532383,-32.6192942603,-55.6838224023,-39.0199758665,-40.7900088941,-20.0051241256,-93.993100556,9951.3058764508,-16.0682135736,-17.4798197619,-11.39502617,-13.7811726938,-28.3017002465,-18.4808852372,-46.3546574767,-29.634871618,-15.9236611233,-24.863721131,-22.2112314283,-83.1175059553,-26.8267644679,-47.3841518723,-37.9583112085,-30.6402874801,-57.7865818629,9986.6255035906,-30.2193025514,-32.5821269159,-141.1349811602,-8.3037767538,-40.6758071336,-14.8931267101,-40.3433783495,-47.1823456737,-20.6284122646,-16.1578940326,-18.6862326309,-44.1087055511,-6.3080476374,-32.1173439391,-13.6730148005,-66.7165032044,-26.3498788487,-13.9122734767,-19.1917542416,-45.3983848603,-48.5053673185,-18.4534522732,-69.808593691,-14.9801453374,-38.7825505757,-13.552140507,-9.8248730569,-12.9206872032,9960.1932074751,-25.9408763741,-40.9760807641,-91.3335986561,-28.0690277531,-47.8743298808,-6.3428376938,-5.8065738103,-5.7645175969,-37.801476407,-16.6818004627,-24.2248468586,-76.8725443948,-34.202507718,-30.6393861267,-9.3674176936,-7.2746614144,-28.6260657463,-36.6874293921,-22.8549586108,-4.9172471901,-10.2718163822,-13.411170263,-36.1753601966,-45.7715905594,-32.2236233385,-12.2393921643,-42.141789674,-89.3173054305,-60.9776114433,-14.5321681774,-27.4625538711,-45.8474319841,9947.738713243,-18.7558917152,-68.6732803045,-22.5558676468,-25.5287823009,-22.010911707,-14.6656305551,9970.5512221598,-29.0481303403,-63.7564548861,-93.1161078082,-20.1014703439,-51.5359415819,-21.2825116649,-15.7090417958,-22.59817444,-4.6667340874,-44.9646543672,-85.8939601643,-78.8747557328,-24.4004146293,-39.2096332103,-25.5581582656,-21.1249347245,9985.1049330197,-91.5665638437,-22.5901276355,-19.281018886,-22.406386275,-56.3672766607,-40.8077245346,-29.3826630591,-44.7130361884,-28.6190899726,-29.1764185256,-37.9721689994,-18.8011793325,-20.2325018857,-19.8505211594,-27.3146244336,-22.949674992,-40.4390730926,-25.579441321,-28.2821088653,-18.4254750675,-103.8183247087,-38.5611102981,-26.5293724164,-16.8973055355,-5.2880358155,-62.2222207746,-26.7266634512,-17.2737677686,-10.0180289376,-67.2964958332,-80.5008131859,-17.4823140122,-12.6631564369,-7.4911849487,-19.0263290813,-26.7567319005,-21.1364854472,-14.7013733281,-19.7812886433,-6.4124718435,-7.3484228631,-25.2295998364,-26.193944216,-13.7896064658,-27.3023302517,-17.4590501086,-24.16321287,-14.560267975,-9.3151417032,-37.7394574961,-28.7546951203,9975.219303482,-38.5092503896,-12.3888172441,-7.1878348509,-20.1118931601,-27.613284668,-42.6295795634,-17.1564185404,-38.0753748906,-18.7945956652,-32.2736969792,-34.4036072986,-15.8126623835,-34.5251992927,-33.9103578869,-6.8866948604,-40.3378136756,-48.6240480082,-13.7728339009,-10.3135576462,-34.467105133,9982.8583567269,-13.712726524,-9.5260380279,-32.8832859023,-29.7551895599,9961.1233558485,-46.6805179194,-3.5786373357,-2.7344002901,-36.7618925863,9928.2837171168,9991.7208061793,-41.5033687468,-31.2653664298,-31.5533240564,-5.4418861836,-26.5956261978,-4.0122973803,-52.5670934951,-5.3197708341,-82.4620238563,-49.0553039997,-14.2538621906,-40.333189887,-5.4690512357,-21.0271036233,-25.3085359173,-10.5694610809,-9.071564368,-57.4099606974,-7.3987435462,-15.4835674623,-38.9166840111,-31.9130657141,-18.0944103532,-16.7768075755,-66.5405631622,-11.5099087501,-38.8706999666,-10.9748978025,-62.0477009119,-15.0460641506,-14.2894323118,-30.5286857551,-86.520492821,-20.6517681956,-44.6940505495,-21.6595672383,-13.0709665754,-23.7514080814,-14.5468724851,-9.0294725992,-6.3019311895,-53.8613576739,-11.1163826872,-11.6138900113,9979.8987036782,-23.7601994443,-32.2539221549,-50.9914908859,-19.4225955747,-38.3235356236,9983.0657304896,-6.7783921949,-16.2414498284,9976.6492511787,-4.8233677661,-21.7047157017,-59.2710110449,-19.2883044033,-24.5647110022,-13.8806318513,-59.6350687256,-14.6824472888,-35.4984033405,-31.983598268,-29.5888147573,-39.7961788404,-7.1946729562,9982.5804036175,9963.3082308777,-59.8010625222,9957.5822326957,-24.8305424093,-8.6748263102,-48.5744188343,-71.9668839634,-24.4990729464,9990.5248229703,-9.1954886332,9967.9785481059,9956.1568818713,-35.464127681,-59.4607773049,-11.5601590729,-82.2047806382,9973.2305539434,9992.2419566799,-8.6946719668,9941.297806463,-38.2506278088,-15.0895735032,-22.7991767214,-77.6606173979,-8.189852577,-11.4797754219,9962.4760716118,9959.2536257349,-5.936936062,-63.3272230844,-10.2370078059,-56.1048931192,9973.8550658441,-51.8830472268,-81.7058499573,-14.9721736252,-26.2187670492,-40.6663452945,-43.7032338874,-34.9426595755,-19.1863389636,-72.5473668939,-36.0799288777,-12.6601013812,-101.2698574595,9978.1124498776,-20.9166188733,-24.1193483659,9985.3638891006,9970.4187732724,9970.114934286,9949.0653066797,9981.9836455061,-11.7093409682,-16.3921491686,9993.8877316129,9964.0146386835,-75.1524909508,-56.103108495,-5.8049411389,9971.5247014423,-5.1174459832,-31.0297473767,-25.395133933,-17.2230666579,9947.3478438318,9957.1705438797,9984.6291113781,9952.8693355282,9906.2716275229,9986.8369636751,9990.5759579186,9954.5590093676,9974.8213594792,-43.8610343942,-42.5105762687,9963.0795007529,9977.02139058,9990.9411770303,9986.889297909,9984.5758443724,-52.0227223642,-24.8678633836,9980.0831196691,-7.9530193659,-29.373333364,9888.9941797593,-12.4220564266,-113.9606576212,9919.1686623573,9977.5997622594,-25.2552435095,9951.9608086519,9972.5754734435,-16.3127525921,9990.1968051282,9986.1253265565,9976.5133044971,-25.8627124629,9962.5110516027,9956.3228830326,-26.566284977,-24.4029197553,9982.1736164307,-35.5587661191,9963.9791619013,-27.0963495708,-36.3267981384,9990.1396976574,9978.8381463435,9965.1408214364,-52.8518912414,9956.620399524,9991.0447991381,9985.0601377577,-79.7232568752,9961.185923881,9940.4809495849,9966.1258035637,-135.8722035581,9930.733710345,-74.1516685942,9966.3327959326,-50.0379262243,9926.7859619676,-4.9893488501,-49.3519979855,-23.8859783324,9977.9259938691,9984.6844862554,-37.8242053704,9951.6982450865,9930.4499490693,-17.8161910319,-20.9436929477,9979.4402733949,9983.9514279315,-67.9960013209,9949.1352679381,-33.8532428157,-15.2914714996,9925.7464793499,9977.7027992713,9960.9835272181,9963.5213239542,-47.8943398938,-16.1337826611,9988.6010377386,-6.8734522983,-55.2551216866,-10.3582389351,-5.8604435015,9971.4618303473,-17.6765203659,-3.8911825364,-32.0085807116,9963.4510663515,9971.7374004179,9984.895510212,9950.7666330203,9972.6709092361,-8.9703869396,9983.118927696,9932.5112929585,-15.5568001631,9982.2048287822,9959.1885161551,-7.6486695599,