{"seed":{"0":186872697},"gamma":{"0":0.1},"cost":{"0":42464.2170000003},"time":{"0":50.8360614777},"rewards":{"0":[9973.4218593809,-73.9447110111,-139.8038866125,-58.5344922789,-63.2956093611,-15.0022969901,-14.290604535,-31.054102516,-87.093311081,-13.9980695643,-22.9154301513,-34.8992540251,-43.1739130916,-33.4607774061,-17.6010672336,-38.6298922497,-10.3027581819,-31.0409461952,-14.5163384666,-20.7872463288,-20.558451161,-45.6326772342,-22.8951650383,-9.2066035553,-18.9814043755,-15.4510769425,-40.3737862361,-27.4436210387,-24.5099210805,-47.1462253293,-14.6114770403,-13.7235494625,-15.5612760243,-28.7290469196,-23.6654395305,-7.1370146491,-59.4234192365,-36.365540589,-12.4481782959,-9.6407163734,-74.5519764484,-40.4516157924,-55.3916474483,-5.1275508384,-14.8819215909,-25.164105338,-30.6126880126,-20.5252085666,-12.5661913048,-6.5699277666,-18.5999496049,-18.7853363713,-36.7044837486,-24.6607954241,-9.884654751,-56.1424747825,-39.7547219453,-49.8403643027,-22.6196166436,-18.4933117349,-26.7130995875,-71.7285848532,-26.5828776487,-4.5623238721,-21.5447859756,-10.5730254959,-30.4528190051,-22.1747661213,-16.0064639067,-23.5927864121,-16.8585004106,-31.0314816155,-15.8097323571,-6.7649770062,-11.0437752868,-26.8076555118,-14.6665813199,-33.1446037632,-19.5995517183,-36.5990883716,-9.4018290729,-13.8656406683,-4.1472828387,-14.5412735241,-23.7351474661,-4.9622958787,-30.9092342693,-52.4397159137,-13.6685396093,-75.9873783564,-36.1119705489,-15.3939309332,-4.2148597363,-8.7819876372,-2.9474825005,-33.7967526816,-46.1434684803,-14.9488882736,-21.454263789,-2.416422669,-32.0359095498,-22.8527336241,-8.2462472971,-13.5685843376,-7.3401232915,-13.533157517,-11.9963860317,-5.4465381648,-18.7751781938,-68.9212648685,-39.5734790976,-15.3352442012,-5.4762634335,-33.8442291814,-18.0023688389,-23.3478119198,-8.8264664702,-13.925439075,-14.6718965173,-7.662840336,-6.6064155637,-10.1010193474,-24.1325545983,-34.7543487858,-33.9382865226,-8.7699425901,-31.8693543053,-19.8524478006,-9.8258408872,-40.5711728967,-6.0405364654,-17.0414575955,-11.2123114074,-8.5317331445,-30.4012792726,9966.1524029209,-80.1579014434,-8.8877150703,-40.8266861418,-6.9808565482,-11.7550868519,-28.7484204182,-12.8247667569,-5.2943232392,-15.1054384322,-32.333553698,-19.6244212057,-30.2358100486,-12.6927309822,-52.2808692827,-10.2917833151,-25.8172409582,-17.1848684987,-69.6885541165,-47.89164766,-29.2780495795,-15.343200371,-21.1803610683,-40.5692272425,-67.4327972182,-68.6812859427,-18.6053560492,-9.596940731,-5.8873856416,-13.5839260451,-68.1263054306,-12.4382982166,-14.0961733967,-5.266033229,-26.0229395941,-12.6868854803,-35.786095042,-8.7397522868,-16.0248277036,-9.939928215,-16.2260449525,-14.1694133654,-14.2378407536,-14.0829052343,-46.8190068767,-52.7855745461,-32.3587983091,-23.8337664118,-12.8048814425,-22.2322727956,-17.695375828,-44.4360249471,-14.40937141,-53.7684650219,9957.9887515738,-11.1926590754,-22.7687177553,-12.3845409988,-47.0540103107,-7.4606396145,-29.5474440174,-69.9783960341,-13.545060369,-23.6636897597,-4.062007109,-36.544692453,-7.8239255482,-45.5886322329,-8.3981843394,-10.1061965202,-8.9865093882,-25.460187654,-62.286036711,-40.6694088228,-6.0771586697,-16.454105028,-46.7461920909,-18.2290111048,-34.5864895479,-7.7964046643,-16.4096730524,-15.056816824,-32.2842895482,-35.2352995724,-11.1148984521,-6.7891324538,-12.1557114507,-37.9125332029,-4.1130500719,-67.3047910854,-24.1258605804,-37.8145812029,-24.7468558364,-51.4374854118,-21.9066212682,-28.8576511032,-61.1451993355,-49.4892470704,-17.7505363166,-113.9800593987,-19.2607811857,-55.1321225434,-53.2354397717,-39.6297320468,9977.7185308691,-25.3622390585,-46.3343613208,-11.476427232,-63.5040777935,-13.586420158,-9.3273446499,-29.3824704798,-54.3889950032,-8.7884483074,-53.7626128899,-14.3615697666,-81.1487800223,-2.4445016718,-33.9068738454,-35.1705542955,-29.553669489,-14.9605089895,-8.2440262194,-13.877600787,-21.7147550126,-17.3643344199,-31.0420731298,-35.1948185323,-102.0438306255,-10.7644952912,-25.4013448808,-30.7733739755,-56.1712511607,-43.7662043139,-33.831946601,-11.3426595925,-16.6231281687,-18.3595349954,-11.925126197,-35.6188794895,-14.0239669886,-9.2535445329,-55.2638121683,-35.1646228278,-7.6796520512,-7.3316991854,-5.282553877,-13.0465769795,-23.8096581345,-23.9248687796,-27.9903300495,-12.3218716991,-42.6059795792,9995.3477359654,-61.9466683045,-30.25803052,-57.0242216454,-21.4891010595,-65.4484451605,-46.4724867093,-18.4019205394,-17.9012073762,-21.0357746832,-40.8844018288,-23.5554893882,-18.8641909898,-6.9199130178,-15.7706049578,-19.4692566208,-53.6938617755,-37.7585527615,-9.365443765,-20.4261806469,9986.6171371696,-53.7534465285,-40.3802793558,-17.4660789867,-5.165648135,-9.3170075948,-27.0837905482,-77.7379372278,-105.931467536,-9.5808617217,-55.3721556262,-35.3579996807,-7.3444606605,-57.4729664357,-19.6645510293,-6.8772864167,-25.7647822764,-5.9689680585,-45.8895945067,-63.9600144815,-53.0667655445,-5.2879166729,-27.4027868289,-28.2451075326,-3.6791486375,9971.4885186025,-33.0326513244,-11.3642194124,-12.7419772028,-21.388061326,-15.0206913144,-27.2704764515,-87.1804810746,-34.0534480806,-32.6575269218,-53.5925259995,-24.778814167,-42.1186349668,-23.2797645214,-47.3290180914,-16.6221369393,-19.1461215034,-5.5770134068,-6.7404502244,-10.516857838,9951.8164851451,-43.5781519057,-44.0176054397,-73.9432028242,-23.5083268529,-10.3486912604,-13.4613478157,-13.4046123593,-5.3733036203,-17.3671938969,-27.0003610273,-21.7102931553,-13.1302048479,-46.0032022282,-35.4444323083,-21.1562151051,-12.0056743163,-14.296373597,-40.6777692942,-36.6680104862,-15.1176997486,-34.7307122985,-7.5980353941,-16.8192476798,-27.791636127,-35.5768697335,9963.5725664481,-26.5677860522,-24.6660785069,-4.8622902842,-40.8958874474,-25.1942593754,-29.8718090718,-45.0637050594,-16.1895224279,-50.0617642498,-7.7360403866,-20.9834718971,-53.7581739828,-20.2222176247,-36.6327469138,-31.2130317922,-52.0671257706,-7.6855347011,-8.6124959304,-30.855662015,-12.1055860563,-23.6726115821,-4.603501996,-24.2556315846,-29.6731905384,-21.2219712738,-11.4303001677,-64.3406692015,-15.4432136379,-10.0959353236,-20.7899799387,-12.9087903226,-26.2420447952,-83.1802065318,-3.7009928575,-39.392885937,-8.6852583639,-23.4233421001,9988.1628156482,-20.3028039072,-24.8848696511,-15.8413037546,-25.2155842749,-6.2432115707,-28.9772406934,-25.8323453682,-11.2290945657,-7.6560892612,-16.7248515417,-10.6235518979,-41.8410059485,-6.4880191206,9942.3268295203,-21.2557394228,-64.0260435816,-6.5357211025,-9.2119035628,-36.5029374604,-5.31358856,-89.435091179,-13.0540187451,-13.6564724294,-19.0199856495,-19.8749741769,-23.4794471465,-38.0532485438,-19.622728144,-2.9098715731,-22.7621588817,-19.2253567337,-8.1803154255,-30.1798197302,-17.9315668621,-4.8836220964,-60.3200804786,-18.1174297518,-19.4906356971,-8.0012916747,-17.5748834885,-35.1486182144,-26.6117267341,-76.9035986775,-38.8756477753,-37.4604301334,-25.9355717862,-19.9253313548,-15.4247987574,-13.8743919184,9978.9356795356,-21.4986937715,9986.5233196086,-8.2914895802,-23.1415484432,9982.0665044741,-59.7821521376,-22.0829193983,-55.4312971895,9950.2739543437,-20.3154989874,-41.9861717874,-12.0807487336,-98.7739883895,-9.2792285562,-34.5383637755,-15.1329727307,-20.1996129746,-23.8482359743,9983.7048991773,-19.210220246,-8.1990043671,-31.2503655242,-56.2612026536,-49.2874643954,-4.8140204555,-4.8217509435,-28.7830250836,-14.9806338388,-108.4091678928,-19.6972833916,-23.9827939129,-14.1355670698,-8.6724130205,-33.1197569689,-70.6851181371,-45.479422756,-49.1406585586,-21.0133971105,-15.17633849,-23.1074299311,-19.5439793776,-12.1190189121,-8.0890797301,-5.0283182276,-17.8709762722,-42.8062439885,-84.9023250728,-5.5848799537,-23.0246465389,9973.713491168,-14.3223687475,-4.4190633143,-11.2761703649,-18.277667288,-40.4328271768,-30.343565547,-8.7307023962,9944.4549890884,-36.0563776753,-3.8657572247,9960.2557601716,-21.7137046016,-15.9504505436,-7.9232208491,-6.1690694965,-61.2253172831,