{"seed":{"0":1277478588},"gamma":{"0":0.25},"cost":{"0":63424.2360000001},"time":{"0":55.0881998539},"rewards":{"0":[-31.6460389102,-20.876213761,-34.5406498846,-33.6040100447,-24.0947551619,-5.1734824999,-36.8290688606,-20.0389678635,-2.7393851149,-41.2115801603,-6.4018636617,-17.0435569807,-21.6917514072,-15.7199285057,-18.4992951451,-13.7057363567,-3.4965662966,-18.4860059809,9958.3065683039,-10.5031761339,-29.4527917209,-38.2076777073,-6.6419767945,-33.6316021158,-21.4010724369,-24.1190260389,-27.8263950256,-24.3729130371,-12.1628716325,-13.6696381246,-20.4064597718,-14.8285664763,-17.6146064848,-17.2996573346,9923.4783126544,-11.0855940428,-7.4853766086,-35.2196685171,-24.951395738,-15.8490821139,-8.4313548102,-13.6001660852,-5.757573561,-14.2235292003,-30.5756239551,-20.219464497,-10.7872203909,-22.5791301942,-25.7892111463,-20.2111831394,-65.7944335973,-26.0277668681,-59.9682404406,-16.7558947502,-34.8483481818,-37.8197625805,-33.7772708992,-12.7974918063,-25.4562621002,-32.7749103061,-25.1725231623,-14.7626429386,-24.3196038274,-22.1717607883,-3.9193605502,-36.7777860886,-22.7156468207,-14.3306287524,-6.3539030495,-64.8966147612,-24.2990696597,-19.2214762824,-6.6477939298,-25.3721616551,-10.9887329904,-5.4484737208,-22.9104204143,-26.3937349499,-10.8768465527,-20.3536474048,-47.4383434623,-5.8428250661,-14.8074442395,-5.4935891945,-12.0661793801,-61.5267908622,-43.4112461057,-14.0203880978,-30.3007716788,-16.7449037493,-9.9196028281,-65.8946968467,-11.2170854816,-96.9710229531,-14.6388511738,-32.6514104937,-47.8984841965,-21.0530698606,-22.4605739329,-8.6980264911,-46.321705667,-13.4750946672,-13.8687964619,-21.526632055,-31.7219367895,-45.6100046286,-34.5985786319,-48.6897091457,-10.5258608069,-17.0562936852,-79.5628249843,-15.3902518858,-35.4534988694,-33.7052829186,-22.6391863052,-46.3638764008,-29.4000155563,-11.6220065009,-42.8726643928,-4.4374825187,-21.4245261346,-5.9966014981,-27.2202269931,-42.3192289925,-61.2417397495,-11.7278904239,-25.0084653365,-5.2682094514,-20.4790882852,-13.8718185025,-4.105458146,-30.3073409926,-16.1116543453,-21.5334554631,-4.2522028679,-30.4661856293,-12.5624023634,-37.770904986,-11.4539632552,-3.4846549987,-3.3503590021,-21.4006861448,-22.7258538626,-32.8755744818,-15.1678869896,-24.7635316782,9987.309125141,-39.2075376044,-28.8679484757,-25.3154871939,-49.448822318,-15.4649886143,-14.5948082008,-22.9778787365,-36.5205853351,-12.8750157343,-34.1288785746,-6.4269734556,9989.554072576,-5.1165873694,-18.7294353041,-10.4197918209,-3.2812749761,-41.1842740045,-18.6285972167,-22.8739940518,-34.4283341008,-27.0238658057,-28.3128607602,-7.2376269633,-12.5124958606,-32.0621065415,-29.9171111759,-48.8055529258,-51.8835235921,-9.6233728863,-46.0739310291,-19.8223567363,-23.3734872137,-57.2676642474,-16.2774287013,-41.4212883222,9985.1305551077,-36.1253938788,-12.9792287882,-22.0792254785,-19.5881701287,-33.4684349978,-5.6536632016,-40.2001620488,-62.9212208354,-34.2393963189,-12.8372616513,-71.3178553196,-9.6521846245,-14.9089153201,-39.8731336748,-42.9204118459,-39.7116475362,-24.3538719095,-79.0124553106,-46.1468734947,-53.5027846745,-42.5681068869,-54.8530170186,-22.8262786212,-50.5779400052,-45.8311667799,-20.0785475383,-43.8271996498,-41.6666840941,-10.9389129302,-15.505291872,-19.4893689992,-11.4479689858,-14.1298432362,-38.1120450798,-47.4711540992,-35.4598392458,-35.2424878546,-44.9524386405,-28.8650407231,-16.8159830973,9988.190760929,-51.2525936044,-25.8051082955,-44.919304202,-31.7164683516,-3.8580766516,-11.1073535187,-12.6200004519,-106.3507633867,-28.8636943102,-20.7535684234,-7.2593913764,-2.9918387244,-11.2453325479,-9.9235044335,-24.4436665034,-25.0513661188,-23.8763098321,-15.0668074841,-18.699096781,-28.6071778125,-54.3214030826,-5.0523929219,-27.8379499288,-78.0940835396,-18.2786608611,-17.9243993527,-53.8742285009,-5.8573869078,-47.5558433924,-10.8467790733,-25.0596887995,-15.4460998455,-5.1132530013,-46.9611775009,-23.7934382996,-8.1705939344,-16.1674027754,-7.4896287659,-69.0581555939,-11.5546161489,-18.8307812741,-41.1550674536,-40.8724393491,9983.3907975217,-18.0048182721,-22.4198270486,-10.6189860885,-33.9453124596,-29.252859647,-37.877317298,-85.1731573485,-52.0180847433,-27.992665738,9972.7549493277,-25.5302910075,9933.7966755531,-6.3957517076,-20.6119965559,-35.5160543358,-23.9190403219,-10.5301979627,9929.5062384132,9985.9471980853,-19.2799052841,-9.2510170967,-22.2116652078,-10.4807635587,-25.5135131678,-17.1168205103,-22.4877046801,-25.4504702666,-3.2891807235,-6.6410233587,-40.3092124006,-31.4113536681,-4.4182177594,-11.2940757068,-30.6912280858,-26.081004347,-13.1884897834,-21.8600344361,-18.9298352985,-35.4138400046,-122.1672779141,-17.9370145961,-18.1783079703,-4.1866745193,-22.0807154412,-18.0192232196,-20.7164099055,-17.2274071083,-15.1567188539,-47.2215786118,-5.6314805455,-63.7421277131,-15.9941888575,-16.2168081462,-37.2228533432,-37.9717480471,9981.2290730539,-11.0769500263,-52.2290055398,-13.6914237978,-14.608224892,-10.1964068315,-11.5702954961,-14.4901789166,-28.5693555143,-40.0761055386,-39.3369317023,-11.690173648,-28.9490798514,-5.2474467914,-26.6606539267,-16.0123438905,-12.7017173048,-13.8950797104,-32.4452195885,-28.3860693716,-25.6585415642,-27.5345261935,-9.2997329365,-36.7942850151,-44.7436647584,-80.2286248652,-28.7903656839,-10.2468931904,-17.0399283899,-28.824719293,-9.463468526,-4.1240341499,-15.2167647176,9966.3227086289,-35.293187909,-7.3462484976,-10.280077455,-9.790690974,-9.6968272477,-21.9307157091,9970.9853101992,-28.9504466207,-33.8503555526,-8.1035963157,-22.0074276542,9965.8917960083,-12.6208788026,-44.7592562021,-75.2920961842,9974.58331492,-23.7925533331,-49.1043791533,-9.6679506983,-27.6041397808,-36.9947870159,-33.4411520455,-35.53838505,-31.9560184129,-45.5999571597,-9.2501797962,-7.7579704017,-7.804039325,-6.9018720197,-35.5058510771,-21.5051298286,-14.8070420902,-10.2404236634,-11.6431345323,9989.4367152078,-6.7953926342,-9.1905382547,-29.9995973167,-8.4063631852,-55.1952800809,-30.5837086002,-81.9554217503,9983.0873594296,-28.0025792332,-47.0971319731,-40.7670084462,-38.8729462211,9984.6395688272,9941.6146523187,-19.9511835536,-76.7734010881,-10.2884074089,-6.9700716513,-19.4153774985,-28.4689664714,9954.4886845635,-32.6203948038,-31.6542251617,-49.5411525712,-19.5291038192,-24.3028604585,-54.8824128183,-4.9318723871,-13.6788107625,-21.5470582814,-9.0269325849,-13.4598962124,9954.578841779,9978.2462398552,-6.2596369693,-15.6750805522,-7.9790734691,-10.1604386071,-24.9085803093,-28.2322936894,-24.6051126748,-5.1237369607,-28.8674018867,-41.5316590426,-45.2571892313,-19.2297467736,-10.3850165699,-13.2610170782,-71.4238967347,-49.0557061632,-8.1320598166,-39.6451262526,-11.4116403174,-18.780288967,-13.5481951894,-40.1842341505,-9.7756530585,-37.6070287847,-43.7210670211,-6.3470361263,-14.1272910482,-32.7530623628,-26.1061389676,9972.0468226523,-26.5269690688,-8.5815930983,-58.8680162771,-31.2868017667,-39.2932668017,9966.4542414794,-13.7775746323,-50.0221415889,-54.2964916043,-57.2544411922,-7.6015784274,-7.5759214215,-78.7300575516,-11.7632988804,-12.818717734,-28.2433018741,9963.065393007,-38.7225163826,-18.6616686531,-106.3472807724,-13.1778275983,9989.8586109102,-5.8254520351,-22.3156834753,-7.3895354824,-25.0561149892,-11.84271007,-36.2823317264,-6.8622690356,-85.314789422,-27.6183078528,-21.1878599163,9992.584029929,9960.5948927142,-108.6454978272,-22.3350629767,-9.5051733176,-20.0901071599,-21.9438832657,-42.2183316922,-50.609529207,-70.7290431063,-7.5928519088,-15.6681417183,-15.0390495931,-47.057737956,-3.2720046478,-17.3401003985,-27.9204828297,-21.8701300231,-10.3572873831,-17.7982787059,-15.4985465519,-9.3964605702,9965.7620619089,-30.3105919088,-31.3327899701,-17.870232038,-63.4021008796,-52.4491133907,-11.8726552018,-6.0860935098,-20.2257724471,-23.3206379417,-8.3772137791,-4.5201266249,-12.7952816402,-47.6495224279,-14.1820326427,-16.3989582028,-21.2371109827,-62.483491675,-17.356138828,-27.0253525317,-53.6887452822,