{"seed":{"0":1598189534},"gamma":{"0":0.5},"cost":{"0":63424.2360000001},"time":{"0":48.5366828442},"rewards":{"0":[-24.3033345856,-47.8557643849,-24.7387612269,-15.3761672926,-31.9527702431,-29.3524828012,-125.5925392535,-17.4781418949,-14.7675416718,-37.7348662408,-3.3685565957,-17.9230791992,-23.5091533754,-29.6316927594,-6.594159948,-22.8543228266,-24.2526011927,-14.0841676247,-20.7552179373,-29.3746377802,-117.285630901,-23.5126119979,-26.432779794,-57.7420950396,-34.3232484039,-27.0907115151,-14.7340961872,-33.1970290772,-7.8118392247,-7.8466934178,-22.0339557709,-43.0466620527,-35.1628465417,-53.7747886885,-14.6563895563,-8.7245577409,-77.9261395963,-67.3592741449,-6.202333022,-24.1831751993,-27.1121764253,-4.8495167121,-25.1986880683,-6.3359086196,-7.3888864018,-39.8465799657,-27.1600582355,-13.4847504584,-62.1249029758,-98.5313261365,-58.507940878,-18.3909084138,-38.2928561641,-9.1885558122,-11.1926019174,-10.5558864122,-36.059436015,-72.9541568344,-40.3659561703,-20.8733211546,-31.312815162,-12.2624131806,-10.2617694698,-5.0810518484,-97.0999973892,-18.8786999184,-20.8644364552,-26.3933322843,-48.4674579562,-30.6074341046,-5.3432704113,-7.8918100388,-16.947159508,-18.594282418,-9.5334515144,-32.7034352976,-15.683985916,-12.8317988453,-23.8923102892,-21.5551617128,-40.2993448063,-39.1834276715,-22.422476881,-27.7464508344,-29.9966623146,-25.2606783139,-19.7811818643,-13.6082593657,-66.3970642557,-28.9138927967,-22.6410195309,-11.0375538573,-7.431574798,-13.5258539712,-23.1472231244,-9.2793011327,-70.654977204,-76.7623490461,-19.9405455721,-13.0268805105,-62.8306647059,-39.4821492758,-18.3087601824,-9.0985281231,-50.6863855072,-20.1974238564,9990.9589981858,-45.7142156065,-52.5113399491,-6.7806656964,-34.7333718125,-19.6952259389,-45.0469766089,-26.0246587359,-7.5195531703,-14.9054754374,-3.2603582157,-25.8464789232,-6.6804394189,-34.3302542387,-55.3737665444,-5.9576086142,-10.6780257718,9986.3854090741,-14.8191939004,-50.2149381833,-10.7289754658,-47.3347057032,-25.2708857765,-11.8943347675,9986.1551916412,-11.4656405868,-8.503134693,-18.7372117756,-15.641619444,9989.0841901854,-7.5063830953,-3.8878111432,-25.0660528328,-9.8929465088,-18.2174722447,-34.7925752851,-9.6198785654,-29.8401156393,-43.2300641552,-11.5442235927,-71.4553511802,-3.9813045999,-15.8573421155,-7.562060423,-17.2732199473,-15.1680937913,-30.9484710717,-15.3123939097,-43.1753836082,-50.7921728283,-29.0141681034,-29.7793902794,-19.2039095761,-51.6911087959,-15.244176162,-24.4907404863,-21.7966037854,-45.5621613905,-14.4081839675,-8.5858171263,-31.6347854233,9971.6858677513,-53.0629764646,-59.4068378369,-6.025562978,-46.8500184957,-44.7554560042,-21.9438847955,-9.7439051482,-57.7181187862,-8.4388946217,-18.8644386942,9967.0338398763,-40.0208601749,9990.6047080662,-14.5379895113,-61.9364916171,-18.2738569161,-62.6580422089,-18.6904906412,-14.2095264063,-19.6634371064,-116.6372543049,-33.9776329865,-29.6167462413,-17.2979395645,-5.5442806906,-45.1235890691,-13.0229181436,-11.7870487156,-27.7758380838,-42.3755022072,-30.7916119256,-93.4749897346,-34.8903288028,-45.0823203697,-32.1167921647,-39.3872020398,-14.7069410899,-24.7835134175,-18.1721810034,9986.4144306907,-8.2710970926,-14.7923896894,9982.7730912776,-12.8522829938,-66.4829004165,-38.397605954,-23.6190618654,-8.0721369461,-22.7459781502,-7.7199806183,-3.77257265,-10.543528867,-7.4038193788,-50.6444270428,-19.9347440417,-21.7909127464,-19.4503614326,-58.2558023328,-37.8738590914,-4.4091264111,-43.8594290392,-16.7473248862,-34.9571079679,-83.1222132565,-44.2263663332,9969.1756141901,-3.4250687802,-10.6543736257,-6.7884584784,-43.0351971377,-82.6717512067,-11.2362699767,-22.5217663485,-9.8212508553,-16.0342250044,-3.8005446173,-38.8787449217,9951.643342691,-32.4203099614,-5.3581059848,-11.6649228503,-29.8464002705,-48.7506224684,-36.5424951419,-13.5131910464,-18.3484673872,-41.5938682146,-21.8370165028,-16.7200299132,-32.8117358436,-98.6811233495,-73.2420844837,-52.9491809094,-23.2651171333,-26.5591772139,-42.9853777439,-79.7193405477,-58.2804047982,-31.0741334571,-13.5389332829,-31.3215666762,-30.6034005992,-36.0749817231,-6.6272996787,-56.3403521551,9893.148039247,-73.2270133554,-16.8749664829,-42.2098675136,-11.8812800779,-64.6218355183,-21.2821842037,-38.8028689658,-19.4509950236,-33.5713492545,-11.1658368576,9981.0772703498,-36.2336388326,9988.805904922,-35.3193910507,-51.2844405236,9926.8394619651,-14.2433172661,-69.6206507335,-4.6447549857,-33.9384263597,-117.7780266562,-16.7127818985,-25.2877381691,-42.7766875218,-16.7290216646,-29.5107324324,-27.6843801397,9928.9246455272,-19.5615905516,-39.96317009,-41.7357251865,-34.4535628176,-13.7160004806,-24.967533002,-8.3751235257,-78.6207501636,-26.9909357716,9985.6460500508,-21.819115894,-63.9137711541,-37.4956071312,-13.4244884389,-17.9997195297,-15.7034505389,-63.9799404778,-85.7998373383,-9.5091945222,-13.4939090064,-40.9575853647,-103.4067884677,-28.1259423996,-39.1671164666,-77.8120777854,9989.0415987716,-32.1694422586,-27.8490895496,-80.9705808238,-41.7330262674,-11.337481388,-61.5519485785,-51.3962633457,-15.0830960401,9931.8751577935,-17.3827386747,-30.8563809747,-23.009461948,-12.4955928165,-35.1254956951,-29.8040739679,-59.7089837236,-42.9388090406,-60.1911077511,9992.3586551377,-7.8730464224,9896.9342695483,9975.9333264874,-94.4549040831,9911.409674583,-49.6675876358,-26.1159177432,-45.34653611,9935.5014639933,-25.8608895519,-73.9483228752,-35.5004792258,-17.1517035112,-63.1333402597,-62.570122114,9969.1094379693,-16.2688674583,-26.3971075135,-39.4537899456,-70.6858730096,-52.8294374943,-19.600016137,-2.3977907744,9950.2772536924,-54.2533662773,-55.2910085555,-15.6015228928,-16.8540524302,-41.0468456437,-80.159974357,-100.5238434594,-18.5336075585,-41.7596880721,9965.341340159,-95.0971790438,-46.3269826819,-25.2984329043,-54.6987795047,-51.530386382,-34.1690377532,-30.62675037,-27.6653549516,-66.864811437,-12.9734207153,9962.3205769521,-43.1440725638,-46.9150684281,-123.7706570738,-117.8981126272,-33.5829478971,-46.8629547363,9963.4694145298,9963.6981086748,-15.5305602976,9976.1378445959,-65.5633172222,-45.486694087,-6.8077178232,-54.1534706588,-6.5236895338,-42.6608786289,-38.4229960397,-26.0941215806,-117.8856098056,-59.3470180961,9959.0030913853,-64.9751009515,-114.8660437256,9971.0740840001,-13.3318454397,-9.4523202837,9966.1495162754,-17.3279494512,9981.0356553573,9968.785527126,-29.2471756013,-46.0007038165,-16.2836315092,-68.6613559082,-81.753137877,9959.7586146465,-49.3148062042,-29.6815744047,-34.5521146688,-56.9677886569,9952.8950447405,9952.4962010642,-47.1794160932,-24.6972259425,9973.0297591148,-11.0821934762,9957.3540737317,-87.696999166,9968.1423372133,-66.8944070849,9976.5245460535,-42.0687496266,-65.5304598494,-13.728848516,-36.0376952024,-57.3885861407,-102.3147201367,-33.0180250368,-9.5665761179,-65.4745737918,-70.7830146752,-42.4195575169,9917.4584082615,9968.6498747024,9973.4824207418,9964.1516833944,-13.8513998498,9913.9485413074,9945.5215697246,9963.063809865,-34.4595297695,9978.6287545145,-55.6732795409,-48.4996962815,9969.3442089494,-27.4402349367,9943.4821836495,-92.996253174,9981.1338918464,9885.6982509414,-16.158420403,-122.0522490142,9932.0906267293,9935.1277901618,-72.2468650035,9964.1728789731,9960.1513309691,-33.4934184716,9969.8749180639,9976.7294376037,-39.8931222406,-44.1658810369,-23.2841825888,-70.7640780178,9950.7289007811,-27.4463164246,9959.4132928936,-36.220791786,9900.3212497762,-90.0593139069,9982.2869569033,-31.7194665135,-12.2760876707,9968.6327227525,-61.2682279521,9978.7436399468,-14.8793960399,9967.0524911501,-70.200645225,9962.5762829532,-117.7510148414,9898.7869133795,9978.3412769844,9942.6851818542,9933.4291985613,9971.2054341729,-53.8431204639,9880.0052711536,9982.5279933083,-119.711474116,9931.3823571444,9973.6670262763,-33.3790159253,9981.8592429787,9990.0529860899,-13.1793308016,9978.7548683775,9968.7393950725,9987.7620373695,9918.5703294463,-110.9563681766,-13.8864457373,-22.4200385967,-25.4779424686,