{"seed":{"0":1000004583},"min_epsilon":{"0":0.7},"cost":{"0":1715.974},"time":{"0":16.2847812176},"rewards":{"0":[-8.7390335337,-25.2996335467,-7.652498861,-28.0669623779,-32.0161250396,-22.7535029055,-10.51520015,-15.466600374,-8.334117763,-20.2315839435,-11.5785726256,-58.4561195568,-18.9274513261,-26.2922794481,-7.3388362745,-25.3871540074,-25.1702958491,-35.5407339866,-33.553107642,-19.7872183924,-12.6618369117,-13.4030647406,-24.920383248,-4.2760891578,-12.6561014925,-3.9707257794,-97.7627651333,-20.3678998197,-25.4210223327,-68.6160858513,-8.3954209057,-69.6041697819,-14.1375597222,-83.2030629107,-36.6128921328,-4.7644658953,-31.5767539289,-20.6029903941,-4.9384897006,-10.7367420587,-17.5860180755,-31.2884424808,-6.0246754223,-13.5796963768,-4.5744229596,-29.4515139346,-3.9738606463,-5.0683794748,-34.9101370419,-13.8553051984,-12.5259715938,-11.6030830708,-17.2365749431,-11.7228238943,-62.6013842864,-11.6422843778,9989.6190843414,-9.2145559554,-36.6514392594,-20.6728327676,-11.9666736947,-25.6378035775,-7.5262691215,-9.6736076214,-17.2079431466,-45.574867214,-24.1635015469,-11.5923523581,-23.146339082,-24.1374566291,-7.8383362182,-15.2290738178,-14.3636285101,-22.1902615391,-21.1893141456,-34.5968354592,-38.946873584,-15.0579625965,-34.805381615,-28.2628775473,-11.2543778967,-44.3074635931,-40.0621147864,-32.3108682868,-70.4894532656,-28.8806548749,-5.2270061754,-50.9771483547,-28.6631115682,-21.2820422824,-10.9827732919,-6.4949782849,-9.2645816738,-19.508570365,-18.9344376944,9966.4268287984,-12.0095559649,-15.3489412353,-5.1433696639,-27.9212372111,-26.0886164205,-28.481379556,-10.1601142334,-14.4107719305,-11.9959704991,-57.2626121502,-16.2577287652,-4.2049679192,-8.3620340273,-9.1689996766,-32.7477020577,-23.8559528799,-14.6396260428,-31.1294444239,-8.0226160924,-6.0591301872,-5.2819006733,-36.8373939447,-6.8567022968,-20.3247075854,-5.4202308294,-25.9921238926,-6.1351072582,-30.5034710888,-20.9287588271,-37.2468934351,-16.5212654226,-9.5661505217,-23.4626583972,-47.1600011567,-60.9929056502,-10.7536092816,-22.8841357736,-7.0464915761,-14.3148894122,-34.6617546434,-73.3084938392,-4.1733104247,-9.0304113768,-29.2856525707,-49.1468724833,-20.8106481321,-26.3873450968,-17.455550968,-18.9626116774,-43.0933973748,-17.9816167488,-14.3756890467,-32.3909277274,-15.5868276225,-19.9002175274,-39.5002163783,-6.2723203037,-14.2380135856,-17.8508609804,-23.0512925234,-13.7438759402,-45.0360600692,-11.2742190993,-8.4155354171,-56.6410578574,-13.0177628861,-18.5450683023,-2.8500789523,-13.21497026,-4.7221289144,-38.7647115923,-20.9691247222,-5.64972271,-9.7691013657,-22.0944045336,-7.8368640018,-16.9678811589,-12.7477462416,-24.2721970186,-19.8010677158,-10.0277943569,-19.8179911414,-10.9822554023,-27.7880036004,-25.4937510698,-14.1105002211,-10.3593349024,-8.9718139428,-45.2444053142,-34.4887812087,-32.9762106957,-20.1594681466,-7.1345580565,-9.1497084827,-21.1460756643,-43.6820957521,-4.9564645461,-40.211851568,-23.2598685235,-8.197047652,-36.6551502235,-18.0677310748,-26.1271667733,-53.0134026816,-16.481415583,-30.55132273,-10.3550038957,-28.8670894694,-4.6669401306,9958.5297415544,-20.5818262705,-43.1749100468,9941.6749396363,-6.3013685365,-83.8757638122,-11.1177400184,-9.0026130508,-45.5682107774,-39.2727307183,-53.3677498247,-28.5792716198,-18.5014289954,-9.5630083842,-12.6824351586,-34.5420700534,-35.9217986164,-18.0238230912,-8.7366932149,-17.1721893312,-7.9360525085,-53.3395417912,-17.4790332445,-14.5439194398,-12.9104955016,-22.9483592427,-16.6883226056,-18.79112968,-27.594476769,-37.1498353837,-38.5892347799,-85.2649597257,-18.7386663883,-18.142812992,-5.0589109139,-70.2904669932,-31.8101481739,-30.1394946593,-31.9279761828,-34.8770751133,-76.3102465838,-10.1771647245,-22.8338598213,-13.5939450811,-17.0740909116,-16.2173423553,-12.5628430147,-83.3078800141,-26.2795013807,-36.3731042382,-60.1836597835,-38.3977957119,-13.2042963739,-14.5085250605,-21.4656484135,-17.0801217913,-7.2786529278,-35.5909386094,-49.7520960469,-19.2999835517,-31.686751596,-66.3762882865,-19.5198658212,-12.2716880075,-17.0836332731,-60.0720530542,-12.947827168,-54.3085216225,-27.8914251995,-48.3077883205,-26.7265015345,-9.7628563673,-6.7829815952,-9.9083979967,-31.0407008126,-46.5399813024,-15.8064513992,-32.4302350056,-5.0495835683,-17.5892618732,-20.0090926817,-47.183004048,-45.6113551762,-25.4889165652,-4.8605010764,-2.8740823985,-30.8892602314,-15.9014295043,-39.7708471049,-37.5596431709,-9.6939232007,-64.0071270639,-24.6762829402,-28.5484856715,-22.3348544687,-29.5043037455,-55.5875445687,-24.7616814876,-7.565812929,-21.6408579212,-15.5158729768,-14.3480858102,-12.5554438949,-24.5177283514,-45.5511806288,-31.9802413586,-21.8023701003,-50.457870744,-18.5263730101,-37.3135287054,-49.560802802,-9.3521776933,-7.1839557002,-2.4711686163,9992.7414770259,-41.9689106695,-38.463853455,-56.821500571,-15.4596022449,-12.890706034,-7.8510678601,-4.3037774616,-9.1219650358,-16.4878096782,-15.9455215538,-42.1428870143,-8.6351597442,-60.8992341737,-33.7382804024,-18.2613460576,-7.7201021122,-7.5822262852,-45.7892812602,-5.3471495442,-10.5657494193,-32.9794056093,-7.7615322869,-21.4271324883,-20.0814431387,-6.3980095012,-10.002769444,-3.0031374075,-18.0388438221,-9.4841308882,-20.8246064292,-42.9719073114,9986.7548602069,-28.6086384458,-53.618641298,-77.2453944924,-9.7430439031,-5.1536047343,-4.2078597127,-9.5392815108,-33.3503340189,-7.7085331957,-19.8953092065,-9.5072091359,-67.1324760903,-15.5426851206,-9.7285880899,-5.7460168375,-25.3802911103,-51.0354720388,-22.5973306613,-29.5278220187,9979.8824262816,-39.6536092241,-55.9556247424,-45.9862256705,-25.9970724137,-14.4187274114,-23.5478087978,-8.1067057038,-37.4268057685,-19.0498259145,-10.3464064107,-70.4415510442,-14.4058069731,-8.4987785432,-16.1042336605,-6.3852027498,-38.3470170419,-11.4156608155,-10.9148587844,-24.2904915376,-25.5389045307,-3.0752410758,-20.2283821311,-25.9650831921,-49.687306822,-14.8046962629,-9.9550514313,-60.2099876807,-9.4597690152,-15.1617338206,-20.185430497,-23.5448219627,-16.395291795,-30.7783170777,-7.7047405475,-16.4733858734,-25.1626915665,-11.4791692911,-3.7177208377,-21.5886378702,-12.0799984798,-11.3894280811,-10.4593196076,-4.6692511078,-6.1476608907,-14.6694176358,-33.628281126,-11.3010104008,-49.82212966,-17.2921312541,-28.8958106315,-26.3242406342,-9.5322283563,-14.0671153574,-11.0164749299,-11.4911352466,-8.059754246,9982.6424890501,-18.8410112296,-13.0621891489,-61.7337184278,-48.9746773866,-13.6795423424,-21.6855197223,-17.4689896903,-12.9188553664,-4.1033420213,-59.8142961716,-24.7636109201,-13.95181917,-29.6071128511,-13.1098621377,-28.8592965434,-54.48406527,-39.5549356833,-30.3871050667,-9.9164670595,-5.3433918243,-15.8095839933,-43.2853602397,-48.0173187542,-30.1889320376,-7.7205690263,-24.1988819956,-7.4659099345,-5.1055980455,-12.2645006726,-20.2853902913,-21.539211387,-19.4860771474,-10.8089405498,9981.7499512149,-13.6952921241,-23.5461883975,-16.8959602588,-5.7402831221,-36.3917117374,-17.6738705969,-13.6975269938,-24.1970952432,-36.2746970929,-11.3197446287,-27.2656224289,-16.3485657027,-14.6365886308,-45.7328892702,-17.7900641033,-11.5109932934,-15.3979987644,-16.393523716,-10.5554750051,-88.3432740333,-7.0983794273,-10.9456896436,-18.3706653939,-8.868181014,-31.7853145829,-45.0551569191,-5.2181915978,-14.2970372343,-34.3159991635,-46.8396383219,-5.0653827003,-12.514673237,-33.876967265,-7.2488044523,-32.3897580574,-50.2573302586,-24.3076258045,-11.4969865105,-41.3001934632,-33.3546390551,-13.0138386473,-29.7591823268,-21.4567061958,-21.4025403982,-23.1199413055,-14.5747252841,-11.9835008924,-68.95908072,-27.744964088,-15.1668666995,-16.2944825337,-7.8746730725,-43.1660958689,-47.4957778735,-54.6522317702,-8.8783056163,-6.3058098868,-25.1704882618,-15.7429685413,-13.1810215109,-12.6881848079,-10.6818576438,-5.9286907544,-12.9065512329,-23.0150113466,-16.8784773187,-9.3415023079,-29.3153119475,-9.0105154715,-3.6105947522,-16.5134330839,-8.2246925574,-75.4431859457,