{"seed":{"0":773370613},"min_epsilon":{"0":0.05},"cost":{"0":null},"time":{"0":11.7236633301},"rewards":{"0":[-11.8188461081,-15.0159568106,-5.6518627043,-47.9613738245,-42.7259230496,-12.4053843489,-53.2457167995,-26.0357132549,-16.7211536616,-30.352762136,-14.1230465284,-25.2321382251,-23.4896991103,-14.5310516361,-13.631437345,-6.845123797,-29.4104000831,-35.4163707371,-9.7202689447,-9.0090542488,-24.6637662663,-6.1702728193,-21.449865553,-25.5975304258,-45.3394575829,-6.1147975112,-7.4276279204,-22.5659954037,-18.7769669712,-32.8108183016,-41.5339011182,-22.9073243028,-11.4536538526,-4.9242312306,-34.6425534405,-6.5357504939,-8.733182397,-58.6677089267,-35.7643854482,-21.947443693,-45.9109380246,-34.8384909861,-5.6699684283,-27.3045349427,-75.4381958519,-19.4927508239,-22.5840362761,-3.0111131265,-8.7927169945,-10.6325790996,-14.1337954434,-14.9121574524,-6.3117812796,-11.7797983488,-10.1454303637,-23.2201512954,-7.3696850659,-28.9513227482,-7.9499759748,-4.1121399416,-7.3047860782,-23.8372339522,-12.9436296633,-14.2769071654,-65.730266004,-17.6131850489,-10.3399529418,-27.9921436268,-10.4401539723,-5.3685659662,-16.5572068362,-21.8094798348,-36.1561567639,-14.9462105204,-18.6704017531,-7.4166821556,-10.5267200712,-21.4930428955,-6.1908722201,-55.8559602652,-12.7540058584,-12.9620532755,-41.6513987056,-13.0406684264,-11.6557589607,-18.3726524365,-13.8434730653,-4.1121983902,-5.7488686836,-16.5488679937,-6.373880458,-5.8224091479,-10.6102901871,-10.7403962872,-17.1129649284,-20.1338162754,-12.5282407666,-5.2891811865,-7.4802885678,-13.7869596073,-5.4863815832,-5.7372096851,-10.5556894068,-26.7058730105,-20.525029212,-23.7236713547,-1.7748100815,-7.8524968102,-6.3531640584,-5.8588693166,-22.8231461452,-4.6804459938,-55.4762484714,-13.5923319983,-12.5569631865,9961.9552610332,-7.3151033229,-12.3398169761,-19.7301071577,-5.538547297,-13.7187642008,-15.98115179,-8.4337908546,-106.4412878848,-7.0927540083,-24.7656615729,-20.1905238804,-15.0266539774,-24.9554666388,-18.342373473,-8.9405961104,-8.8317323672,-6.2351393563,-9.9265127183,-12.5925600721,-18.6592513766,-3.2802131589,-7.0164497607,-8.2069277191,-5.9206858119,-5.7535582952,-5.2173861837,-4.3619694444,-29.5121718971,-40.6056224666,-13.4731978071,-7.2982686719,-5.7925341815,-8.2858496432,-2.6186674736,-4.1658383858,-6.8009849323,-6.6445255543,-14.8417702756,-10.466282867,-10.3792631218,-5.3261296177,-36.6044415087,-31.6949160196,-5.4835201731,-2.6150872308,-6.4408808564,-3.0062228829,-53.0432558689,-10.8194701991,-16.3552044624,-3.1759599182,-5.4455953331,-17.4822714885,-15.4643935212,-19.4622475038,-2.5682026235,-3.7980504774,-19.6181724714,-29.0680493138,-9.0359755621,-25.4718481455,-4.1261068238,-19.5671686315,-5.3631689106,-9.4086937424,-6.119244115,-5.7516595315,-13.5357219122,-18.2073614068,-11.291032561,-2.39688504,-16.8666005724,-22.4523754256,-27.3088907559,-4.1243255427,-33.5626249715,-17.8368141608,-15.2924957504,-3.4472331222,-9.075142534,-4.7048608878,-51.0482320658,-7.2302339546,-7.4293995933,-25.9592348375,-16.737475884,-21.9230422721,-6.5292265592,-6.2326836373,-2.9512481263,-7.1556209176,-10.3869603946,-9.4188484884,-7.3946985171,-18.425669861,-5.4843173767,-27.5589474155,-19.1812822065,-9.276567325,-26.7838506398,-19.3117290915,-4.6357878055,-3.9536234453,-10.1125178135,-3.8374813116,-23.4785514627,-10.5693045499,-3.2642189869,-6.4003261131,-13.8562406443,-5.6107197833,-7.8961383632,-5.581069486,-47.5406668043,-13.6228745794,-5.0351480964,-11.3835720708,-3.7017631048,-4.7140999775,-4.6998768817,-5.5606325508,-6.6867284515,-7.2884444235,-2.566078557,-11.515394858,-6.968452873,-2.487423467,-42.8957126003,-16.7610411889,-10.0660101614,-12.707043633,-6.7665114294,-9.1956554678,-5.3457158807,-8.4250218306,-17.6241134754,-6.7598762344,-5.5376070002,-5.6491955041,-17.0330509964,-3.2848253751,-15.0397688857,-3.4543260941,-3.0791006186,-26.8006850281,-3.9816727229,-23.0630188915,-5.6753444736,-6.5659408601,-6.9039402248,-3.3630250626,-6.9798822043,-6.2281004753,-7.2722536755,-7.5091219567,-13.4446322876,-12.9550475004,-23.5371960816,-34.1046854806,-19.8751260144,-37.6276447879,-5.0777805471,-10.2032052418,-17.6157224447,-7.6949701716,-7.076363783,-4.7328464947,-5.2825756817,-5.2209038683,-17.81350201,-4.3897637188,-20.8703160988,-3.1745235678,-17.0594997684,-15.6805479782,-3.9476179973,-2.3697925193,-16.292225485,-3.0370746741,-12.6536945475,-4.1581151501,-3.1543596861,-3.3392084745,-7.9667935491,-11.1071110151,-7.7232164262,-3.1671623711,-6.2840476574,-3.6987441557,-17.3076597793,-27.8912682792,-5.3456874615,-5.8075863911,-4.3267933534,-23.2092336706,-3.8322159308,-3.4291350852,-5.3199686331,-3.5419713113,-6.915006455,-8.9497414056,-4.2701013322,-4.7543275899,-9.6537301716,-4.6471963082,-12.3450369474,-14.4601938646,-16.6393939284,-5.7939701436,-10.2566034512,-8.6672651821,-5.2903449808,-24.7872359019,-3.9313268578,-4.1042660565,-5.2983776268,-5.4435641274,-4.5066192236,-1.8741483271,-30.6140333452,-8.4374439432,-4.975454015,-7.7556522725,-3.5315701694,-6.6084242581,-8.5250583964,-20.605885494,-6.3139183174,-6.133629554,-4.8434869503,-1.8682065457,-5.3044995142,-2.2518181637,-10.0294674478,-4.7236369075,-6.2547873529,-8.9469875206,-2.4254881256,-9.4006086708,-3.7414407146,-4.7030276748,-7.2656540413,-2.0572885995,-3.4895043584,-6.0928137883,-26.1082649142,-7.0416795934,-11.1269177631,-8.9783394287,-4.9548413119,-27.4727345392,-8.667039891,-9.0923348472,-5.2561917301,-9.4973655659,-4.6744468754,-5.335949855,-8.2778481214,-10.8438583509,-4.3917448081,-8.7053629073,-5.2026594701,-3.545388743,-10.0986434077,-18.0888366349,-3.3942426469,-19.1204258916,-7.3522577044,-7.5269924979,-10.7352449359,-3.7396050518,-5.2730677503,-6.1629112491,-4.1559904572,-8.5077961523,-3.3326824359,-2.7467344786,-2.5364067533,-13.3324325392,-3.9988174875,-4.8135219401,-18.4326524981,-11.2891067795,-10.0401474464,-3.7613881995,-8.7138321555,-5.4763178995,-9.5154008997,-17.7413451318,-7.397984846,-4.8344488702,-5.7663024766,-2.9566917443,-5.0113487531,-5.6126249568,-12.9834735221,-3.5091564235,-6.2767320185,-3.6204904021,-38.5858385166,-13.5216878667,-11.5766427924,-9.5102245807,-5.2362126437,-10.3576425953,-7.5951990262,-5.4791856937,-6.5095552242,-6.5376201186,-4.1854316933,-7.6658600335,-2.9592987209,-1.9241968645,-3.6406098384,-3.6248498584,-3.0123485912,-8.2320701876,-4.4134604494,-19.937005027,-6.7049863716,-4.9309708882,-3.6139929073,-12.0094870575,-4.7879200903,-3.4799401384,-5.9267660378,-6.0880887754,-7.9974496978,-6.3102617249,-6.8824274305,-8.3859614681,-13.2343099229,-5.0022755143,-7.5231912034,-11.3338924004,-21.0922674982,-11.3025936205,-3.1612155406,-3.2682517044,-8.9627985254,-5.5491154301,-8.7255060386,-10.455593869,-5.07706031,-3.0228058715,-43.0297114957,-3.0687292651,-13.3222149511,-12.1610206879,-22.7143846483,-7.7884606248,-6.5290362687,-2.7753120261,-11.587577987,-6.1037830067,-4.2828036565,-27.7192276535,-5.6787646343,-4.0473679832,-5.0433500427,-5.0250750714,-10.9657996822,-2.9330874052,-4.6065717179,-7.0018690451,-3.8166462545,-7.0607646775,-8.0546479018,-22.4056516426,-6.5328625764,-6.7898252783,-5.3782818317,-4.4906813854,-8.4669069651,-4.9754145366,-5.0228041608,-3.9410742819,-3.7147302609,-2.5815635043,-2.8959361914,-8.9865567223,-3.8907464761,-5.9217439804,-3.8529377254,-5.0095338379,-6.8638093519,-5.5339903251,-3.9124515922,-2.5091226727,-5.5930401178,-3.1827435633,-7.3136025429,-3.6994497588,-2.904531894,-3.1325107866,-5.9430825825,-5.3683053394,-8.3675066166,-5.0625917619,-9.221817167,-2.5505708551,-3.5104692609,-8.6798556744,-6.2684791243,-4.1530884473,-19.8896945338,-5.2497327901,-7.1998740094,-4.2326507452,-5.3235461144,-5.0250320262,-5.9689718874,-6.6071165938,-4.0591253732,-1.8239567033,-2.7645310102,-5.3277060678,-4.2752726832,-29.7991160724,-4.3581366304,-12.2740228898,-3.8548499738,-3.9241898612,-5.9652151593,-2.6419451084,-6.4268388992,-23.8624363375,-8.1644501146,-8.9625966565,-3.2634432112,-5.9576308367,-15.7661208765,-5.2236689397,-4.0447946756,-11.3667704813,