{"seed":{"0":1859168769},"min_epsilon":{"0":0.3},"cost":{"0":2214.615},"time":{"0":18.7210919857},"rewards":{"0":[-11.6427302228,-20.5577799313,-15.8416210667,-25.9412865989,-11.0035940584,-4.8755821831,-9.4235540285,-36.1326160898,-9.1300635543,-20.1501808091,-33.6321086223,-10.0265137019,-16.3962226638,-30.5295241018,-21.48087491,-25.9773116677,-15.3281874033,-30.6199821401,-31.0806725278,-17.4321736881,-30.1666719612,-7.4744534486,-31.7044941094,-40.3555067222,-15.4706726389,-19.3763035157,-17.0129459274,-4.1613215884,-47.3613847741,-27.5033110956,-26.7189401945,-40.3797948676,-25.6041497834,-27.2170926954,-25.0994752965,-26.5779523675,-18.5696431611,-7.0017522037,-33.9197789071,-19.7708099707,-29.6534564519,-57.4367503715,-19.5300100904,-25.4374686393,-14.3359787775,-12.9216243232,-14.0600172745,-6.3077173144,-34.9411219714,-37.8987941467,-7.213366681,-26.5933345805,-8.8310278051,-23.2204962036,-32.5707963067,-8.4968715316,-3.2777650227,-6.4723477085,-36.9949095591,-8.4422644645,-9.1923900973,-3.0968413888,-20.7874450776,-7.5181399299,-17.0158633192,-27.8232952903,-25.7517860531,-10.3510126945,-2.857616868,-6.0275105364,-21.8396574275,-3.4774986477,-4.8330937614,-13.8070265866,-23.9591307641,-4.2410609231,-21.7159413618,-5.4511319755,-18.237696398,-25.9665729243,-9.914782824,-11.0564937788,-14.840140392,-20.8116695702,-16.4386729285,-17.7473278367,-14.0393254949,9942.019769602,-18.7230786023,-35.9717676209,-15.4386542173,-14.9175100031,-31.8482129777,-8.8478311164,-27.0717036302,-76.9067533353,-21.5184010668,-45.1569312592,-18.0840454382,-16.5637594697,-24.2379850801,-11.9288979353,-15.3336151873,-13.420366945,-3.6662345448,-36.5944940617,-11.7609705204,-12.7055909647,-22.3631554614,-9.7247764745,-7.4852571345,-6.6235006871,-9.4295514442,-21.2333332216,-50.0532940071,-14.5294110229,-39.8885965118,-4.2010905114,-19.2267523297,-15.2255568521,-4.5928533662,-8.6277950063,-12.9055052137,-18.4359508487,-26.1292311753,-27.7542404232,-21.0787075057,-36.8961062618,-4.3601225957,-15.6399317016,-29.5665909264,-12.1213308745,-10.5503909109,-9.775830828,-12.9059888291,-23.228648121,-7.7296035767,-4.9954984724,-8.1052243639,-9.870849465,-27.577179705,-30.574466798,-11.7357436638,-43.7015977586,-29.1863700197,-26.1185819718,-3.9145041475,-5.4237749843,-4.5413854185,-15.5508999304,-5.4910318263,-12.4782912778,-12.4224226648,-14.3919918963,-15.8339906014,-7.5311256525,-14.0652063831,-10.5099988566,-7.2067720137,-21.7066111958,-33.9553766066,-18.9870165141,-6.1000460973,-15.5251097487,-51.6246471238,-9.8631772533,-35.1643332936,9985.1752605652,-8.0371206723,-12.9565310212,-18.2433354158,-17.6745326693,-17.9235572618,-13.3004496335,-16.0622842968,-5.8337373442,-15.5600527758,-6.3695684987,-23.9838781461,-7.6241632136,-5.4965942668,-16.7219603938,-14.1806484017,-6.7826428428,-7.5552275399,-24.654979546,-7.6241281281,-16.0288539825,-12.7930464031,-10.2033674482,-7.9806276451,-3.2017642289,-14.3177714745,9971.7421570527,-27.982106875,-41.6371938874,-91.5352001971,-45.7696926664,-107.5534156225,-23.7648687666,-45.7087580013,-57.5258799901,-9.0401939852,-40.3138539681,-5.3688005528,-46.0025313988,-43.9760857665,-35.5544956533,-52.7838512879,-39.3268772951,-49.9128292164,-123.3268455111,-53.9069100571,-60.0344784929,9979.763443367,-72.7626364654,-51.5209800176,-15.9711217123,-32.5523999102,-21.3704949057,-8.680932179,-35.1970225619,-43.0063725691,-12.0748010602,-37.5724693511,-43.1987150929,-46.8284694793,-21.3792345782,-21.6283479682,-43.7780081396,-27.2282939448,-16.4284389651,-32.8384113154,-27.0828001652,-11.8656734126,-20.5611094364,-11.6004880321,-31.3769686734,-65.8792109268,-11.9959076261,-18.8196686232,-31.723902285,-9.3628902633,-35.8450707759,-11.717643402,-21.1524202579,-61.0916065544,-96.9311922439,-19.3438788836,-7.8480538879,-18.6486530491,-36.5596971071,-38.3940473352,-46.0888299952,-29.7239147141,-5.4314336355,-11.9893564459,-13.4349828791,-22.8517142484,9941.3967165483,-20.9582680589,-4.8170528228,9977.3108041563,-65.564068521,-55.1854679801,-27.9139913646,-46.4754621141,-9.529338531,-45.7571093723,-24.9630726484,9963.8503247193,-20.627694071,-11.2327971864,-38.6808700604,-13.7595925494,-49.4830159781,-22.9920423701,-17.7139054081,-37.0804130483,-29.812166412,-45.2869056119,-19.912095375,-27.2832749975,-63.1885067349,-46.5147910688,9962.3498479729,-42.8016936983,-35.6778295709,-35.5642732439,-22.1393522098,-3.1989242472,-10.9377787438,-41.7045138043,-36.3220174739,-23.6325936929,-14.9057052572,-137.4687652253,-30.7297798593,-17.6931521321,9938.6669870567,9985.6606119454,-75.5597861633,-73.2159680187,-67.4187178281,-72.0632403194,9943.3877237182,-38.6452709643,9962.6097666314,9992.4383117002,-39.607260508,-44.8328642725,-9.9268243655,9927.3108947722,-19.9314267041,-18.6489910473,-18.1633245049,-9.244456195,-32.3431232778,-14.5917304724,-22.6221584562,9973.1277947372,-15.7459718839,9986.9512876064,-11.3862776504,9988.5799130839,-11.2563278397,-76.615203168,-16.5152418367,-30.3233220648,-18.1629055706,-5.7618422624,9966.4429648837,-65.9507569012,-53.985050842,-31.3302865118,-49.1163493439,-36.9332022919,-18.2959689942,-38.2694530173,-16.5073603184,-50.0990405922,-24.0521774332,-14.4912872892,-40.6777515686,-37.9169706191,-56.3160620804,-46.1584103698,-59.4314105582,-43.0771697935,-10.2033494294,-38.1778644527,-44.2707700234,-20.5209723403,-28.9072953471,-18.5130784043,9993.3795882797,-5.7215330396,-65.3679827957,-39.9241674335,-12.6645240791,-7.6070412632,-14.8866068653,9980.0653864921,-9.4719662528,-22.756097721,-15.1505678724,-65.0040018486,9975.8067604538,-48.4561598259,-12.0427230694,9975.6016753658,-13.633071962,-29.175699773,-32.621945056,9917.6520164588,-11.6718015357,-18.5037374755,-23.1252220574,-27.9777110364,-8.1595954224,9978.3141345673,-20.0850691063,9955.2518930813,9982.80586322,-49.1776355106,-21.2651061762,-49.9186618504,9983.4342006318,-21.6414996244,9988.9906803596,-7.6618702577,-9.8054747309,-11.0666443693,9981.7241416532,-9.1371123412,-14.05134298,-27.3105328844,9935.0878674041,9995.2701955528,-24.3998118088,9957.3077574822,-3.0632951163,-23.0381117855,-24.2774670398,9977.5806848645,-27.7060782382,-42.2000374059,-23.556049761,-33.5540555132,9988.4980565565,-43.9037486686,-21.3968258292,-13.3279060178,9954.2641563528,-2.8340738132,-23.6766646132,-15.4299456976,-2.7622187488,-8.8428758258,-20.5125479498,-22.0515496404,-64.4478224797,9983.8049829917,-27.5719481193,9964.6400401333,-9.3798010454,-10.8759347802,-30.8341346529,9989.2561210799,9985.8480169694,-14.4863438595,9991.4455907026,9949.9000274863,-28.4036470211,9970.8397012599,-12.5723103183,-23.6367180972,9916.6548847154,-73.7774710143,-15.7986613686,-21.0658076739,-40.4014324022,-47.214614519,-23.8709755571,9971.5623066456,-9.635102378,9992.0556032381,9974.5754120401,9986.7268191268,-11.0314896707,-104.7205338765,9981.0426398513,-23.3394333853,-27.3556937939,-25.0167739209,-38.0851601365,9985.0107577532,-7.7136866914,9984.3070185771,-13.0713046632,-94.1636816366,9967.4122895056,-6.7534648024,9973.0610347553,9991.9310322429,9982.2214153282,9973.7470569455,-38.4399161849,-12.4436351472,9969.4689874971,9990.4074870569,9981.0302856931,-20.0408757413,9988.1696139454,-2.2392896183,-31.2729158669,9981.2710833998,-31.0898032752,9991.4789742514,9942.0316899985,-37.038929619,9963.98199043,9980.1574318954,-19.4928597252,9973.3164213841,9962.7009409327,-10.6813536974,-52.8301683625,9987.5321527942,-18.9707758866,-23.6140950414,-9.9260584658,9977.1964883529,9990.1963279901,-19.5353992319,-24.2614586941,9988.347388769,-8.155898035,-19.7723781362,-7.3281773849,9987.2070767679,-56.9454717252,9983.6945303079,9976.8289872653,-9.61912908,9989.058713813,9991.5477184248,-21.4401898491,-14.2533278057,9966.5343309879,9984.7659671824,-42.620802655,9962.5887577098,-89.676747838,-9.6691654642,-18.2045425868,-36.7784505056,9945.3220889523,-7.1556489544,-30.8827826999,9990.2009090917,9969.1720090693,9988.8634220507,9992.5187860786,-10.4213874034,9988.093669182,9989.3699153717,9972.6301994343,-32.243787861,