{"seed":{"0":1277478588},"min_epsilon":{"0":0.3},"cost":{"0":1725.644},"time":{"0":18.6215281487},"rewards":{"0":[-31.6460389102,-20.876213761,-34.5406498846,-33.1384038118,-24.0947551619,-5.1734824999,-38.2056002615,-45.6632085997,-27.5634273947,-9.9299326973,-13.0904852696,-6.0391084,-51.2408925309,-33.2961140637,-48.4219583608,-21.658255185,-29.5883309101,-18.5956617557,-23.1573573959,-9.2907438394,-45.4219017882,-34.1869620505,-6.7956988556,-10.1558949369,-37.3722335517,-35.6047825522,-64.0402870796,-20.9124836775,-13.5428548064,-26.3098493759,-11.4773322843,-64.4821745351,-23.4536130938,-13.9188001721,-19.2685552084,-3.573236445,-4.6245092214,-60.1415451,-3.6407093904,-11.6406529241,-22.3313347715,-75.5010982872,-6.5932542795,-37.6750415253,-24.4439585274,-12.0435623006,-4.3764294924,-45.1928161463,-30.198508046,-41.5162754025,-11.2312496044,-15.2464037168,-23.1674616203,-8.0028035724,-26.1454719826,-10.7734337648,-33.9610012783,-9.6569773205,-28.0979886566,-5.4587901219,-34.7099911453,-25.7067564442,-49.3218602592,-8.9587445498,-21.6258756024,-25.0076316203,-41.2928855721,-11.0629085963,-4.6652880421,-16.9087840766,-20.6557269763,-4.7548674327,-10.2655194627,-32.8370781083,-12.7842669617,-5.9640433711,-12.3821895083,-11.7492081149,-15.0158046917,9965.4102951311,-5.0833972323,-32.3908967707,-3.8339003854,-6.4069666904,-32.2959091245,-28.8467107673,-8.2119137686,-10.1502953792,-10.5650602645,-15.9307219429,-22.1762081832,9987.47156166,-54.3864588811,-9.3244848,-20.4171342098,-16.7654501047,-46.3255729759,-14.4565472558,-14.3342524273,-17.8676811731,-34.5684973228,-19.686490288,-21.3355149407,-90.5680270389,-12.4740265921,-10.4369088494,-11.9616288318,-24.8812122248,-14.0159968898,-14.1382337186,-28.0238457955,-7.8511859095,-21.9245720614,-7.6520103917,-34.3020451301,-16.4274912072,-4.1850809218,-25.0208121762,-28.3842766776,-31.3242797825,-9.482036954,-31.8459650351,-4.5197479476,-50.9440609505,-70.9673361998,-18.7435177937,-25.1456122365,-24.0954732054,-20.0227113083,-29.3372424131,-48.5688132718,-15.9380983756,-7.828997187,-7.8039187395,-3.7790592248,-8.9912787604,-15.115895949,-32.6899182037,-37.2802398955,-14.6307678516,-8.1282365929,-25.268131302,-8.4658841874,-2.7948483355,-43.9723231221,-7.3423491857,-55.4689693067,-11.8555183809,-21.1393073263,-19.8588535225,9949.1309872723,-36.8026737211,-89.2652603145,-8.0287453486,-12.9003378869,-71.1727435048,-25.065241754,-8.7659998289,-47.6779105773,-23.6544268851,-24.6138713544,-35.7852747174,-21.3692749271,-28.7370932787,-9.3593033089,-46.8830902182,-9.5001214992,-8.5817650949,-16.3876214642,-19.5044607736,-9.9109197804,-42.3424176979,-12.7601382599,-27.5685883048,-28.8713553171,-4.1895064385,-42.5053361046,-50.0691300567,-10.0177350309,-28.9264679921,-32.4760242131,-47.9690100799,-15.2816880021,-40.3126479671,-9.8703693413,-11.479072567,-7.8736459988,-20.5175871054,-16.9998043585,-19.9156503094,-27.0548656772,-15.3791670364,-41.2967573638,-11.1790333508,-32.3899601716,-17.3179806367,-19.8488705785,-12.4831040626,-30.2854723529,-4.9952541291,-14.0776776386,-11.682264606,-4.5455391894,-39.5764010663,-14.8363524354,-45.6108018913,-47.091356079,-20.4451559295,-4.9098884896,-3.906504831,9950.1173439279,-8.1405329982,-64.5734383617,-26.4749682941,-23.0741956668,-22.300102569,-50.8910640689,-8.8195340226,-15.3281978724,9982.269714914,-16.9133408914,-38.1000193411,-17.9124396697,-11.140174028,-10.5414161164,-79.2607877463,-9.5182424228,-46.5020739833,-4.6442343398,-23.465271435,-16.2243305239,-23.3613560548,-90.6347413692,-7.8811733492,-68.0649875945,-3.293806676,-8.1262101072,-11.1931274705,-18.5581225185,-11.7495702236,-73.1337991173,-13.5464358396,-9.701079389,-18.9532731262,-18.9747945483,-17.6162371399,9986.6184577531,-29.7842806484,-30.5273150997,-11.872272235,-23.5758260943,-47.5613613945,-7.2784608646,-16.8521482432,-30.230120925,-23.7926983266,-7.0306237337,-12.8546498935,-21.4138974463,-32.611825768,-55.6012841709,-31.2300743803,-21.7820955422,-16.3207798467,-6.9201871034,-18.2419705229,-43.9396528576,-58.4669933587,-16.2291618558,-5.2126139513,-8.4763826972,-7.5137650282,-36.9174176083,-8.0565981345,-17.3130201307,-11.5361237403,-51.8754382816,-88.8695806477,-35.9885465028,-13.9914850269,-7.4891598433,-22.5669620167,-11.6148658397,-24.3474238951,-39.3427024908,-14.683167479,-23.354746713,-13.9291482896,-9.75049374,-45.8133433883,-6.7518944106,-2.8087521886,-7.9355953035,-23.6032074551,-7.7580407802,-25.362138071,-11.2341435866,9952.945634131,-5.962313257,-81.0026026296,-10.4241125159,-34.9681064641,-24.0982874276,-51.0864160161,-19.5609971021,-10.0577743703,-23.5836893678,-17.7644839466,-16.0876238507,-62.2152557242,-28.0737374764,-6.3514625084,-12.4980244625,-19.0438151343,-19.5480360164,-24.3613649043,-32.9453989857,-20.1778513368,-29.4312851578,-48.5048788041,-12.857690012,-20.3993727619,-12.0745315765,-16.1025342885,-20.3945103261,-46.8555937208,-28.2250142257,-4.8935983578,-12.5211115297,9994.9989481951,-19.1366752788,-64.3994137992,-2.9998311587,9971.5904597835,-11.0108051825,-30.1566377779,-68.1687926988,-16.6568433349,-13.9616485358,9970.2774232242,-11.9066067027,-51.1397796189,-13.4140820296,-27.834880109,-16.9835833453,-62.2024656476,-17.838434864,-33.3481566545,-4.0728351425,-24.4709249122,-15.9892628109,-13.082158464,-23.6235971413,-26.8868468171,-33.4178829242,-24.5831170332,-28.7437914569,-40.2393528304,-4.0650885059,-19.0998925046,-61.2463106257,-52.5439275624,-9.0060490151,-7.7394894629,-33.3572512196,9956.3022001835,-54.7138150205,-26.8507147858,-49.4256573651,9984.926474993,-85.5644890479,9966.923360556,-8.0193703884,-5.1683840537,-15.1747255173,9987.0258652509,-37.5717195782,-11.3906210832,-2.9988700781,-58.6808434197,-15.8859862069,-16.0362350848,-18.2567088779,-16.8598871247,-25.1644263938,-15.0297593843,-24.8660761862,-50.6886954449,-24.1608209844,-31.8014259305,-67.5899696082,-27.248534515,-6.3087815895,9966.4628838699,-24.780317187,9985.0685701003,-24.3343171537,-93.7986279304,-60.8491994899,-22.7588377399,-64.9578391814,-9.8569970585,-6.0405818984,-23.4156523259,-47.963268608,-67.008793265,-23.9014523933,-31.7876048933,9962.6439838281,-42.8347229135,9932.2280219641,-54.1386870028,-33.8041974291,-44.0413454967,-37.7668713827,-52.7241778325,-68.238946711,9984.9863975668,-8.0888581925,-22.9231938723,-53.866580562,-52.7748815893,9959.0554260337,-30.5558201199,-17.7510237103,-17.2672361611,-63.2787477985,-19.1718246521,9973.2694448346,-59.7569432059,-25.1084237762,-20.4628545419,-10.1519583998,-13.2255467722,-36.4077409962,-7.5918816718,-11.1586422381,-12.1916098899,-41.4383890804,-12.9123540928,9951.4365219089,-48.0560984768,-38.0891939179,-20.242032092,9961.5345114606,-66.9477241082,-10.6296578644,-22.4987854281,-20.0957710425,9961.0355082758,9952.2468495683,9985.7548426299,-19.5561357636,-28.0470823673,9976.7361338792,-38.1745421047,-54.8229731784,-12.8348259052,9924.1698733454,-22.9689160577,9948.7648649308,-54.4497860181,-31.6710892577,-45.4436729728,-17.9095476937,-14.8376201186,-5.6163617418,-9.5625779508,9943.1956091388,-47.6848187829,-40.427801375,-16.4540252178,-44.3033711811,-56.0318590768,-2.9380966707,9982.2631043043,9969.892771073,9930.079826183,9950.0624278754,-8.4188426111,9986.1752001515,-9.5149099008,9970.3082614786,-41.0433194742,9958.2911659469,9948.4225831251,9984.2215139453,9987.4193965926,-13.1186046412,9989.554231491,9979.2682635435,-49.1324169093,9966.7723778232,9969.1376424388,9954.0113589219,9974.1539308029,9989.6078379928,-4.5047269643,-10.3675298063,9987.6267832116,9986.1955432099,9979.5548699722,-32.4810715482,-14.4503547223,9975.0888425463,-17.4051069566,-3.5394373079,9985.4315126982,-26.8921802734,9991.3571650569,9984.4329030371,9992.4094403468,-35.7879893424,9989.3540379423,9972.1412013438,-34.2705313381,9953.9818719106,9991.6083883157,-14.7955830459,9981.9686750281,9981.3364474998,9987.3660559552,9990.9879988128,-9.1772531716,-17.716223169,9979.3948364453,9968.6187329503,-40.6687768035,9950.2859181285,-17.9214135756,9992.2248439443,