{"seed":{"0":939612284},"min_epsilon":{"0":0.05},"cost":{"0":1715.974},"time":{"0":17.0155479908},"rewards":{"0":[-6.0036800613,-23.1381747012,-51.5697693617,-32.4756158509,-26.4468996526,-13.1222091694,-23.1400478317,-34.9210640821,-32.6965744663,-31.9446188735,-9.5087262692,-19.2878438397,-13.2704071916,-4.5780225749,-15.1007400656,-55.2738682094,-31.3677934657,-6.7522391041,-100.2385295352,-17.7077633068,-13.0773607055,-42.1652389898,-10.5620327371,-24.5055570023,-34.8226303012,-5.4720543685,-11.0053440896,-49.0203591041,-29.3702956188,-6.8269024006,-25.2777021098,-35.4139597209,-12.7775512323,-22.6992016186,-21.0361820406,-45.9500549022,-93.7115325493,-27.1072188007,-4.91986878,-43.898115272,-38.0837926566,-28.5705438005,-39.7612646022,-16.1443749022,-10.7622691904,-6.3612703955,-14.0968430085,-6.4331669278,-34.3759932201,-10.3738694931,-9.7486141379,-81.3315333552,-8.5049099563,-38.5768786104,-10.6894979016,-5.077608447,-58.5984250191,-25.6182952525,-8.4559948416,-25.5636790201,-6.4469107703,-4.840540538,-21.3287611207,-28.2762282713,-38.2360489462,-15.390904488,-19.5667834599,-19.7203013019,-14.3551038473,-39.8324457861,-13.2233703679,-17.3578575323,9990.7801065537,-9.5963494854,-27.4470870379,-28.8825585664,-74.5440503019,-39.7924887391,-16.7064728221,-11.3462448954,-32.7345425684,-14.5500001624,9989.9124220689,-3.12188963,-22.9616302256,-20.3200546898,-6.746078647,-7.1179915791,-49.428361331,-26.1131532357,-11.3889016006,-23.6131309147,-11.6528281459,-21.9567940075,-20.5740115026,-24.1994695455,-84.1476764661,-16.7223051629,-33.3394094295,-11.9859866694,-27.4600020908,-24.1274081116,-12.1974204863,-18.3294268724,-45.7489315654,-7.6507750607,-6.6142835113,-28.5356062485,-11.5834936522,-9.9457194024,-11.0717304694,-5.4221842184,-17.6225488342,-21.1851793528,-21.2768449732,-20.8048933063,-8.7516710664,-8.250058833,-11.88624001,-15.7813450508,-19.6490972834,-22.3196330762,-24.7568119789,-32.5862198964,-8.4932104172,-27.7245158912,-4.7990479922,-9.1926072832,-10.4510416936,-22.6523342347,-22.0056664285,-39.0556674362,-67.851612178,-14.0162305911,-6.4977703056,-30.7842473633,-5.4952892454,-7.6344538752,-6.1143494035,-9.8626262109,-7.9797700421,-5.817341462,-16.0490215159,-9.3415823853,-7.3264270551,-7.0027123645,-13.5723240265,-70.0268127888,-7.7357849608,-6.2266400168,-28.2678968678,-10.3555718495,-6.095044461,-18.5615355489,-19.6990812552,-20.9868712349,-5.0000282626,-8.2242191631,-17.679858071,-17.3102855139,-16.5871931205,-13.0875771313,-6.6020454511,-6.2369249746,-15.6180969513,-25.8751305612,-30.6885086791,-23.5448957959,-14.5799865527,-29.5772942795,-14.4774252086,-13.8357307145,-25.3372653285,-5.7646805042,-4.3912295379,-4.7015062988,-7.1151444396,-31.3525352918,-23.7800772349,9957.0088947763,-8.5891450773,-38.5858035121,-18.7494954282,-13.6169318949,-22.3051917996,-10.5031958401,-11.0293639022,-15.5024990542,-24.7636486346,-7.7306142109,-8.012684654,-17.4610030892,-14.545632237,-26.5677723747,-12.7114857803,-13.0402670195,9985.7700731901,-23.0656650761,-6.4963596479,-27.1109790798,-18.1633388021,-12.4871731596,-15.2900897076,-49.5017494037,-10.5710275202,-4.1708016948,-9.810709281,-14.221194538,-60.087694178,-4.9821008743,-47.3983780185,-16.8579986523,-9.8579033338,-15.8686537765,-11.3675440063,-24.3363964604,-20.2634127005,-6.9983991406,-8.7717347705,-4.5573607069,-4.7044545561,-28.0493375596,-22.841401325,-26.5534008412,-15.3339051125,-8.8251529349,-35.5088596632,-10.6193093875,-43.3137379158,-25.1751165894,-5.6110999064,-9.7801699331,-3.1538582823,-20.4006576248,-6.8093385987,-27.3503347221,-3.1167095164,-9.3249715845,-5.8928770485,9990.2904961127,-12.4282298692,-6.1083652136,-13.2002838011,-10.5244736786,-19.4891280861,-12.2177409276,-10.0448388022,-14.1621018319,-9.5199843123,-4.089255277,-7.5619341128,-47.554179553,-23.5179267426,-13.1798829222,-20.9450735071,-2.7349093379,-17.7867868627,-8.3104556333,-6.8921982633,-33.4590699918,-24.0301962843,-8.0061236182,-58.1345928571,-11.1935866368,-12.3235917983,9989.9909690987,-34.1241321602,-14.01304893,-7.7757913281,-32.6976415733,-39.8017260695,-16.1374177593,-54.9278516986,-4.2110291817,-30.8229693832,-18.7153494471,-28.4456602443,-23.7061594642,-7.3281152368,-71.4241332161,-26.7849888399,-42.4317450038,-8.7001543075,-7.2764471918,-15.0549504306,-28.1768802126,-15.2561696345,-8.6901787955,-3.7684169412,-16.2997030047,-22.2690766705,-13.1964159477,-14.802940392,-9.717050244,-8.852095588,-14.0009441238,-6.2552490218,-4.9371928635,-25.2205551529,-26.8936346702,-7.2587633413,-9.4760367271,-14.7570781582,-3.390933567,-34.3832245598,-6.220877996,-8.1206480741,-7.7132629643,-4.0555493593,-20.7732931502,-19.9328639962,-12.2137369986,-4.8026091431,-26.7944200887,-12.8069821543,-11.478229482,-5.021955655,-4.9148047341,-14.5176752944,-23.5708011624,-38.7376159601,-13.051645583,-61.2221023106,-10.2009063901,-9.6754969355,-28.6422166263,9978.3738308611,-44.5918582344,-15.1351597388,-3.9595154828,-6.370554147,-6.6255690559,-32.9238856646,-16.099629653,-6.8282463581,-7.127936335,-4.4558478101,-9.8985740146,-4.4727060344,-20.4761595885,9922.3140937345,9967.4325026033,9984.4866018271,9979.2346947468,-53.8512251017,-12.3706559495,-34.5943162902,-18.387284033,9979.9901379519,-10.7988988152,-28.6949117515,-16.8239779706,-24.2206375695,9963.3641900932,-24.6150108893,-34.627159339,-12.2764502546,-54.7667870015,-79.9357745256,9957.8812573845,9977.9054346391,-31.5859054001,9986.8071473294,-38.2025765515,9973.6654064888,-13.9645340266,-43.05888265,-73.6446037608,-12.3577286618,-40.058031159,-19.2420046021,-15.5218398832,-68.9623043188,-20.5041100189,-30.0738400072,-52.7892204092,9988.7248384024,-51.2445348144,-21.8138677854,-16.8467243611,-4.7013601799,-9.9474730713,-27.5864024663,-12.4337653562,-43.9615065077,-23.4171213521,-17.491609632,-23.8810576678,9990.6051907963,-21.0340378192,-23.2973937826,-9.8816571614,-48.8211739786,-22.3643302199,-7.3385569709,-15.6508678242,-3.1798588512,-18.6729169668,-19.9520815002,9981.7135974794,-5.8297338417,-38.4525487595,-12.356078047,-11.7130731302,-12.6608945105,-11.5294692983,-20.9509898607,9975.1754736121,-17.7668712907,-37.1416234902,-61.1145442635,9968.9208526606,-6.6829473689,9996.7370010148,-34.8723056377,9991.1266847715,9984.3054064409,-22.4068779388,-38.6157078971,9995.6775219306,-32.336589353,-26.1330111012,-25.7600000403,9973.8801183564,9990.3662085525,9989.5922178076,9994.6204402869,-28.1852877977,9981.6830446575,-8.5354214597,9987.9323859583,9978.98310405,9987.7441601465,9996.2482575162,-17.7878025563,-16.2798289214,-15.5496034374,9968.7409969424,9988.3622170458,9984.0273012502,-20.5224556773,-2.8260872666,-14.8642212214,9961.8898291831,9991.863412917,-17.421946825,-14.7414813809,9995.4946446116,9980.0426731133,9996.9537774918,9971.3130385684,9975.1938614423,9981.0377216189,-8.5459711366,9991.0977340836,-13.0234422658,-23.9595153555,-22.1223309162,9983.9225788054,9931.5713513132,9987.1272400473,9983.7700047789,9987.5144099339,9982.1076680902,9989.1802835328,-5.7063627089,9979.2414190515,-16.0535541813,9989.0569204336,9968.7347780298,9975.197121388,-6.5671673793,-11.5369512593,9992.7634336987,-9.6892905044,9971.4822591676,9980.7764390161,9983.0867743282,-55.267409227,-15.6069555311,9973.460840926,9991.0694622144,-4.3467405587,9994.4042564441,9985.2570543721,-26.8793863876,9987.876322423,9949.1496394347,9985.7109140549,9995.1630385828,9986.9061274114,-11.9173968831,-20.1189273886,9987.3920078071,-14.5737364833,9988.1949865204,9990.0535368867,-9.1986775133,9992.1957906919,9989.632447247,-17.7797383489,9975.6916933329,9986.7973906487,-11.4099030803,9994.6124352818,9994.5336742759,9989.1000555216,9993.5569721064,9980.2758361968,-66.1688802435,9992.3945678462,9993.8223676945,-37.7433700781,9996.1605165508,9987.5928516071,9994.7372350688,9989.8270344948,-8.5084203007,-28.4438599295,9983.4657609625,9988.9794844637,9990.3147845899,-13.7814805279,9992.9680219967,9986.9476756282,9993.3286551599,9996.256708655,9981.0799782549,9993.6745890571,9980.1033879153,