{"seed":{"0":1598189534},"min_epsilon":{"0":0.7},"cost":{"0":1911.108},"time":{"0":16.7835686207},"rewards":{"0":[-24.3033345856,-47.8557643849,-24.7387612269,-15.3761672926,-31.9527702431,-57.4919029857,-18.0725669411,-32.8253004844,-12.381129808,-41.7099959314,-22.8838108895,-33.2300205953,-10.8807498248,-21.2807214725,-26.6879589169,-31.7989097521,-15.5903256771,-7.5582178126,-18.9046827568,-16.7422725904,-10.4902484149,-83.709603499,-20.2224868749,-18.4569838097,-25.6205150196,-16.5926372576,-42.114659713,-4.8962969768,-15.8117370501,-12.7453264974,-26.7525737257,-19.1782195553,-9.5128509772,-25.8752457368,-9.2119248216,-4.0006503216,-29.2891303404,-15.473178409,-16.8485035605,-45.5187590477,-12.0381299681,-15.4917330664,-28.9596432852,-23.9009188965,-12.861118251,-21.4503191481,-8.7122670733,-8.3580738816,-36.5855142945,-26.7803591649,-18.6390373987,-11.5481097195,-19.9866143731,-3.857187081,-7.4920901818,-9.470201451,-21.1819324009,-36.3497734368,-35.9240048109,-78.483462015,-35.4208189931,-9.858694854,-8.1466367756,-21.3956137736,-14.1980466474,-37.1814589482,-32.9791394948,-10.2595285522,-25.2224574282,-43.8795963116,-6.8252363995,-8.7739452884,-12.7842890496,-25.7022099564,-21.0767069795,-38.0760255599,-12.9490362289,-110.8711480292,-27.3863707683,-39.4515506532,-8.7511518247,-18.5604324165,-91.9113574521,-12.7083284481,-21.4768755945,-5.3659747713,-29.3338442644,-41.1704868142,-22.5900358449,-5.8561123143,-14.6499449757,-11.7713771085,-2.026090939,-13.5998818831,-15.6190685222,-18.4649314799,-58.3441897457,-45.0730284403,-32.6305177085,-11.6663114999,-61.2911432301,-6.1836606595,-22.2001552356,-9.1843014618,-15.4378039536,-52.2965435953,-20.9143402184,-30.4214358115,-9.4516803264,-42.0798156138,-7.8363255464,-9.9567874314,-4.7094185044,-9.9439383969,-35.1387839198,-3.5806178399,-27.3353792038,-6.3223717231,-6.5041249574,-7.5994653836,-23.6120151803,-8.848344544,-26.0592037144,-34.8508724422,-55.6458279294,-11.760570615,-14.0230138047,-31.8038227103,-54.2792097787,-32.1515055026,-17.4480195191,-87.7770115797,-12.5824056286,-17.6956276253,-22.2088402899,-10.7710659372,-15.075118889,-16.3844222014,-7.1981025814,-45.6211489903,-23.1064752882,-22.5466666337,-11.3475073035,-23.5025890757,-40.8780717984,-17.4877408015,-5.7994192492,-9.5446640827,-60.5449088976,-25.9060961804,-22.3910977986,-21.5782132646,-28.5260545587,-27.7894238727,-8.4014444936,-17.9104883804,-31.8526006652,-11.6308782633,-5.0259238884,-24.8897976924,-2.8450774632,-24.8685144915,-6.0341708315,-45.513888923,-8.0712128926,-27.402992151,-7.8865905604,-10.9234748652,-15.6081124261,-34.7567016333,-6.4127833018,-21.1755000214,-10.0511681893,-22.5325129187,-55.3207997303,-24.2688140165,-21.26688962,-19.0885239302,-17.0105846596,-6.9551889556,-12.4850153806,-12.9076493657,-15.4992841153,-9.4599638427,-23.0458307159,-6.6807900373,-24.9666271422,-5.8985591354,-5.2604694255,-9.1921199168,-38.0384935997,-30.5244327083,-28.4767856359,-11.8612331301,-6.4894446616,9957.3448180395,-18.5192520859,-10.4250439507,-19.8263574279,-30.3147794242,-26.2726675828,-40.3561580789,-28.163882384,-66.1826904867,-19.0841260683,-4.6580878473,-34.8167174209,-6.819492287,-8.2783615127,-21.4367970076,-19.7026932227,-18.5838385588,-5.7603014892,-23.3481074614,-12.260303189,-26.9473215302,-4.9068736036,-53.744562689,-17.2577056544,-38.995488167,-5.9329225687,-15.7681758812,-8.2676324406,-5.8322912138,-4.6618619791,-14.8223748105,-32.433020264,-3.072202031,-9.8108063303,-33.5087436922,-4.6965523509,-18.5221839749,-23.3882597009,-8.1944724472,-14.1625519068,-12.6764718288,-25.2560371355,-16.2759310315,-29.6815616474,-20.9722206343,-18.8825780992,-24.2222777072,-56.8050287417,-48.66053127,-33.3813523699,-9.7513907023,-30.0822694073,-4.6457359283,-9.3709291412,-25.1755211646,-43.4974854162,-7.0408219511,-14.6527458361,-10.1344405112,-58.7695923671,-43.3726343319,9969.0963193096,-17.8115116366,-19.0074737219,-24.3237183523,-38.4949908426,-4.5575951794,-21.3889297066,-47.9286668068,-22.0041579599,-18.8745093978,-42.1231859471,-6.4127337579,-15.7946765547,9982.4823404453,-13.7229138514,-8.0488595997,-13.9445784803,-21.1106713741,-70.0270499663,-22.717630046,-18.8721024559,-20.8013648531,-31.8073854423,-19.9896007636,-17.5953336173,-27.9433724717,-38.5842495674,-30.7366359877,-20.5983617739,-51.3422278991,-35.2873226073,-15.4043888106,-25.222474794,-15.1164323414,-40.9387605103,-7.0450893353,-9.1285595222,-18.2834064969,-49.812991064,-27.5683063938,-35.6598096134,-23.5390466093,-97.5259423875,-12.1244007894,-75.88398285,9970.009660824,-33.9779957247,-6.3772992856,-11.9025873466,-2.2898368888,-18.2270018774,-13.7396905396,-39.8585756402,-7.6759977003,-21.622498593,-11.2427901166,-7.5363839391,-14.0501754962,-8.5754684969,-31.548375868,-11.1920143527,-2.9593228454,-19.0461480123,-43.5725954681,-46.5246550697,-31.2765810559,-16.1113142149,-9.6601910216,-12.9093972899,-18.2433737919,-53.4836608808,-56.4308079818,-46.3906122638,-7.5340384142,-31.201064069,-23.1389375519,-32.485334309,-55.0138902732,-8.6796654963,-41.7176369252,-36.3925402367,-28.951385909,-4.7434413266,-27.1587087028,-4.265975095,-54.7224329237,-10.2395413098,-23.2465832939,-10.7704507167,-60.2996284016,-4.265729569,-19.6997908401,-10.4127930752,-17.3753679165,-10.4441117508,-20.3488588933,-23.6416442063,-26.760286612,-10.920362151,-12.407247045,-16.589298137,-21.1200519412,-50.1232149592,-12.0489875073,-19.0101859125,-6.6770633408,-6.7437586801,-9.1659031744,-47.7713977211,-8.1211817658,-5.890008177,-11.3168529667,-50.9561748195,-7.2357967299,-5.8827912942,-19.7007439741,-25.807410573,-21.4507101785,-13.2650952818,-98.4470099449,-4.3702455228,-8.2110929542,-74.972977363,-28.5419288769,-13.841963271,-4.6362829619,-42.078559884,-2.8363928018,-17.4677759937,-20.0003145458,-8.6696549197,-42.5576012234,-33.7924985313,-38.8831545887,-30.2103478325,-7.7368879277,-8.8156283917,-78.0735155266,-25.8781911885,-18.9366266401,-35.4260864154,-30.9790030463,-32.4429669533,-27.3245503254,-20.3975672643,-5.6779212351,-8.9318053756,-34.6312088172,-61.7223500463,-36.1224932696,-19.0300770192,-32.4797862017,-21.5529235924,-20.0633412207,-12.5105921233,-32.4686964912,-29.3280621251,-40.4685017068,-32.8520411373,-4.4940959585,-16.2063291877,-13.9733680463,-17.1221373651,-15.8272000542,-50.9808328731,-7.0294123073,-6.5997534143,-5.8478654739,-33.9827676898,-9.5581778642,-35.9888443982,-6.7541564031,-24.2028545641,-35.6957933111,-9.1911623847,-73.6201851021,-37.7689284447,-31.2899645709,-13.1861616298,-17.559472122,-64.8072140632,-38.0418446796,-32.9805024679,-12.6382149603,-27.9138112993,-20.8254828227,-29.8497311179,-3.8572475201,-6.3845157227,-10.4948463701,-77.1383433575,-2.7471288514,-4.6351783243,-8.6918269279,-10.728605889,-50.0555789304,-14.1686368978,-16.2666438798,-20.1238586072,-10.9573737492,-4.6715001221,-40.8133171036,-18.0561871468,-14.6156231859,-4.9079520117,-46.7926435778,-17.985463469,-15.2622381366,-9.5335725091,-20.6923816898,-25.7186298897,-32.9387313798,-13.0486318618,-6.5018708045,-13.9190656904,-23.8394574942,-25.7352140171,-22.4500448679,-21.1087693727,-30.4212729812,-9.6040763807,-36.8621384957,-11.1323704238,-23.6858754496,-2.058435449,-27.9870983911,-31.7759397318,-29.3840953064,9959.3205572343,-17.7973022388,-3.08826713,-23.2821780188,-19.8262573455,-28.7176287885,-12.8436125187,-33.290557495,-18.935495443,-13.5627264032,-10.5285370152,-15.8638363327,-13.8272230828,-33.8635792554,-18.5915176206,-17.5076520554,-5.4513116969,-45.0694199654,-10.0440742535,9979.3424563583,-9.2518584348,-31.8240434475,-9.7965541461,-14.6261425193,-5.2562282645,-22.7573843154,-14.1262738331,-63.9662553126,-25.7100811031,-54.6336713026,-35.8706722627,-25.4737165951,-30.4176806423,-11.4342323005,-10.6813370922,-21.2083882399,-38.4634740621,-56.7527246016,-11.4212105118,-34.1038420356,-40.1162080399,-40.6926883862,-13.1875241448,-22.8404490667,-5.7084139541,-37.1989162612,-33.3645800961,9946.5553104845,-43.9203174116,-11.7492711829,-16.7022048689,-17.8993403422,-30.2934272027,