{"seed":{"0":1277478588},"min_epsilon":{"0":0.1},"cost":{"0":1911.108},"time":{"0":16.6898899078},"rewards":{"0":[-31.6460389102,-20.876213761,-34.5406498846,-33.1384038118,-24.0947551619,-5.1734824999,-36.8290688606,-20.0389678635,-2.7393851149,-41.2115801603,-6.4018636617,-17.0435569807,-21.6917514072,-15.7199285057,-18.4992951451,-11.2286933028,-79.1377245057,-70.1534039159,-8.1166074377,-7.036004586,-17.4826651523,-16.9941429251,-8.4413064401,-61.5655995059,-51.8647817746,-75.2797391137,-51.4671316115,-14.9336499107,-19.2100919543,-4.2862434626,-24.8245105138,-4.941485211,-12.5652655825,-9.4739879671,-24.550413647,-10.8425390502,-6.68127627,-63.5291485749,-3.7166986754,-13.8245573989,-45.4119039051,-50.1807229107,-28.8584987696,-21.1210611924,-39.4825241555,-10.1650881512,-19.7610144208,-13.0426348107,-28.2270899199,-44.9575836162,-26.531688067,-40.0236129616,-7.9633991521,-15.8380907695,-9.6906972503,-4.0900639612,-8.5527598329,-6.3127190636,-25.2911852505,-39.1886166652,-28.6859618429,-33.041764238,-21.7122280726,-12.793248619,-19.9222318944,-25.7545141537,-32.2652492574,-20.2273674383,-37.2947215445,-17.1280985228,-23.1336443439,-21.0004619538,-4.9855583433,-30.4449230278,-20.2215034842,-16.2245559649,-44.3088114546,-10.9117484404,-19.0625854915,-14.9537041121,-12.3578889249,-19.9612984008,-15.1299338962,-8.8713166487,-21.0596580164,-9.7421553348,-8.677011472,-8.8263766061,-30.8423250191,-17.1620645537,-23.3627694353,-5.6651478445,-36.494205104,-15.4172818237,-4.8074613308,-15.0182602915,-34.72365835,-21.7610221478,-20.5375760496,-8.3239767599,-44.1294053177,-13.4323256,-7.1727660376,-57.7045406026,-11.5838121699,-12.030778205,9982.959210427,-5.7363912963,-8.3571251398,-40.9144990641,-12.9078257777,-26.4470181741,-24.1860979659,-11.0323698901,-4.2075407891,-13.3323577315,-33.984751391,-3.4801433872,-12.3839747738,-24.0072776341,-28.8277599219,-13.625470979,-12.6362250627,-13.4629657989,-18.063632619,-19.838182994,-10.4033006043,-21.7743783656,-44.8888521054,-18.469836232,-34.1423159243,-5.3656900974,-13.6678998061,-19.9000654614,-6.2713675044,-19.077329573,-9.516049868,-6.4888863523,-30.9310609022,-9.3349913788,-11.399163349,-10.7164965165,-4.8257449352,-4.5304574538,-27.4272213411,-22.7431121941,-13.946357705,-21.445244403,-9.9442701466,-37.0904479092,-13.1038045437,-6.0311247296,-6.7227574936,-13.8449448349,-3.3867499646,-19.1368704253,-7.7431529039,-20.2737618676,-27.0021166844,-4.4034811662,-27.5081529806,9987.7194839881,-11.2550691549,-9.132068233,-7.6079002138,-16.1791140871,-27.4129402266,-9.1183936623,-15.6684960593,-23.6453618522,-5.7020855859,-10.2285856517,-10.9804930339,-6.7655352327,-4.0397754628,-28.5470435003,-8.4992387502,-4.897757521,-11.867395066,-10.4002098049,-11.6558617444,-5.8850026215,-16.9600422358,-24.7998511028,-20.0671475108,-14.7373553152,-7.4021220387,-14.1758491587,-18.3039125019,-37.7422153359,-37.2909160137,9989.2405243496,-15.2581406478,-14.7109674067,-6.8975050125,-23.4120390963,-27.9129462448,-32.0779493325,-5.4670317872,-35.3282789647,-23.3244616849,-17.8207964309,-17.389085802,-8.0454018589,-46.5079130429,-18.4234411997,-2.4888779315,-6.3667327368,-13.4152658916,-18.7215419489,-13.5688799814,-15.1220027622,-11.4844856821,-30.427420517,-13.4011472869,-36.7227425456,-3.8933188167,-11.8246724658,-24.982747817,-13.270079028,-17.3456486588,-11.4995849123,-9.2130931716,-13.5783168808,-21.9302560652,-10.2982790791,-9.7116743231,-10.7636145451,-18.7852724193,-49.6040429421,-33.1402489174,-47.1292213804,-27.3121790559,-22.4942959177,-4.7510719773,-26.3423024736,-12.4664062406,-25.77797857,-16.3454675184,-10.4274860293,-3.710573578,-6.3565048673,-43.5360760974,-19.7292068734,-42.9319411602,-4.974644455,-27.2526578867,-14.4319564089,-27.84965502,-26.8942332972,-21.665481128,-27.0436056365,-32.700287919,-32.9842430757,-6.1376064854,-8.4158908687,-10.7232823449,-24.2532964342,-8.2203640651,-24.7797446818,-12.8280913359,-11.1944106773,-9.2955152977,-66.8186832019,-22.2866208683,-3.5595307689,-15.8692289852,9989.3685424682,-3.1398568918,-8.5516311509,-21.0669638342,-10.6846592929,-24.8164537327,-20.8897566987,-11.31666068,-11.7977805779,-8.3546376384,-15.1349137219,9981.639263975,-15.2900524754,-12.9233758447,-3.1135905064,9969.1414928039,-39.5621164966,-3.4110504403,-4.0291351553,-18.4974669303,-3.3036811743,-24.9961082487,-13.4897324528,-75.5666355684,-19.2439070189,-46.5210235407,-10.0049346014,-14.458466852,-12.822384464,-7.4741045386,-12.0845480596,-7.6375188636,-21.1386943201,-20.0554999528,-7.3376923431,-12.705309058,9974.733925674,-7.0710062712,-23.5907879167,-20.1434412895,-54.5264297283,-13.3257667573,-17.6143693969,-36.0022460489,-35.4658119434,-11.4204018905,-21.6996140231,-23.2268609485,-45.589925713,-20.0703762018,-22.0232814314,-14.9324424178,-17.2855378598,-23.0156101616,-3.8955932163,-24.8132178844,-15.3179839005,-23.0659721611,-22.4201909248,-16.806969081,-14.4578446189,9981.4580868324,-37.9507026658,-24.7996099648,-17.2996532758,-11.647461471,-20.5205034222,-17.2369535451,-36.428316177,-5.4438951571,-29.5638962681,-8.1451517417,-3.6835016962,-19.5460496608,-32.6343564174,9974.3049370269,9972.994926678,-19.2422978864,-19.5545381847,-13.0802622353,-14.4321510515,-18.3218455251,-49.2324823284,-18.9824086864,-8.3585295444,-40.1174706692,-3.3151068482,-12.1886391386,-8.5151223807,-9.41526952,-23.1901235229,-10.3229236037,-33.5295216901,-42.0729537749,-13.2479070371,-12.086189257,-22.9019834984,-25.477532401,9989.4714410673,-32.1277424771,-25.014419905,-5.9352013662,-14.3348939289,-45.0007750189,-28.2059174056,-19.2696719509,-13.6774747824,-4.2305132201,9985.9317033484,-19.8941408377,-10.8722522878,-26.8906643476,-31.228642164,-26.651640737,-10.0472875639,-33.8142224459,-29.9382935926,-8.0843280558,-5.0785720771,-27.3866100886,-14.5288792385,-26.0997187749,-9.9471536184,9967.579671234,-87.6560765551,-29.9819404837,-22.9004281691,-27.7118918118,-19.6863953656,-17.389562204,-22.3472884478,-17.4642716392,-18.2485883842,-18.0103652998,-19.0459710215,-13.9770210726,-13.4946391273,9995.470612769,-8.0985649338,-13.9912793772,9986.8265863956,9983.470354499,-22.1388096657,-6.475237863,-5.003519802,-26.0348685214,9985.4214854879,9966.442238649,-20.1843673485,9972.1496912992,9990.482895638,-12.1887946163,-19.3618107289,9992.9504564604,-23.3102526322,-23.3851363417,-21.2099871965,9984.7193242681,-7.4462885926,-19.5013926845,-10.94811874,-4.2075970609,9979.9566148824,-16.9882865624,-15.7980581447,-5.6917856805,-11.3662819512,-17.8473099657,9976.5438844408,-16.3410516439,-13.6846913099,9975.9883020447,9984.7146711985,-40.5474002547,9970.4739148819,-32.575927223,-13.8206565656,-33.0488031339,-21.0772121369,9995.6735820949,-5.8760334028,9986.0116723282,-23.1742925592,-9.1714674998,9986.2612525534,-10.7856287485,9949.5391888418,9892.9231649182,-26.4276294778,-24.709727101,-25.0764113168,-5.8138361088,9988.6537804937,9988.7493527756,-12.4556081176,-7.894656555,9982.1322478558,-6.7359692673,-18.0836739202,-16.3955916015,-24.3021317245,-15.9603382374,-41.9059186381,-8.4158440128,9962.4043228746,-16.9054791949,-17.7921972581,-23.8048852339,-13.6796965616,9977.2691412428,-19.523585804,-5.8945848459,-15.301356537,-13.6593404088,9980.5282772589,9975.8588951603,-26.8926909719,9975.5060488504,-22.4412682479,9978.1846091926,9965.8161003487,9982.158108362,9986.4023038555,9974.412089931,-41.0048009725,-172.2399813292,9980.3881559788,-13.409319841,-6.1791757579,-16.7998311149,9987.0629087509,9987.3864177901,9978.9126087051,9982.5937050106,9974.1360902867,-16.5107309588,9988.5511688354,-9.0466079776,9982.4828041084,9988.1017252348,9987.5297545004,-12.1008609606,9983.792614624,-15.9920994153,9969.0879303232,9981.3884383575,9971.8393957371,9990.4982327852,9975.8017400864,9975.982274669,9988.9819572542,-16.6901706384,9975.5090484976,-17.4226029586,9986.1809319648,9992.3077818347,9984.5205510711,9988.098754518,9979.355767725,-23.563662328,-94.0181327961,-13.7312701841,9988.6522905399,-16.133161346,9974.564388716,9983.7168734634,