{"seed":{"0":2041095833},"min_epsilon":{"0":0.5},"cost":{"0":1719.062},"time":{"0":19.2537417412},"rewards":{"0":[-81.3215411607,-16.1239887286,-46.2214729236,-5.1737283072,-101.2076385952,-44.3851633742,-14.9013539314,-29.0257958724,-22.8067334189,-15.1244886639,-36.7094261873,-18.3395327793,-13.3970495954,-16.1712284052,-77.5677163579,-4.9690969426,-9.584937767,-12.5005508058,-45.8844331342,-11.1103188573,-26.7495618234,-46.7585001955,-40.3760455108,-6.1153612555,-14.5553677409,-7.4873659946,-22.4707352362,-76.3395664348,-39.2319419852,-32.2315127329,-7.4687775453,-7.5083023173,-10.325212647,-15.7607704949,-62.1082447263,-66.0348555531,-65.5973420713,-36.6296812965,-9.772923594,-45.0963569431,-11.5260133828,-10.3982430487,-13.577307855,-7.4022059998,-23.6247200513,-54.7175746265,-26.6585298295,-7.0883445809,-30.3558789344,-21.1450465888,-17.1656944739,-6.0953689514,-4.8600233687,-37.4712502923,-50.8904496164,-9.3006150168,-11.331208265,-28.4086083205,-14.6903067371,-11.5844868639,-33.2011711676,-14.706280826,-35.0926790055,-10.9540217235,-16.0009591764,-63.7324142782,-7.9887414372,-20.8342156804,-34.4369729128,-26.9884660734,-100.182552463,-3.6429096874,-14.3528917859,-22.2559132925,-76.7812226421,-6.881877852,-24.0039073204,-19.9327317809,-15.2880858252,-22.5882957131,-34.2601547494,-29.8592970967,-66.2219335988,-5.6203505627,-3.7368743166,-38.8763561245,-15.7298511628,-4.4132718745,-8.6460675456,-22.251467504,-15.9581873232,-29.4839521898,-21.1186713207,-13.8283741208,-101.9986181924,-15.8096567953,-24.0472377041,-10.2171887005,-13.4989394269,-28.8523009776,-49.8621576906,-29.1043929283,-6.0232101146,-7.1609506508,-32.504288217,-12.9121377332,-16.7847442674,-19.603780699,-28.4645980038,-25.804570817,-15.3045733431,-10.5752323398,-13.8469878429,-11.853124253,-9.4128871733,-19.4436972149,-28.7875503238,-32.0516847666,-12.1513491325,-15.375382677,-20.9787999535,-18.2612905944,-59.8244259787,-27.870114693,-31.3728600992,-17.2225370496,-5.4046066345,-17.4184351335,-10.5017912642,-13.0591413069,-5.6027740852,-22.1218692705,-13.3499251705,-9.3181140973,-22.121944092,-30.3802417907,-13.0253356444,-15.4672698395,-10.1425673124,-9.9618914526,-57.3363688636,-9.7222633767,-8.8760114919,-4.039566603,-12.8442140655,-24.439622521,-22.5486615154,-15.9363745679,-16.9917229071,-40.7331908567,-5.9756710803,-8.0840557263,-9.1134255744,-12.4402644368,-8.752548327,-40.4441977667,-13.7263907083,-23.0025566488,-9.0781728289,-17.3462064493,-5.9508612466,-30.4984160154,-6.9539044932,-6.6079755527,-27.529765538,-9.2706770148,-7.9628998031,-25.4021631033,-13.782626582,-10.5120963045,-15.1351081339,-41.4308513641,-18.6801354053,-31.5789618244,-30.9867516752,9955.9003027073,-13.1901449765,-38.8795589842,-5.7683239795,-30.0344792956,-8.9749743919,-17.6269162873,-12.3732831142,-21.7713039464,-5.3835601653,-16.6830350292,-38.9267662874,-47.3143310862,-11.53330112,-64.9538484569,-26.1134609033,-29.4886984804,-17.1338497734,-13.1884105213,-14.0665903327,-27.2892941366,-4.2247878366,-46.3178717626,-17.62441463,-10.0965899263,-8.9387196872,-12.7397878295,9941.6519351805,-20.0658108161,-15.8279843261,-21.6200472665,-36.9165178566,-2.6789273044,-31.7794232305,-41.4413995885,-26.5381570644,-28.1250524429,-22.229270829,-47.3724392312,-27.7283487842,-7.0845881507,-35.3071672345,-38.001718979,-34.0630806646,-27.973052108,-15.2338335424,-5.2497747129,-22.6451648976,-118.0977985292,-18.9441868346,-51.4025804632,-18.3227670048,-36.2571184725,-5.5573631851,-35.8282123314,-72.5554419069,-11.6207916682,-21.0754989857,-17.9011887536,-44.4297440261,-45.5586601659,-46.8790189105,-21.7078951458,-31.1875778046,-13.1951919075,-18.3582962289,-45.7766383638,-29.8512539586,-19.9644012838,-41.7965062297,-29.644641003,-33.532696639,-27.6152520815,-46.4493555763,-14.5451396053,-10.1917122787,-22.429900603,-11.1306182231,-35.3203733435,-21.7700171119,-148.9220588985,-66.7732435849,-65.6419320274,-37.4409864246,-20.9149695685,-27.2168804444,-5.700745054,-4.4412979589,-72.9931151088,-13.909784262,-14.1593029835,-35.6498511617,-45.4744737584,-13.7161026979,-9.6758023741,-41.8770185339,-25.4292154805,-42.8129497562,-20.3036733741,-30.3529515368,-10.7143988031,-14.4639150204,-17.4202299342,-3.9922654174,-62.9229196738,-22.8009942071,-39.2976540249,-30.3098307021,-12.4021522952,-16.8207575174,-7.572162754,-20.0838790678,-83.3935565295,-13.536184364,-100.5915533074,-6.7418207224,-10.097592964,-4.9664871165,-13.2494901893,-59.9978395057,-3.9756685012,-27.5734909877,-52.8118888884,-21.3973639786,-33.8291386575,-3.692436778,-30.0692973502,-12.484039519,-76.6216272435,-10.3820119511,-20.5659369395,-35.655171887,-50.6324775414,-62.2636381051,-50.5433628272,-41.456976998,-45.2184343133,-17.5499801607,-18.3952538514,-8.2033940181,-22.9410901855,-31.0904075249,-86.8828664803,-39.6870091882,-54.5821221936,-56.8969345128,-69.503482718,-11.274259149,-39.646222933,-36.6230667822,-9.6868769761,-43.4080694921,-35.3297616667,-26.7586865581,-53.6428259636,-37.2701260192,-14.0604197102,-4.8172823072,-47.5271205646,-30.1667959347,-114.3205996111,-44.8981468048,-55.825807886,-63.4595309963,-67.3045772363,-11.3012493237,-26.0331002402,-20.7089310596,-44.0817207212,-21.2494146743,-34.0237610338,-34.4047647829,-19.2612990621,-39.1286480539,-37.468454188,-46.6805888892,-45.4541785294,-42.2461228321,-57.6763035977,-6.1400346404,-8.8883704868,-14.3700122359,-72.611634419,-18.4210707568,-14.631555636,9990.5900901262,-3.8721676623,-38.3417318768,-26.9046103497,-29.0022401237,-27.998970505,-25.6400100756,-2.798315907,-38.046577001,-8.5691685132,-22.8623008022,-23.8482687034,9980.9295706167,-30.4411968947,-8.9372066854,9975.9040940628,-23.6604661305,-20.8742086103,-10.9572290518,-12.9672815022,9986.2794239384,-10.6838834125,9974.9745611643,-14.9985936334,-37.8931104575,-29.7190409426,-33.0433634646,-18.9329130969,-36.0946326519,-84.7081031846,9973.9393079489,-26.5604762984,-36.8991905135,-5.0696468083,-41.1660533009,9992.226405269,-35.8174881539,-56.9023960661,-12.8417584216,-20.9775501477,-45.6157322532,-28.0596972629,-58.3332493208,-17.6499991625,-21.7913539013,-13.5854181809,9978.2449218785,-23.7070429579,-15.7727978813,-35.7094656875,-14.8283791291,-11.8321316716,9979.1809873638,-23.0698814452,-25.9378444548,-37.5580917168,-30.0739898443,9960.2522976557,-36.2262671336,-20.1952075684,-26.9573795744,-62.7310654144,-65.1683700605,-30.4979376643,-3.8154811356,9990.0178522741,9972.2737187464,-8.2478040994,-10.5009864274,-22.7398376097,-18.8439175335,-15.8234668493,-12.7551563248,-36.7163346811,9941.1804496395,-30.1881470254,-53.3198950154,-28.3669697009,-25.493298636,9961.1905018358,-13.0175548308,9939.4337879713,-28.8084249882,-52.8475217726,-7.4418499102,-46.065336884,-34.0045695009,-63.7715113855,-67.0199406816,-6.2011795956,-35.0771635644,-13.4480185494,-33.5336316092,-13.8838602266,-13.3678432431,9991.2057986085,-29.3496270554,-49.761613659,9974.7347844589,-25.1690564791,-6.1760366449,9996.3250015135,-2.5920910025,-21.2286999725,-8.0435858033,-4.2610619315,9931.8103823959,-19.5359253856,-4.9867589842,-29.5312090575,9976.6410517508,-12.6836909582,9946.1302809774,-16.272954234,-19.3620663717,-58.1806722077,9971.5089223579,-42.766389711,-34.1360669133,-33.6066759599,-48.2964544972,-9.1096320701,-11.41123096,-15.0842092007,-16.9522014957,-33.610638513,9984.3407170304,-33.6022284541,-35.3295048286,-2.5705978747,9992.4785219816,-14.5820734675,-56.4252863747,9950.3633467446,9989.2455207448,9935.0114512067,-20.0901370392,-47.7481276603,-9.0997801587,-60.6890557695,-5.1653496132,9943.6519875131,-63.4621792228,-15.8654932479,9982.2974785756,9970.3407644561,-13.3033891365,-13.9097444087,-27.5857172838,9984.6164627948,-45.827792953,-31.4820658321,9993.7363904995,-44.134504296,9994.2073563639,-38.3628898695,-17.1614341126,-8.9540887837,-12.6518401318,-36.6900777252,-29.1893786724,-4.8952030822,-8.8481743522,-16.3054355399,9987.6221369159,-9.9367933586,9988.0324241431,-70.4579222893,-8.2758626029,9926.8983210304,-10.1878562101,-14.2985524149,