{"seed":{"0":2125204119},"min_epsilon":{"0":0.3},"cost":{"0":1879.005},"time":{"0":19.1522121429},"rewards":{"0":[-20.0145459307,-8.9830917966,-8.3762261336,-11.266210709,-45.805354675,-11.3761873754,-17.2384431954,9971.868987806,-12.1802332896,-53.8032702342,-8.8469508873,-15.8514876115,-43.0136674288,-26.3779460232,-9.1240558391,-116.9467873019,-32.8315736454,-8.4637713957,-25.9399618416,-11.1913352017,-12.4259988922,-15.4455117271,-10.8682641456,-20.7099926177,-38.2769318299,-30.2226070798,-38.3411475553,-14.9503005477,-17.08569273,-14.40758783,-18.8558547754,-8.3311258848,-22.6805382433,-39.5650979696,-6.9932296231,-9.9740970813,-14.239016413,-36.7364056927,-29.6491508635,-9.3241550969,-35.1623380794,-46.2103276002,-19.4467533454,-26.2556535637,-30.0473678176,-7.2014784283,-27.100842089,-5.8397498299,-86.4500122571,-29.3954562933,-9.8612156175,-8.7584181332,-57.3013546235,-31.5456875318,-6.2156451483,-11.0734282798,-25.1618423472,-9.7756735035,-23.3410611502,-9.8282043108,-31.9277424623,-22.6614396575,-14.3144313681,-5.7400023892,-6.0947842088,-23.2730000939,-80.0246286024,-14.175460615,-39.5327241542,-18.5096904919,-21.4509873466,-28.2371022308,-34.7826632306,-30.466421028,-10.8251364697,-18.5192872923,-20.2835690169,-26.9402513228,-19.2666249507,-11.1921044431,-19.7658527839,-15.1237460774,-17.404372266,-25.6142901156,-32.0175167177,9966.4802618866,-21.3426112327,-8.1029267486,-13.1243080151,-12.8484581418,-42.6531333273,-9.8567095191,-85.469648259,-8.0269704935,-24.2936868948,-6.8349739348,-49.2570268998,-14.9023749184,-6.840065841,-14.4823910539,-24.7851001713,-17.0706013725,-30.6971031225,-31.0183699776,-12.9084550818,-30.0441210527,-103.4096702247,-24.8516061257,-5.6435488368,-14.2013651733,-12.1783395561,-19.4679913487,-12.0133135781,-2.3177491891,-46.1670023226,-7.2619587839,-25.8781240139,-5.1863068383,-12.1896881316,-34.0326430407,-19.1711177699,-16.528930382,-8.8853676122,-12.3685436268,-5.1524029671,-9.3443701174,-6.2879673247,-54.0295707732,-5.0663590284,-17.2763441194,-13.1170433704,-17.5315953787,-13.221367082,-10.0347808239,-6.1777020647,-48.6126852485,-23.9918936633,9975.9225153846,-40.5969767167,-10.2164616378,-6.2270299382,-9.4554047146,9991.4648816008,-15.1587269889,-37.3677849024,-8.5830688627,-26.1290430145,-5.0264755051,-25.4550670126,9972.5257179729,-14.3416510546,-21.1326839417,-22.1228872595,-23.6928950376,-4.3958483383,-41.9728430339,-8.1143601625,-6.357751527,-34.9552669382,-9.2065147578,-30.5818488965,-13.6707384965,-10.235588262,-28.0976562773,-16.1543057535,-24.0789615869,-32.3023832154,-20.5123339152,-11.494822745,-22.0388385246,-8.4074748732,-21.2261216016,-45.7393083318,-47.5213080685,-19.2681439778,-47.0778373162,-57.2188065474,-46.4596421278,-8.903938439,-16.8852388618,-39.2257941713,-17.0988443061,-17.0029716112,-5.9653069487,-28.8171642246,-50.848409254,-30.0582227093,-26.7104420114,-8.5487158556,-35.6134965806,-2.3714578541,-23.5703755011,-3.1337228727,-16.9068321479,-13.9520729482,-7.6209229883,-7.7435878042,-6.2627549257,-29.317509092,-10.9877671014,-21.0097497422,-23.8718206763,-27.3027258693,-3.392686094,-22.8619423938,-35.6524452294,-18.5776613162,-47.7356101548,-16.9163474854,-3.7370711911,-31.4226382096,-5.3706861392,-8.373004397,-16.770553299,-4.499206931,-44.1274320631,-3.9338180147,-83.8697684269,-47.8554237074,-64.4586055344,-19.663437365,-11.3746561236,-4.7609480055,-5.5534048644,-76.4528105682,-30.2506591983,-46.8681030794,-32.8759159679,-6.8624733717,-60.8479259961,-54.8853908712,-35.1184943793,-24.2778164485,-11.2644434746,-43.6355593096,-34.5553143365,-12.3993183676,-41.6623956917,-22.7298534742,-9.3038181236,-6.4237329544,-30.9585396345,-14.8259878234,-35.49171077,-27.163960487,-13.3897760134,-29.4027982065,-6.9889881594,-27.7596980934,-5.9109343042,-19.6798047928,-19.6589873992,9993.488236021,-6.4156101786,-81.3242044046,-6.837828832,-19.3002561277,-14.7288530031,-15.7784187087,-15.5552137071,-7.241609708,-22.4868998621,-23.1127806147,-16.2140360825,-14.9174744127,-14.3794580634,-6.6729866664,-6.0145013876,-8.0542459892,-14.3248563378,-26.7970104745,-14.4443302979,9984.4815950356,-26.4973677439,-14.8371964471,-31.564403498,-6.3172060965,-14.0026808272,-33.8740584614,-46.0098518852,-12.4370029785,-54.275727757,-79.3487051813,-18.4897055318,-7.4215742304,-43.8679092557,-29.4547899032,-35.4788667951,-20.02828312,-55.5269758388,-44.7316502692,-30.5153954964,-5.3717975157,-50.9104169679,-5.5571503581,-9.7753541117,-5.3848487657,-48.7402673031,-2.3280213001,-13.8409586039,-21.4182400782,-6.5354231249,-34.3501190584,-15.9051160382,-12.2235806966,-54.9352202678,-8.1886005562,-11.8949765222,-26.1945852577,-32.2931935563,-3.4430149752,-12.1523996794,-19.5890558171,-6.8004877816,-18.859279501,-12.8449764291,-7.435556313,-44.230508197,-12.9024413595,-21.3346216559,-26.2494061473,-27.2248161361,-11.3112060143,-16.620108074,-25.4614001162,-14.0385427044,-22.5595705918,-13.3694530054,-39.7836873325,-112.4188193442,9967.9724642972,-10.5248154854,-50.496423291,-28.1040975946,-29.1387019005,-9.5968895835,-45.7456488526,-27.2605768743,-13.7656959583,-3.6924174409,-9.6905357105,-41.6399345356,-40.5549477032,-35.7212991703,-55.58873696,-41.7531168109,-11.4229245676,-90.1318834944,-12.9533694377,-97.7092432334,-15.0690787365,-55.4355890503,-20.1570704859,-34.7867326117,-20.7441285794,-3.8932151073,-6.9890756926,-45.7800459273,-54.9210626539,-12.5841986432,-11.4427017294,-9.2194336562,-18.9084002341,-36.5983005688,-3.355445096,-3.0182266009,-6.3188322377,-22.9874928652,-71.4993348111,-2.9067265419,-31.750814885,-14.0634270449,-18.5319747268,-16.9289119656,-11.3638349355,-42.4243210506,-26.4594947904,-35.6614953192,-17.5670041036,-16.4837419136,-17.0142309087,-24.6354983058,-4.4140044913,9970.0554431649,-20.5523433928,-6.7620457027,-16.3351139523,-16.8419781944,-14.0541849021,-13.3026873301,-18.8016356683,-27.4026194756,-12.4675262964,-53.1496939432,9987.3676392748,-40.5285334057,-15.3365935514,-6.935918305,-28.7237310702,-26.8571771758,-27.1179971677,-40.1799018095,-13.2086347827,-11.8084056337,-58.3372968827,-11.9498963169,9981.3501943759,-63.2209199354,-20.3105976883,-17.4592116063,9992.5376873097,-20.4548196027,-30.0351195921,-17.7958239554,-13.1439434,9901.3886644753,-57.8879771833,9990.358495475,-22.6633346961,-23.5700360444,-94.5067093186,-11.1807302563,-15.7120665051,-33.6809037184,-40.9986980174,9955.2423439129,-18.7847351393,-33.1018847802,-8.6950088043,-52.1937535926,-36.474586283,-25.2782666202,-23.8568201279,-16.403827009,-1.8656005681,-15.3368356953,-21.1677990177,-26.0748241579,-85.3356800184,-19.1358576773,9968.3407278619,-34.8016133856,-39.7394252998,-41.021208148,-30.6735675895,-15.6893302953,-26.9771754572,9976.6973532169,-38.9750987262,9958.0919947066,9957.8961272682,-17.8262140813,-46.1558861305,-45.3796144514,-10.4119898288,-47.7256878812,-20.5595590006,-47.0861588946,-17.1726142755,-20.4066579934,-8.4490137204,-52.6045951281,9982.9564633276,-4.1501812871,-28.7959129393,-21.9596481704,-9.8606590008,-18.7383215153,-33.8782605394,-38.8331561894,9963.35352933,-83.0632342827,-8.1530453008,-22.2279736527,-32.2558467944,-41.3753324759,-49.2137721951,-68.0806884853,-33.6309953756,-3.5021867241,-92.1948777939,9978.8784901378,-15.7401421587,-6.7221660311,-17.6823084547,9966.6822772119,-13.3024138557,-17.7504595577,9967.9443634557,-53.762589983,-16.3375228211,-35.0039718264,-18.8316688115,-12.0616449123,9978.1008991495,-22.8691325488,-32.843739044,9991.1294564255,9980.4136764321,9944.2419821492,-23.0280347937,9983.6421880043,-21.145467322,-46.8979608544,-13.0327429174,-14.0304168327,9908.4743860667,9964.7858112609,-11.1100629033,-7.925213888,9988.4053513291,9993.6938294756,-12.9996885114,-22.5992278489,-15.9854266271,-9.7376620054,-26.0062382065,-15.9216131243,-17.3301407268,-9.4154591561,9982.4198261183,-25.1173700007,-51.5251143204,-24.6687497048,-20.9404193454,9981.5361382856,9951.3936537268,-56.4756703396,-17.1728610238,-65.1473175689,-61.9720487136,-46.9311233679,-35.0490118432,-5.565334624,