{"seed":{"0":1695858027},"min_epsilon":{"0":0.3},"cost":{"0":1722.601},"time":{"0":17.1060237885},"rewards":{"0":[-3.8090051926,-28.2994388849,-9.5275658927,-6.0427597423,-19.9652278811,-56.8790733827,9978.3860133889,-50.6300399652,-14.2527488074,-11.0093148345,-97.2632929211,-31.5505757314,-9.3380304038,-19.9325814378,-6.6550449761,-20.4147992684,-17.3002886155,-58.8236427454,-11.2982926159,-7.7460991801,-19.1581188374,-11.3125915302,-8.3516179898,-48.430664122,-9.8318459257,-7.0878683225,-95.6365786063,-25.0269290294,-17.160125362,-50.7825552804,-18.4079334591,-35.5008911701,-23.2059722536,-7.6111297193,-7.3468930537,-26.9741565087,-21.2393517743,-30.6352531811,-45.6551572733,-2.9207055749,9984.7007198324,-4.0345993087,-17.1758486983,-36.5357333465,-19.9490923598,-8.1952470258,-40.6722119991,-21.6785571172,-6.2689182834,-11.5940326194,-36.5554744504,-21.6723975878,-17.3912355924,-24.4945593885,-5.8577451301,-14.3832688638,-3.7324921429,-38.2527571424,-28.1993912536,-22.2030358782,-3.2099249754,-7.367122942,-20.3163031038,-15.6966361646,-24.9300758684,-31.2567609932,-66.0253924686,-7.1155391312,-28.7455031772,-10.4392693223,-12.7329311566,-9.0160254906,-15.7277196052,-20.3380884088,-7.184448399,-8.7386575312,-21.0119778742,-14.3673333889,-24.7954326114,-14.8212033813,-6.635397388,-6.6392946974,-4.7898985489,-15.3622055726,-9.3073173328,-27.1095188792,-38.2929614707,-8.0038885411,-17.789843379,-21.6352490186,-3.9946942309,-13.8579887418,-9.8043963428,-3.5176456616,-9.7218750277,-3.8531091049,-5.6587394888,-7.1960880626,-27.0979648734,-18.2490170089,-19.5727498069,-5.4178590193,-36.3135219853,-5.1905368347,-51.4466490298,-4.1085190215,-2.4860076155,-13.2608762768,-7.6775515275,-18.1352721211,-12.9447718307,-3.188980037,-28.2011916484,-10.4854053512,-32.6528907602,-7.7985908195,-7.8470100914,-16.0199667037,-18.2386306925,-7.1142600525,-28.0397839811,-40.5584744762,-33.2268459394,-11.9626992822,-20.6351641038,-16.4880640477,-3.875943968,-23.3015544871,-40.5817936331,-68.3990410548,-54.5947604008,-9.1786262061,-19.9361268994,-23.5245859694,-22.4434355872,-13.1046550256,-14.0629970031,-6.9475581508,-13.134324836,-3.5550279161,-40.4970808203,-7.9510862316,-37.8774710911,-6.4333779454,-4.5029836088,-17.3798221984,-10.9006715031,-12.4141752283,-55.2654556209,-6.5006781529,-5.8958450943,-32.011410115,-20.803561994,-13.6746061438,-13.02632842,-7.5394495342,-16.4419254542,-14.9273189805,-5.8696383822,-36.2883914351,-13.1014815432,-27.0703855326,-11.9176350965,-13.7519535069,-3.7363205459,-11.8345142183,-15.3316526139,-39.2112386254,-4.5841873764,-37.2685914566,-12.8190672193,-8.755317183,-4.0217094903,-2.8667975049,-31.7163162357,-31.326944342,-6.9317033116,-24.9611408302,-17.0247847439,-15.6686484459,-14.4281069502,-11.2774628984,-13.2138464388,-10.4068392464,-9.0946028828,-9.5291317938,-14.1518250162,-11.5465651194,-14.5504714435,-13.2252558022,-9.6925848346,-16.5375363328,-11.5497651401,-120.0850465947,-10.0823576592,-6.6124855501,-5.8534074178,-17.9580037461,-6.503785771,-8.6575628431,-12.8299315389,-7.182706413,-3.4038312589,-10.4163563231,-9.8770167915,-6.3855870138,-7.6432606913,-48.719327782,-15.8494956267,-9.9730663176,-7.6826701032,-7.8445684131,-17.1425966595,-7.8074735146,-34.6416475823,-9.1546698745,-6.4002709649,-2.9507335177,-9.4638783793,-19.3738930693,-6.8387087361,-9.8560979452,-21.5485920356,-12.5207310847,-13.066289067,-10.0519219732,-16.4399129803,-39.1021215007,-4.7620659969,-13.1613069998,-19.8792127905,-11.9228830272,-15.40533383,-10.3592472833,-17.9137647291,-13.8358531757,-13.431849502,-11.1263023129,-5.6296493557,-33.7515723764,-25.4324143611,-9.567219278,-7.2054038172,-7.5089886904,-19.7795668858,-10.3547320494,-9.5108328866,-11.73680453,-7.1964563528,-18.9510370222,-10.5482591428,-10.2937918199,-5.6851817591,-27.2007707429,-4.5204267594,-19.8076701822,-8.6806615359,-30.7346265194,-7.9918902756,-5.0691750689,-9.5932517167,-15.0984102242,-11.6966748732,-28.2055421187,-62.9898095248,-5.6437952084,-6.0820158148,-11.9203519359,-6.6349355874,-18.3810974171,-2.829550264,-36.2762881351,-10.3569310736,-23.2483024594,-26.4639061778,-10.7754292299,-24.6302681399,-16.2747837733,-9.0754094121,-3.8421242903,-7.8139064314,-28.909608744,-13.4392269144,-13.6027805625,-2.9811036883,-12.1772684668,-3.3872558132,-4.9526281659,-60.0428843152,-4.1250424272,-9.5454180501,-11.6543168131,-6.2233993522,-24.4314490024,-10.8236849407,-7.9337037508,-16.5391063159,-24.5183151262,-12.7634715558,-20.1883504391,-9.2680914574,-6.4112137818,-11.1235809688,-9.5227847601,-10.7088426097,-4.7692815548,-18.8030974464,-5.2335567098,-13.62774951,-22.0314462062,-5.5679548911,-4.9368311362,-30.5091478006,-11.2298164464,-8.0052559684,-3.0516056325,-5.9236629528,-14.3599269897,-33.1004038671,-5.3488188689,-3.8433530195,-4.227766977,-17.84021245,9990.5465882274,-3.777074737,-81.4845002079,-7.1057361791,-14.979402031,-9.0346946247,-7.6880214141,-9.0547332705,-13.8580539373,-16.3098525078,-11.7621410131,-8.191342697,-8.7927360328,-8.2740699941,-4.6741979184,-17.2556575539,-11.0741556083,-33.7911980012,-13.2190089496,-3.4476504847,-4.4837799072,-12.0401167751,-12.6321004658,-19.174221727,-15.8515207018,9990.2916381191,-8.9722304213,-15.0265217419,-13.8042253781,-8.7379060219,-9.0143309858,-6.153279751,-2.9647454456,-9.6332647633,-19.9424400005,-16.3465719641,-3.6555814013,-2.9428584367,-5.4603693586,-5.5549012574,-7.3480431008,-3.6193686234,-10.9493208745,-21.3782991098,-16.2499398974,-8.6290443818,-2.8527063569,-4.676355152,-8.017404075,-19.2020919836,-15.8511282333,-5.2954757353,-10.5038394163,-16.8345351154,-5.2535675024,-9.3353239625,-4.2694931769,-16.3507810727,-9.4251188067,-16.2539290246,-6.7980336042,-6.2007985237,-6.884877942,-19.8626156689,-6.0183132853,-12.2195682464,-4.0329319222,9995.7617828356,-5.5282359218,-3.8919102822,-11.6757764888,-6.7818583396,-2.2915689963,-6.0650499381,-21.6619835777,-4.9097310781,-43.7273051349,-3.1159283491,-9.5647049899,-7.6601246703,-10.3263921629,-9.5083644716,-13.2798285001,-20.213604542,-4.2689817345,-2.9466934772,-14.0535064183,-8.5788696351,-4.1825076467,-7.6450178389,-20.0853342292,-48.4845510348,-3.4637324174,-5.2006443917,-8.1065845415,-15.6003735996,-7.6596907281,-4.1685097705,9990.7024422718,-41.7438016151,9968.9207088221,-8.8288104031,-14.7290583563,-19.1505492767,9954.4509378639,-15.8074763464,-10.8967632268,-6.6806955225,-55.9790838382,-11.7860853827,-31.3452361073,-17.8013203382,-7.6650510775,-20.7263110665,-23.2049128877,-11.2635215713,-8.5533422985,-19.6582862514,-12.3370541421,-7.7756025242,9949.8442099294,-17.4518468886,-33.2796773846,-24.9170204678,-24.0545913362,-12.9281047567,-23.1028398492,-17.022601171,-6.8562171505,-15.0954129034,9987.5714132439,-30.9998858438,9957.2131538633,-24.4040204553,-10.252385846,-27.6525176258,-27.0626297813,-34.8187929648,9978.3757412668,-19.3640557849,-47.4614330453,9976.0588351423,-4.1613711824,-28.3235384352,9982.7928269414,-8.2149238323,-2.6803461342,-31.5055882494,9991.2984782926,-37.506855019,-12.4521975897,-36.6346151473,-18.4294401404,-13.0367702813,-10.4709113494,-21.4943261813,9984.1217278501,-8.9639346533,-9.9292682875,-22.331559536,-34.8594417888,9983.747491446,-26.6110933402,-5.4434739773,-10.7228159872,-12.8922639038,-12.4006762896,-19.1772978786,-28.467417348,-17.4902672873,-10.673633713,9967.7611161995,-45.5523030783,-19.7055927439,-15.4660228101,-3.605596873,9983.9239650137,-21.4472418082,9977.999170043,-25.4658187305,-8.8679808088,-31.6987213465,-19.0907758901,-12.9235342306,-7.3678291905,9996.6250628825,-3.2385695986,-14.1593810135,9982.6442470738,9981.6818923326,-10.8831901636,-6.3080717638,-23.0120276084,-8.5670478266,-17.4572058273,-35.2182891106,-30.3542145485,-21.8785151536,-8.3263796658,9988.8064084155,-60.2204188055,9974.4552397262,-24.6937369616,-26.8334458207,9984.4529407546,-10.7433029255,9954.2627306854,9993.4533484874,9996.7024313068,-12.1681641455,-18.6256117192,9993.2041410998,-8.5204203519,-30.5575462297,9946.0933374206,-10.6063501132,-22.8565123968,