{"seed":{"0":1000004583},"min_epsilon":{"0":0.1},"cost":{"0":42464.2170000003},"time":{"0":17.9924860001},"rewards":{"0":[-8.7390335337,-25.2996335467,-7.652498861,-30.9091595455,-31.6224292682,-24.6218675367,-38.2537029545,-16.3004447105,-21.4447982432,-9.5314599997,-37.061940786,-9.2590391377,-17.7314050308,-17.979731641,-26.1847938568,-19.8168232104,-10.8413040112,-6.4703222348,-25.0178269367,-44.0255395056,-30.6998864728,-13.2835118311,-15.7601783404,9988.9240556806,-9.2102710933,-39.5613238893,-15.3158064241,-22.8080690704,-26.4903296319,-19.4404859542,-15.5272551023,-16.2748260876,-11.1101051923,-19.132421219,-9.7823854371,-19.6398863905,-59.7945689289,-9.529096404,-31.7183275439,-9.548368393,-3.4837035161,-11.7966926831,-85.2616546104,-5.9454547424,-11.5070493858,-5.7121397457,-42.78405553,-12.701511619,-9.4523362092,-3.9699286198,-39.4464925243,-16.623474459,-15.4309479488,-10.7571388605,-8.2147032215,-4.5510891519,-23.437369916,-8.3198434814,-40.7260219316,-4.1152796795,-18.3831012699,-23.4500696973,-50.7738864387,-5.2313824637,-20.7619733264,-5.6733877444,-11.2396638014,-16.9840179178,-24.8018895972,-41.4148653819,-11.3934272419,-28.9085644571,-29.986614067,-32.6217209466,-38.6200662609,-5.1970409688,-6.8231171287,-21.3741987368,-27.3414018175,-13.6940374651,-66.2885057745,-16.1827238966,-13.8439798306,-25.4387387495,-8.1567294258,-38.1437608862,-9.5612768068,-3.4472798874,-16.8443667464,-45.6744215132,-11.3469784025,-7.3267406218,-36.0924778293,-23.672216662,-37.3105671313,-8.2301246868,-20.2848231808,-67.5426099704,-6.9856373579,9970.7954705231,-8.0841379556,-61.0279423635,-8.0957255612,-7.9379968888,-5.9907511681,-22.6835355339,-5.0694459009,-8.2297811134,-43.0041527284,-9.4458266436,-53.5837066042,-5.9974782046,-15.0653162104,-27.8615002686,-15.625303715,-19.6000086079,-14.0513941132,-28.9258815245,-31.1779684201,-37.711776169,-19.8643421538,-21.1263668661,-13.2256511248,-9.7418704991,-21.9372951093,-7.5564229406,-20.2247820386,-18.7453291226,-5.1742170957,-23.4512598646,-10.9406655056,-14.3277491197,-83.5380561245,-5.1929076738,-14.6645779213,-25.9462478212,-28.9204487585,-31.6110894352,-12.7549392994,-15.1612104461,-43.6939674295,-23.0848710509,-27.6979795156,-51.3337794426,-7.4747337772,-42.8146346144,-3.4677124283,9959.390255477,-36.5154378309,-37.9201488104,-9.4470205579,-31.2566655214,-12.3288246905,-16.2394676327,-4.9208758807,-11.3198301134,-38.9248793702,-24.6057668571,-34.0370347108,-19.2413326449,-12.2290703914,-81.0607929699,-16.0474402267,-5.9512006729,-1.9066644895,-20.0822286227,-11.3213489547,-6.4047391058,-14.4701692684,-7.4503379928,-32.5647137643,-6.223882294,-13.8776976348,-5.9976853866,-4.9740716063,-3.4013848198,-12.5440650168,-14.7913152102,-37.7900351711,-41.10451015,-15.7256743721,-17.3758134894,-14.7758727677,-32.3116249989,-9.660115242,-14.2242548252,-8.7866783195,-8.4937681694,-8.0130456741,-29.9143721176,-25.6841169166,-12.4254308188,-13.564604257,-34.1288625654,-39.1186754364,-7.7978476939,-14.8941165068,-31.0532091975,-9.6758843821,-3.0174421611,-5.1655019173,-16.3561393084,-19.9887173525,-15.1249546387,-7.0900023914,-36.9599328833,-40.7774326941,-7.21833571,-25.8356074081,-33.3652926307,-5.1400911261,-9.2083952802,-4.8098930419,-8.7527798786,-39.222738386,-25.8029234313,-10.4138583218,-17.7329768745,-6.113017686,-14.1840916221,-8.0577688901,-22.6273491265,-24.2234906357,-4.7818396365,-16.0979922389,-23.0671701034,-6.4537549942,-35.2211158754,-16.3201729931,-5.5461361942,-26.7506243511,-44.574841446,-33.4041908878,-45.4374714139,-15.4512977519,-11.6417385614,-13.108829221,-18.0681818187,-27.7105753277,-6.1229848446,-5.3178571998,-13.7845866534,-31.0338468265,-14.0582144881,-7.3829601761,-10.1700054178,-4.6248371018,-11.8436227575,-10.4441676258,-44.8130120481,-17.2611940239,-9.5847989342,-8.2798110552,-34.5374322802,-6.4519502889,-29.8120135337,-3.8729002537,-29.0443657405,-24.6349447639,-21.0245177393,-6.4285043358,-5.4165963863,-21.6170104999,-6.5441844517,-4.6936317769,-16.3760536715,-9.5016768709,-8.7468424407,-9.8724765668,-15.355201567,-22.4697035435,9982.176904825,-33.5269354716,-7.9044821402,-11.2633453167,-27.3994045745,-34.8245088144,-8.5564022013,-30.8477233335,-7.1271629567,9964.5467164681,-44.9097226073,-2.9881883761,-86.7830799585,-6.8281242748,-16.918022865,-17.3342452143,-7.6364169561,-4.1389189907,-26.12550769,9987.634280447,-11.5181025001,-13.320792775,-18.6794976547,-18.915040169,-17.040788416,-47.2191583441,-18.5335937393,9963.7495748319,-30.6184346579,-10.4526484662,-17.6992256433,-2.6618324842,-24.8182448069,-10.1936725205,-42.2124977547,-70.7503396664,-16.9445554375,-9.6085782335,-23.8079676036,9968.8475159002,-28.1460769468,-35.7321253006,-23.2673485166,-18.1549678611,9981.3724559732,-14.7729504083,-23.968878307,-48.7145375583,-11.8390793922,-7.0652664791,-2.743246271,9990.8495920863,9987.5670201025,-16.2049858086,-2.4063936666,-11.7284297741,-12.7105986726,-90.3301930998,-39.5589066928,9963.2970007624,-30.9590167285,-13.497025307,-10.413645409,-18.3921330405,-17.0896630399,-13.6340419032,-38.8299114768,9988.9469084838,-23.6193651618,-37.4792505002,-41.5494935795,-9.8511580535,-15.0830379949,-27.8510430366,9987.5129436955,-49.1569504055,-23.2188632192,-8.8968523683,-12.0840075041,-31.7517913911,9987.376368614,-21.6559533519,-26.2336741807,-23.5094862325,-29.4505408921,-4.518991604,-3.1890631217,9971.3472613379,-12.9985596557,-8.2037271905,-6.3374111373,9984.7873127911,-10.3579106167,-57.3371682897,-5.7142849052,-19.4023090274,-21.3637490576,-27.5047152298,-11.329159472,9982.132733563,-19.1142627589,-8.1910279636,-30.8009718201,-22.6546484303,-11.8283376234,9980.5451562916,-98.1033172995,-11.1045808028,-5.1968983452,-7.6284742823,-17.7950537449,-24.7964446038,-8.8339465124,-13.2762780856,-24.960910561,-13.0026181791,-14.9399261954,-10.6497442732,-17.9574733553,-16.7444484711,9956.1686004583,-40.3514363495,-20.430311256,9986.9838878827,-44.8182370498,9975.0599776789,9973.593702381,-17.0773036718,9993.8433748583,-17.0649497129,-3.9338799196,-6.8495087081,-11.3684062311,-14.3486522503,-16.1934415675,9960.5677999721,-10.9107641168,-5.9693998924,-7.0677957553,-20.2201520699,9981.4684956929,9967.505877369,9992.7986366147,-45.106321723,9974.2826319486,-14.0869208231,9981.3603442327,-2.2950969404,-25.4306807744,9973.4928602269,-24.6562914878,9989.6637182322,-21.3722403767,-40.0987984259,-15.6403581992,-19.5020879215,9994.0842487249,9978.4414668765,9993.6699945641,-11.4432784048,9977.4569667178,9958.0238131343,9986.1744918454,-6.2810670376,-32.0783693493,9980.8716147012,-4.6229679349,9986.1207061899,-3.6636204774,9971.2393882833,9987.9152217784,-14.0506263299,9986.0683174986,9990.4558266795,-26.4337662735,9953.883037596,-32.7389381344,9953.7731644666,-30.4637170598,9980.0914063609,9996.6264663094,9976.7346899189,9969.6772746096,9976.970809576,9996.5009083571,-19.1591453352,9980.1738849503,-6.3224021961,9962.7688518232,9990.6146062579,9985.89993772,-20.6770268409,9987.7401061333,-21.9986621227,9980.812074016,-34.284846326,9988.5005958855,9987.5715231621,9976.8300654921,9983.5392637951,-21.2629213684,9982.7242180122,9971.746067896,9987.5913903532,9981.8462197751,9979.3983585226,-13.098752734,-67.3592790511,9989.8813815207,9994.8078475515,9984.299724403,9971.9508257336,9996.2189596867,9985.1678956587,9972.2999341833,9970.9983117803,-14.2871132907,9990.1785427929,9990.5992566179,9995.2425672136,-25.4354926695,9976.3397059353,9961.7537845463,9986.9387630416,9949.7940793412,9993.3624225618,9992.6794670671,9994.3069740252,9980.072893775,9978.5197923526,9985.2834236659,9990.9821097033,9987.8583230757,-8.9314093846,9981.5447680464,9960.8857514036,9977.6137530422,9983.9489782848,9961.485226361,9969.9277395332,9981.3393283575,9989.9333755795,9992.0552957196,9991.1486127667,9992.6366882349,9973.4511188369,9982.8989771058,-48.8838780069,9982.4883929327,9990.7604392468,9976.5269658491,9984.7549820878,9993.0949647949,9984.6370890503,9990.1947034619,9981.7157002878,-3.4416658557,9962.7138786451,