{"seed":{"0":1598189534},"min_epsilon":{"0":0.3},"cost":{"0":1712.931},"time":{"0":15.274749279},"rewards":{"0":[-24.3033345856,-47.8557643849,-24.7387612269,-15.3761672926,-31.9527702431,-29.3524828012,-125.5925392535,-17.4781418949,-13.7802923866,-27.3249548567,-27.8326561401,-7.6595937707,-24.5992834389,-24.2042428524,-9.1051713716,-13.863404743,-49.1756385784,-28.214284886,-23.3008371763,-11.8077947362,-20.5350744963,-14.9516656723,-11.6373856333,-16.1933924696,-13.8913699538,-24.1942538311,-5.0114799292,-19.0315763281,-21.3983328974,-19.2365776343,-13.1042346531,-50.5229465863,-10.3256888095,-16.4844640345,-16.6709878696,-23.1771814182,-26.3945681669,-6.5450244247,-17.1861446095,-45.7830138008,-15.354660386,-5.4149513615,-41.4746695804,-6.5525446378,-18.6306172397,-2.5471314924,-24.5352135125,-19.6472438552,-34.6992423915,-27.1413095447,-43.130197113,-6.2905623586,-10.0534608406,-43.9657928555,-40.9757888432,-3.8776221659,-12.5440636758,-15.6485852509,-46.9123065361,-12.9233946678,-8.0844728543,-39.2177952127,-74.1051842412,-16.2852395235,-41.8870181365,-6.1345071231,-60.5558487653,-4.914157589,-12.1279156513,-34.1232000555,-4.7595525055,-6.2676053683,-21.9565798235,-46.8027041031,-18.4110841547,-39.1218792935,-43.8206039963,-25.1964140673,-9.4756251168,-57.1331837063,-17.6857154052,-32.5213087416,-6.347352083,-14.4721569619,-12.0389168152,-4.1160113465,-54.5950203472,-16.1683891263,-29.1454011687,-5.9345240597,-4.4271962391,-29.1492895039,-35.1332002532,-11.2129046223,-11.0737258727,-5.56078292,-15.0115542115,-14.5804852008,-13.7995632609,-31.9019991811,-12.2819054741,-5.8005573277,-14.3178114677,-10.4716987178,-15.6021114625,-9.1578115518,-10.3135442806,-30.4668420497,-28.1834512908,-23.3143078839,-36.3365074353,-5.9668529145,-23.7224050307,-19.0253488512,-4.9453454968,-55.4072594181,-16.4440970332,-6.3889469623,-22.6347816839,-16.3016987632,-56.7019511024,-24.2632151958,-8.0751245752,-22.4391154574,-16.200142316,-4.7469735815,-22.4050698749,-37.9264309122,-5.5978970603,-13.9125213271,-16.5306611048,-12.727644336,-21.9573610175,-21.7228090062,-9.4628360493,-3.8019911338,-7.8659992305,-4.4745450401,-10.855394655,-42.4264947238,-8.3626577279,-6.3459277924,9948.4804617268,-26.4436842616,-41.3462657115,-25.3400004599,-13.0662981055,-7.1250034789,-7.630153089,-5.8914384056,-18.6731880733,-56.7805421862,-13.7039879302,-12.4687915042,-11.8921864097,-15.9818155487,-78.0037076293,-9.7668180627,-11.7728769442,-20.990428984,-5.0625213106,-25.9144139663,-8.2836592893,-14.5309837405,-9.1057020424,-23.3421868106,-8.1177091876,-11.8713005478,-10.2449455017,-14.9078721415,-32.1970724454,-22.0337092496,-5.75017618,-9.0105194066,-2.8714738221,-19.0231960182,-44.4234396169,-4.005003028,-4.0708366428,-2.6575471671,-17.6424093029,-31.3758778379,-12.6220092105,-17.5868605631,-6.7655423404,-8.2641469764,-5.6400767486,-45.8125301998,-12.1665384879,-6.823191354,-10.0004502115,-7.0670034637,-17.0801560436,-4.8073108879,-1.8041387777,-46.6204099958,-7.9264361172,-12.960902549,-40.0465136505,-5.7128514096,-14.1109795645,-10.2722443405,-13.3904303235,-5.9388245628,-4.4010705661,-7.7990523951,-13.3882390464,-25.1446055313,-12.9059524347,-10.0179143842,-11.9267462748,-69.0146964167,-15.8411402324,-11.5522284099,-14.9778879668,-5.7628445025,-18.4148329937,-18.4276048296,-33.2207487188,-14.7635439744,-10.3370577127,-17.254968715,-10.3568524999,-6.1135909513,-26.1308854625,-4.2614298015,-6.1807541175,-7.7468622485,-8.5366389094,-19.8903432223,-8.1498425081,-3.9112052171,-16.2591297378,-5.7716399954,-8.7555551581,-5.7452716711,-29.0228848602,-25.6670701547,-16.3397275866,-13.5258301467,-3.7270227928,-26.8971370959,-4.7419320594,-9.3749897148,-4.5866447952,-4.1521245418,-2.8184783854,-2.6420918301,-6.4362598123,-9.1395317936,-12.3695786245,-6.6735887892,-12.5107070902,-6.9025525189,-23.6133953702,-29.2434483267,-9.9611760973,-20.1817864082,-11.5709167637,-25.8189784269,-12.5114910013,-19.4307155738,-16.6638578892,-7.8632919867,-9.1458809998,-6.3013320807,-17.5865394355,-16.5242892751,-5.7745121774,-34.7099626679,-4.0638835283,-15.3285533255,-11.7654763398,-28.4206934441,-4.8521123485,-5.0352127612,-2.8326979357,-25.4119128583,-9.4872421956,-17.2759985271,-6.6358959589,-5.2167381349,-4.9257287394,-15.0906105276,-9.1554936779,-8.4087780266,-2.2701397855,-11.0537533272,-9.8335685147,-12.0474676057,-7.6297038095,-16.2535332577,-6.9936628295,-19.0214771685,-5.1773261892,-5.6718605556,-38.7357943579,-8.5145332833,-15.2804169203,-6.9531010024,-13.9136620553,-4.353773925,-64.3420725901,-24.0576973388,-4.676468051,-6.6176881126,-21.1099248033,-2.892223255,-5.2243530847,-32.1407931642,-24.575804356,-20.4452967386,-18.4150410172,9992.9983426628,-25.7727863118,-42.004236048,-25.6047957545,-27.8251249605,-6.5038687434,-19.835438128,-39.2998949417,-5.6059420259,-6.1308153688,-42.4052992659,-23.5261969353,-29.0234206428,-12.9098313753,-22.7197237653,-26.4453058385,-71.8738487904,-5.4288191237,-7.912861509,-15.124584766,-21.9670813424,-12.400989921,-4.8273559069,-19.5944527655,-10.8020064462,-7.216879848,-7.3539803173,-16.9562642693,-6.9252961037,-42.3348780197,-54.8864582055,-3.6328558381,-22.996941842,-18.6239785336,-4.4219708634,-24.0480802585,-13.8587281666,-16.7625703749,-9.8346554868,-6.9121338271,-20.6665647575,-14.9117117505,-49.4802182284,-19.2208483981,-41.1720489935,-7.9921603929,-11.2430431058,-15.2063046383,-55.4267512506,-7.7154886891,-7.5553313519,-25.8384751322,-43.938833906,-25.6335895234,-1.7301451804,-10.7252230911,-11.8835788963,-5.9799771202,-3.7471852631,-11.2556137732,-20.2336185443,-4.8173875136,-3.4959719205,-8.4613515614,-12.7212693485,-9.6804743918,-7.2831089405,-13.8183590993,-9.8659569937,-7.4020948144,-47.8664950959,-12.6757308138,-11.1620805796,-33.047219773,-24.9732425059,-14.7022605045,-21.925539607,-9.4507040661,-23.2830300269,-8.6998617527,-24.660031891,-4.1375572681,-8.8498796128,-6.046614634,-6.2747608362,-28.8650757267,-37.9770969856,-13.0696367256,-10.8765336541,-4.5777958698,-3.6981694315,-25.7492153648,-31.4665370611,-32.2105056048,-11.0665708705,-13.9516768731,-5.4037703352,-26.4469351245,-12.943156053,-26.8258246988,-7.3859228117,-24.0642292032,-10.305278742,-6.4949467621,-18.4470134117,-8.3343948812,-22.0304300303,-11.7998816826,-5.1381327902,-6.969742312,-12.0604668139,-25.6637972695,-3.7167544966,-14.9707593175,-13.2701129479,-51.7288731466,-6.6090515576,-16.2188874423,-11.6619963922,-23.0826848647,9963.9128287575,-20.7307046169,-11.3504810752,-31.5158325241,-14.6776656155,-56.3474499582,9991.5376547098,-4.0522799616,-5.6304334602,-13.6243374032,-13.1251492976,-15.3589741703,-28.0294061424,-8.1004637792,-42.3041623183,-3.5685825973,-17.5456358029,-9.6348279564,-29.4669083078,-29.9314450654,-40.4960591943,-20.1784786682,-27.9191929507,-17.5415652999,-18.2768803261,-26.9485525814,-7.1031333318,-11.8841520384,9977.2834359204,-21.6801559297,-12.9926844592,9983.7542173212,-32.7084830905,-23.9680399893,-19.7217336917,-9.8010519469,-30.7155535426,-26.9891511092,-27.6423825642,-17.0586389823,-31.478633928,-15.0480891473,-22.1881381527,-14.2861853907,-25.751011917,-10.2993886397,-20.2135022012,-29.8998563765,-6.1391159945,-7.4504654838,9983.012153574,-13.3402343626,-14.6516142881,-10.9560294872,-15.4534245078,-25.7235390804,-11.8833936052,-7.827767613,-16.9401239221,-12.6861673789,-37.041321028,-16.8371580087,-10.0826446131,-13.68166059,-52.837853203,-42.8757442591,9992.4110808337,-5.5078654354,-8.7325410375,9979.9969819954,-34.4749829052,-20.5877427945,-8.4616841981,-17.9980428837,-11.0514656356,-11.9808481004,9979.7538447141,9995.963620657,-17.1747334117,-15.3682558266,-2.6236669517,-17.1527854615,9992.6689191891,-18.081496551,-16.6731592729,-22.3660724609,-11.9403136542,-15.1211448042,-12.0531388076,-7.3762382661,-22.1837677592,-10.2052493471,-7.0212477446,-20.06700695,-29.4026469059,-5.0649974593,9989.5862846785,-35.8745608986,-35.7538102596,-18.4486633098,9969.2674946804,-63.2698642435,-32.5923173274,9988.7816602978,-15.7157474408,-10.5479937454,