{"seed":{"0":2125204119},"min_epsilon":{"0":0.5},"cost":{"0":1908.065},"time":{"0":15.9596188068},"rewards":{"0":[-20.0145459307,-8.9830917966,-8.3762261336,-11.266210709,-39.1478821628,-25.8888463638,-8.7537434028,-33.5685463528,-7.018582961,-13.0470292767,-16.0404344315,-56.4241462002,-20.058297346,-68.0207297506,-33.091566548,-18.4056086988,-13.6458010422,-28.8497495177,-39.4178750291,-12.5473545732,-11.0937701128,-15.406285783,-4.5315757165,-30.3469713938,-13.0778935923,-14.5764036221,-10.7132937595,-12.9039386535,-21.259215604,-15.9872167027,-21.2517146042,-32.8057455836,-2.8497051474,-14.559432283,-56.4862749059,-18.1054070178,-6.1184023408,-14.2663502512,-5.2465289855,-24.3240861792,-9.319878291,-24.3316011001,-58.9486711089,-20.6270343673,-3.8030122873,-38.3804668822,-9.0844165581,-25.7738657433,-5.6835918332,-4.9989282555,-19.2387122734,-5.360089971,-42.6479769745,-12.9804119603,-39.008287202,-19.8879403092,-5.0726223367,-7.0591256113,-68.2126790202,-14.0001963774,-5.3860717497,-11.5557234261,-23.6095237568,-4.3005152584,-18.7887287954,-34.8271369485,-40.3077348241,-8.4194501932,-55.4391566357,-33.1772394623,-20.8083758506,-11.7020801074,-34.0365384954,-40.2321372258,-93.5397203041,-32.4319690852,-34.1192150318,-14.4579529845,-13.949423844,-4.9754408853,-10.2963313686,-21.0385591559,-9.4855508437,-9.0848463413,-5.2879605571,-6.4028782525,-59.5333344596,-5.0013815827,-54.424200628,-70.7145962778,-9.5134460599,-7.9663016973,-11.0400740123,-5.7380511415,-7.3996920606,-40.3746751867,-35.959023385,-30.6111660924,-35.5787235922,-19.2403565211,-21.7377284797,-35.433200512,-4.1812141098,-57.8828376499,-11.0748595719,-28.3663234499,-33.9538430003,-23.1640346947,-8.7157607998,-12.3340586216,-49.3469037955,-21.2557437863,-29.6436508402,-25.9993514693,-20.864068804,-22.336659232,9953.6092172038,-18.4866130527,-24.7976115299,-21.4370427534,-16.9694441446,-28.0588359282,-53.417110418,-12.3734562581,-9.8936434783,-66.8458158172,-11.902489603,-52.9627496365,-15.1479230125,-8.5995223176,-17.7785767214,-8.0057970579,-26.8227516198,-28.9741000948,-26.461934147,-9.5699673357,-5.7287713291,-28.2393719478,-10.6061497675,-16.6819293341,-10.7688828726,-4.6213445979,-29.2527519719,-7.1592314243,-43.1494950918,-20.059982112,-8.6633694381,-14.4242837228,-17.0594554591,-42.8939310313,-29.7287501523,-18.6798551002,-26.5558653764,-18.9944241349,-14.0973095044,-13.4854774915,-18.7440414276,-25.181161648,-8.6112414833,-16.604259663,-3.5861963319,-10.2921292948,-25.5683737327,-19.3063097646,-12.7393971279,-26.2019913755,-5.621828497,-26.091695562,-9.6525624267,-21.1544769655,-21.577243187,-27.5491491091,-7.4488261849,-20.2138875357,-21.7660893303,-8.0175497565,-19.6376166681,-7.918253054,-45.8803009098,-9.9816053218,-9.0350666939,-21.859126944,-3.3721349855,-11.0687608629,-33.6572379116,-9.9838586768,-17.1143217417,-27.3942546374,-21.8383185384,-5.0940346905,-4.865845991,-26.6574101106,-5.5167820403,-10.8499502759,-5.8770886207,-13.7768636032,-53.4253696431,-5.4438819368,-15.7974438563,-6.1392462499,-15.1523670872,-7.2089461442,-25.395975,-9.564485387,-8.0245094583,-12.2919182016,-30.3600335273,-13.2394062535,-3.2209844258,-13.0980081311,-13.0723688908,-18.7053688851,-8.7459171579,-21.0839314275,-9.6725063912,-21.7175756186,-56.2824517313,-23.6558237875,-39.0838480167,-54.8376021297,-45.3325147146,-41.9406961115,-26.6411984956,-11.6593250495,-20.306481553,-12.6860756467,-13.9804910574,-38.2632954599,-20.4530499695,-17.3800877349,-4.2344401522,-3.7331797099,-8.456753345,-12.2556349157,-10.6480398989,-27.4923729185,-22.723873583,-7.5826857027,-44.3513693438,-24.7898583726,-33.1164494453,-15.8083950292,-8.8260171418,-4.0325615587,-6.9756073244,-11.7211216219,-47.5461075144,-25.5113194165,-5.3877779252,-48.5893632396,-36.9813082349,-7.8309214167,-9.7107975442,-30.021767034,-18.8909871749,-15.3674464668,-39.8796423647,-5.892103633,9988.2987448956,-7.3980428881,-32.0256704432,-22.005000918,-10.0304912886,-15.155006468,-47.7213155835,-13.366047698,-14.18788197,-15.6056133721,-10.4527664795,-28.4503125247,-8.4746125775,-19.7958502931,-9.0917829834,-24.1838532049,-15.9750465686,-28.4102128486,-16.1334292567,-18.0150881809,-4.3145460569,-14.8016890611,-5.776750666,-13.1763251899,-8.475094613,-34.9704993365,-25.7196811916,-15.3209013725,-10.8495028649,-13.1806429995,-26.7373125613,-5.854897232,-10.957207014,-7.8794282203,-20.7735723691,-12.3975235336,-10.2249696557,-21.0520284079,-36.3978725699,-16.6369498102,-19.7512092088,-16.2720888118,-27.9471434511,-11.1708727764,-11.8768230482,-5.214554299,-2.8799266726,-7.2022555964,-26.1913236687,-5.1390787898,-34.5650756917,-11.9706734973,-16.6412596107,-15.7246410908,-10.5609542439,-17.5498900127,-12.7456634356,-5.9364692439,-40.1546915786,-8.6635723909,-14.5974260222,-5.171207281,-5.7549311476,-7.7766867391,-7.8478673972,-5.2362742364,-7.2707945828,-27.7431740093,-20.1002123512,-14.126361257,-19.3807791236,-26.529064099,-14.1156960953,-9.8703938997,-32.6792550359,-11.3727541771,-36.5256039429,-3.1948184667,-62.1809155886,-20.3731233659,-13.1711613927,-5.3875017803,-19.7164410561,-19.589202233,-13.9100819697,-9.1559825319,-21.610333388,-11.209194089,-4.8520470991,-12.7137824892,-10.0875821525,-2.7316480455,-10.8973861513,-8.1762595145,-23.1611430735,-20.7551742028,-14.2791167918,-36.9881790089,-23.9564904945,-25.4023912474,-14.3409204494,-31.1804728013,-11.5784604576,-8.5052465337,-25.6582716942,-30.2464855143,-6.8586871819,-48.7320297312,-5.9260720497,-27.0699711834,-39.4065139255,-6.8330443277,-13.0754230383,-18.6393314321,-7.9025951105,-6.4742321551,-19.0937110249,-30.23544221,-5.8055946689,-8.3827095824,-54.2079659938,-5.1565086678,-6.3584666036,-15.7758751606,-27.8001964703,-43.5078817521,-15.4427747081,-5.1756555873,-28.0669151951,-3.9267382124,-43.7080147629,-14.231038686,-15.5895472866,-5.168788715,-7.3053530109,-11.2319045243,-3.3969405277,-5.8727356846,-9.4352551434,-6.9700187488,-4.9455979039,-6.6382837202,-17.4313203057,-8.477679381,-14.0262319316,-32.6006054987,-13.2085740864,-17.3029713925,-30.1738105711,-24.4418840127,-12.1982014869,-6.7125773734,-33.8532207784,-12.7421116407,-10.0889403371,-10.0263498989,-10.63792199,-6.7264652778,-13.7906605935,-7.1810515709,-9.2733790779,-13.3721014034,-17.2792249453,-3.6610946659,-30.0933560112,-23.6342326376,-21.4065472902,-10.4206058558,-22.3608453223,-8.8572958365,-13.1695002116,-8.1006829753,-12.3000619959,-5.9375119475,-9.8868608675,-10.0871438628,-2.9384013027,-10.566670563,-11.8736855007,-10.7943862861,-12.3671366737,-15.1480049641,-10.2287980006,-43.9432457191,-42.1828209076,-21.3870276819,-6.3122310648,-66.7881941842,-7.6632606627,-23.0145308471,-6.4129430776,-8.6762325417,-4.8627089216,-41.0059709584,-13.1114044766,-14.4291137957,-3.6320431134,-14.8938171676,-18.9897786012,-7.936210309,-10.3965337377,-5.4778196006,-12.6761579161,-14.8227492306,-2.0077751291,-11.1100864137,-31.3312461833,-18.3131209833,-2.6713626908,-7.3431935989,-11.2484692503,-30.142862849,-3.947102102,-5.5678954521,-53.7314625242,-15.9600239115,-18.3277246085,-8.7932584179,-6.0972896047,-8.0922828523,-13.3616281092,-5.446434544,-22.7183613573,-38.9853741882,-28.3013986706,-5.4920185398,-15.9100814692,-2.5773557855,-7.3886822188,-8.2158850139,-6.6578118573,-16.8084272518,-5.171186409,-11.414521142,-22.6416220351,-13.4075120298,-15.1998577598,-2.9705430926,-10.1867058707,-12.7897719375,-31.7519713703,-16.7959825795,-6.4973973413,-14.8265946617,-12.7819163787,-17.4909447212,-12.5568595159,-32.5450887179,-25.1019858271,-4.4146409045,-9.2132716158,-6.3616451721,-9.7106277989,-7.7021510719,-12.1631786183,-8.5317135951,-11.9148960226,-13.8458886837,-10.923269022,-10.8496012118,-8.3787260483,-10.0031645718,-10.8929472024,-15.3827048565,-32.905258132,-6.8518740141,-12.2047232867,-9.4615416124,-7.3711442143,-22.6079488816,-23.6926536168,9986.6256540323,-22.0853848732,-13.148060872,-15.2946993518,-3.3002484011,-6.3038858746,-26.9339049664,-15.4475416228,-10.9181815038,-11.2127620014,-13.5757119929,-17.2665498525,