{"seed":{"0":762772169},"min_epsilon":{"0":0.05},"cost":{"0":2534.662},"time":{"0":17.361713171},"rewards":{"0":[-36.8313028716,-21.7432610672,-5.430595198,9981.8598757099,-26.6509805467,-28.9949321893,-77.2241061886,-29.6153526495,-34.2797344896,-16.7758743133,-7.0386513262,-37.8135880844,-61.3313851617,-55.8864768534,-46.2374095526,-11.7448256825,-22.8527700117,-43.4477189396,-5.8413218299,-21.6255733427,-9.863519705,-57.9015534037,-22.5394451072,-38.9160469885,-10.0419765793,-57.0279241646,-13.9518047982,-13.8905533173,-3.7366781639,-18.5962968527,-56.3456155773,-45.246058234,-19.6989867029,-25.0743219293,-9.6834464745,-9.0008995369,-25.7408564917,-24.4823073651,-13.4547839868,-31.5975663393,-46.4227884686,-88.4709448504,-26.542184884,-27.2294042315,-36.2687543291,-3.7679204429,-27.0388722965,-27.082286148,-17.7182843821,-27.3130690429,-10.2689513277,-16.2435129698,-9.8927192617,-17.7868550092,-31.0157591447,-78.6385941826,-45.4498340146,-18.972622093,-25.2112889171,9949.8504807427,-25.851488374,-18.9967355589,-2.1144783757,-15.8480476174,-24.8937428265,-31.1878904222,-12.7717185178,-39.0535012488,-3.7365074293,-2.5294256329,-14.8073380941,-28.4607464948,-9.6198965923,-29.750331826,-16.7724731509,-23.2227155195,-36.4638552709,-4.3636225588,-5.1973589849,-23.8646612746,-25.6894442655,-11.5366467509,-5.9525173538,-5.6957353913,-28.4136096639,-20.4174873208,-18.2712773209,-29.6168805349,-16.7799362821,-27.5816198766,-10.6249910773,-45.2791342429,-14.9296350018,-8.8545058213,-27.7880313007,-11.1213619704,-31.445020221,-12.0723314872,-39.3032512079,-7.0320906123,-14.0408014233,-7.4101089452,-13.667420045,-17.6521270714,-10.781130474,-36.0000276731,-28.2382501519,-30.1357572832,-45.5684065592,-38.6793368697,-43.164878716,-34.5374543495,-10.4289997902,-22.1297711501,-17.0183397521,-73.8266788221,-4.669374184,-21.2879483122,-12.7780338026,-15.2534636891,-10.9391018956,-16.9426193263,-43.5883774591,-6.2280721522,-52.765955581,-30.6820582934,-4.2078604255,-9.2365717877,-27.3313532297,-19.7680096658,-24.5219820263,-5.4139480781,-7.0479759259,-10.9373032374,-10.0064361608,-4.7067890313,-4.9365546017,-27.9824554104,-16.6308574588,-24.4287110164,9964.4723731565,-21.8413099355,-62.8979225705,-5.9737721068,-28.6924836027,-4.963374473,-45.2701969497,-20.9260266468,-16.647630452,-40.4391633231,-34.3727112203,-6.4128429444,-14.3732131143,-31.6360882478,-13.9129908447,-21.2599241271,-37.6356184776,-28.7062383114,-5.3635697276,-10.0391856041,-12.0285738791,-15.2474837245,-18.7178936447,-33.3999424925,-9.5972336041,-18.2416944512,-25.6617366659,-6.0393659206,-42.2365075086,-43.2609363682,-9.8451831325,-70.4447215292,-29.7843755712,-9.0994596111,9983.697476393,-18.0195529194,-13.5721307238,-27.7846112536,-44.8371282482,-106.7539248281,9982.327458547,-17.3425961347,-18.0796608838,-19.0366128497,-32.6541366828,-5.8421257137,-27.8640363245,-14.8403522407,-20.651697029,-18.1925086163,-28.6992159118,-18.6327084993,-54.1415919195,-24.1412325858,-14.5483588121,-10.2663908755,9959.106360519,-12.6119109968,9976.8240774724,-76.6352006057,-38.8758989771,-57.2708978053,9951.6199853059,-18.0870753978,-43.4982877656,-23.3533964643,-23.0492930457,9950.899612977,-66.6271191708,-5.125291765,-34.274730774,-6.8463795671,-41.0846914384,-4.5850411485,-4.4478108103,-24.1612073709,-29.879818125,-38.888849142,-51.9380848171,9965.9750619709,-13.555838127,-15.423669633,9980.3162310175,-61.1715535395,9905.8306747805,-11.0369891374,-40.4337364543,-19.5385424913,-27.5584460053,9981.0362409085,-11.9975357935,-5.3301323166,-7.9390072831,-33.5134124309,-9.054164324,-47.0984169272,-9.9727245883,-24.0883335518,-5.3021401802,-3.7222098125,-9.6339446036,-43.473015541,-5.7075286092,-25.3690872315,-53.7516741798,-20.0888343944,-28.1034459434,-26.7845114312,-4.9367404801,-7.514524114,-25.3948335694,-18.6548927389,-41.2555076278,-17.936536833,-22.060581831,-8.0097997062,-38.4385515845,-26.9462887696,-32.067192566,-35.2788289085,-9.3232906964,-26.2399390564,-52.8436764192,-29.846652508,-84.476178919,-41.4174799168,-12.7311625257,-6.5866817784,-9.325559288,-29.716017339,-22.5798315624,9923.2071774068,-8.4411371698,9991.850867435,-13.804326354,-11.2272439626,-9.0939472652,9982.9822424907,-23.8864171309,-35.3368624772,-38.1916460515,-11.840530583,-26.3048352027,-33.7620928623,-87.5796914271,-24.5996036284,-37.9406663545,9982.0037112453,9959.1188512129,-23.9882882854,-7.2951723374,9978.3082625923,-12.3184228987,-14.0780094816,-39.1594376382,-28.1240227402,-4.7169025865,9984.5646138319,-41.1859759428,-10.8088527962,-14.0340398497,-4.6509892554,-21.7361844515,-13.3879064394,-32.6824365177,-35.2563009341,-29.8638889674,9987.8575602234,-20.288519537,-33.7416558138,-22.666942413,-39.1968932672,9958.0033869578,-44.633228843,9948.0769770475,-40.121882786,-44.1571506259,9989.4855494225,-38.1223705491,9987.4221640315,-53.4630259635,-44.6761196146,9973.4027402309,9955.4188883094,-23.6992143672,-77.4196532776,-6.896664042,-31.7193905268,-33.1832497023,-22.8698552684,-57.280903628,9987.9288487135,9970.194583293,9969.2453652846,9948.1089359244,9985.5480170478,-40.6989194386,-8.8307898099,-10.0449948836,-18.9354455486,-23.714046278,-22.8609655444,9939.0886949805,9939.715718846,9965.9377142978,-5.9198029176,9958.7965062084,-10.6651195764,-9.328696775,9984.9441216747,-36.2263628571,-49.845022882,9990.5620291229,-16.8310725932,9979.5951175891,-20.6084722456,9917.8932024332,-5.7764312845,9990.5988947129,9969.5887414887,9987.2844024593,9970.9469137235,-16.1208441022,9956.2613093783,-5.732071057,-30.4552148635,-4.0581459226,9977.43181125,9968.4386125847,9938.1994268839,9989.6945914712,9977.5608763139,-16.173383424,-3.2413330533,9991.0697623641,9991.7281660303,-22.3780723379,-4.0758332493,9960.2145639438,9947.4213570146,9985.3252160004,9974.4346467034,-33.3811444788,-7.5821462659,-8.7542929731,-28.6299974454,-10.0146918372,9977.4464369058,9974.9835693513,9986.5027476886,-20.7663317915,-12.2613135447,9964.7787920066,9977.5668708191,-8.4784536167,-10.636300957,9992.4447343265,-8.4258322375,9992.8120213132,9971.2145595866,-27.9184770923,-21.7857936188,-12.3872517976,9979.7351316045,9960.1769563108,9984.5287619611,9986.9002975195,9983.9331508264,-10.6913661677,9982.346140361,9980.8920018419,-26.0856506572,-31.7676418083,9956.2007447432,9976.9889024115,9971.7878535547,-7.9636531797,9976.7728737771,-14.9740893683,-15.8677041714,9964.4266617241,9982.3642185925,-28.493096911,-18.0047394563,9993.0511945925,9988.9485369942,9963.9790806393,9987.8303916509,9982.885159888,-40.8668597069,-6.1189353404,-14.5668591928,-26.358426483,-21.9237740858,-3.4049863604,9979.3769308985,9952.6771873481,9970.9784936037,-8.8901734742,-15.8211551059,9990.9197053145,-3.1625225581,9993.0694754965,-21.893813083,9986.1752030741,9975.286863888,-37.430850613,9964.4744979229,-9.1377623127,9978.9932857222,-67.2770419566,9982.7769655512,9978.5134100814,9989.9887313921,9987.6885937665,9988.9247959855,-27.9441505548,9976.5043975782,9988.6460196301,-19.423649142,9992.6392870339,9988.1934654584,9979.1650312005,9995.3072995437,-2.2679116696,9983.7835946747,9992.0778784172,9987.8835164064,9977.1089351834,9976.7674053544,9990.2699012427,-23.6390380909,9968.6991209441,9988.0357658363,9976.9407359409,-16.5526160353,9995.6632390123,9990.5133773792,9970.129944871,-4.6932821489,9989.30935126,-17.2168702181,-22.17633617,9958.9607109131,9996.4245466245,-31.3900128466,9947.8733048677,9952.3812530887,9981.8790293097,9980.5095238201,9952.3810121226,9974.663463186,9951.7000628389,9972.3744501531,9983.4771457305,9954.7210648371,9972.7699827402,9985.5269024114,9984.4701398959,-3.6498540252,9989.4835807611,9993.9520602802,9988.1943692765,9972.2020349227,9988.0710447309,9982.5517831872,9977.48875256,9981.6348713001,9977.9574962984,9990.8050712716,-31.9313100146,9978.5082411198,9986.4513000145,9984.8934784132,-2.8894990324,9989.3496837583,9982.7160532246,9983.1972889915,9976.7863176322,9975.6167004938,9975.0930557707,9991.1626359717,-8.3379396035,9991.2944192584,9982.0975258432,