{"seed":{"0":1384311643},"min_epsilon":{"0":0.7},"cost":{"0":76646.9999999987},"time":{"0":16.9818971157},"rewards":{"0":[-21.7862548333,-33.5544847494,-18.7459093423,-21.6422827273,-5.4670862751,-69.683886632,-96.1771367914,-11.3121399643,-103.7060636699,-65.0036616414,-35.3133361782,-36.5194152385,-4.1627060976,-45.4273611846,-44.7996160417,-4.9006776258,-54.0434892671,-40.3814128584,-8.2023942377,-37.1758446824,-33.9307257871,-17.038339473,-3.859662901,-41.7908369849,-24.8222300364,-36.9521981388,-21.5869632062,-110.7540564917,-5.7432233766,-19.2369370459,9990.1490056375,-29.1478593673,-71.4070327263,-11.8459398766,-27.1978405519,-25.433436083,-50.6926960439,-6.7167012376,-33.5910674926,-9.806464459,-27.4265708784,-9.4379338844,-53.3493775997,-6.3070863313,-83.5740403862,-86.0818519386,-39.990487386,-9.6776137568,-23.9844624599,-26.743677667,-36.2941560379,-12.0305498165,-7.2183325514,-17.5530867251,-31.5786747371,-33.4313027784,-25.848436142,-18.5007226775,-8.2942245239,-29.3923426762,-24.1823372631,-48.465553997,-9.2699014056,-30.8750630923,-17.2699728505,-11.3859439094,-16.1869191463,-9.5808795285,-18.0951461297,-24.1897876678,-6.8612039406,-33.6599481333,-21.5979803292,-15.9603056156,9938.5710076197,-80.9858143009,-9.6434434972,-5.5708893133,-21.7778832607,-6.7018489399,-5.7251372444,-32.1685846643,-9.9248596246,-15.1154084102,-5.4030328428,-16.3568009077,-9.2792224704,-6.4666964835,-27.1926543038,-14.3512618984,-9.3074532129,-17.2061742381,-29.7094111448,-7.0712979776,-21.9460902916,-10.175018698,-15.2228665656,-23.0442489887,-27.4299798195,-18.8844882636,-11.9473072491,-31.2324782875,-25.6019414768,-29.8309705254,-7.959552401,-26.6064688576,-26.2827730718,-47.5485196856,-21.0054344856,-26.2810366915,-31.7275293057,-17.8066046167,-24.8378799995,-26.6286644382,-37.7173733409,-29.4912102721,-10.3562443018,-12.6080921651,-3.6794101585,-59.1535101325,-51.6663624521,-28.3908859314,-44.9225133772,-15.8211233366,-4.8518431101,-23.3624896285,-13.2158612035,-35.1272531617,-12.3757448174,-28.9200853625,-33.8066524679,-10.7160643999,-2.8852146055,-19.7370256027,-97.6695107712,-36.3293051091,-36.6141646123,-21.007414787,-24.4795402933,-56.3962427075,-26.4436853262,-9.801061887,-43.4569385562,-27.7452969473,-20.9624008498,-15.3201637014,-40.1166783649,-15.8093329022,-19.8770319853,-19.8216771736,-22.2515834103,-25.2657201983,-10.5407026074,-5.1182680524,-45.3546215023,-5.4705893882,-15.6216330345,-7.4993334151,-70.1798880762,-18.297055261,-8.9352904777,-7.227051686,-11.7596420154,-24.9898343903,-31.1127616474,-8.1125407188,-38.9177335209,-11.3916275735,-28.8483400161,-31.9912896663,-10.9375917734,-12.0774149814,-9.8840715322,-28.9421536028,-16.3711342967,-54.7145617259,-54.9195272244,-4.8149918032,-24.8755892465,-21.616764147,-45.9469442761,-35.3218317285,-85.3773204722,-30.1277050206,-12.6734737556,-39.1808080332,-13.8686297212,-8.2377411728,-9.6643216943,-22.0083277241,-18.6522392406,-16.4708331231,-33.2639838224,-20.2066297921,-18.2985259588,-18.0142037959,-24.5369685638,-46.7913796378,-23.2236690819,-40.5164487805,-28.4645157883,-15.0933718459,-34.3979320401,-21.482710685,-4.3103249042,-21.5808506023,-52.1299453775,-28.1649578751,-41.3811950564,-38.696749837,-17.3937065511,-22.4628417882,-23.2490892279,-9.6755123325,-31.6475451295,-9.3683968156,-29.3903453688,-44.4952418744,-17.2187173585,-15.6835773692,-35.631940516,-13.1022959591,-37.9015178286,9984.0634043332,-20.4773024723,-11.1516556614,-34.4609868552,-45.2130658026,-12.4255233212,-12.3265822077,-40.5911857397,-33.5284655187,-70.8826342021,-43.8240410537,-44.3209310825,-50.6448961721,-26.6658643334,-13.5095294344,-38.2416362171,-31.6621479979,-21.4983733846,-8.5128382113,-7.8688544758,-18.6668239681,-35.4105697209,-15.9555066295,-11.0054413184,-15.7319377398,-14.2998916718,-44.0462480636,-10.9129902386,-29.1020619116,-18.8762157973,-5.9527190097,-29.730536543,-6.8706775955,-3.3498039287,-41.5983921041,-29.0193975742,-12.3572757959,-29.6466225744,-23.2878216336,-15.381826257,-18.6158881041,-14.8630868101,-45.9894423804,-32.0431382241,-14.5792340313,-27.8418838151,-3.4723878448,-22.0929431382,-19.4710810161,-18.1324216854,-13.6392911812,-50.1876455626,-13.9290635894,-29.5516721372,-24.1439561934,-14.206367621,-28.6775485305,-3.6535659359,-10.1179056077,-39.0462485705,-11.1430076618,-10.6853284236,-7.1956773246,-39.5027628202,-33.8584135309,-7.3698973519,-49.5721075573,-32.286044667,-22.3383075531,-27.2484036896,-7.7380312347,-52.2913173281,-19.3658312623,-8.0136027976,-6.9195830502,-66.9401320467,-8.6893926279,-28.2236314868,-10.3352465788,-17.3247400324,-28.0994877734,-28.4323112507,-55.9847289446,-61.0979405082,-31.2217803361,-21.0825661059,-9.51743337,-74.0340941862,-36.0813261454,-20.1740287131,-4.6355276869,-19.7236900947,-13.0382357574,-21.1810493894,-25.5396787885,-12.3379901234,-17.568489397,-6.6524338934,-4.7150890955,-40.5288267039,-16.6467624898,-4.5174187866,-5.7395281091,-7.4516345306,-8.7424507505,-5.8769442247,-36.9570920048,9978.6232435672,-4.5900362159,-24.2372363448,-38.7793642412,-14.0624763786,-39.1969020146,-15.6337879456,-35.1579115002,-47.9076254494,-7.6007069242,-53.1884091397,-16.1857002445,-40.9779457542,-19.830954963,-27.6473144427,-17.367284183,-15.5780982497,-26.0527464021,-45.4871194085,-40.787882526,-29.1098236624,-3.5881488407,-2.787515699,-6.7463423539,-20.1221291437,-45.7359056528,-41.1632266908,-23.166515401,-72.416850145,-5.0081495977,-36.2279293888,-17.1874591377,-5.8212238065,-36.2752058099,-41.844673347,-3.0076570161,-20.9702318268,-5.681081125,-13.305524153,-54.4658880917,-49.3407616068,-55.3913535661,-10.6115697572,-54.4747682706,-31.1409732585,-11.4168104626,-25.9614479899,-27.8176543445,-10.2880165091,-47.4337181394,-13.899599009,-29.2892544975,-35.2151715396,-9.0131881677,-28.2822239492,-24.2717170208,-70.8059560701,9983.4463133701,-15.3948626112,-8.2742195452,-14.9772477688,-40.3694090118,-23.3637821727,-35.6557020022,-67.3647627717,-5.294047416,-55.2615384748,-3.0740173554,-8.6680936261,-31.6011031666,-31.6127756041,-43.6720264294,-29.2918164903,-27.6895611653,-3.1017757369,-23.8859739722,-57.0398770473,-6.5083506629,-89.8289091125,-21.0312003225,-44.0732257966,-19.4921846781,-6.3279652777,-17.0830517409,-28.7432329433,-51.0205916896,-17.1409275834,-16.915063348,-43.3681363362,-9.9379381143,-18.5909090848,-19.7409213193,-12.7162986278,-14.4681244026,-30.8146252851,-34.1005543619,-14.1099359276,-7.3839704316,-8.5173561791,-22.6812956088,-9.2785943316,-34.9021012492,-36.8438096824,-24.0804058885,-10.879666696,-10.5723549424,-13.0141678012,-62.2481399884,-12.9803153386,-30.9935638244,-18.7261925242,-36.0506954025,-5.2156187091,-19.7318748198,-24.6967753616,-30.0882084398,-19.5028264594,-9.5973590809,-60.2634698434,-17.5948026213,-25.3014754234,-85.6386754359,-11.605025654,-43.8639861735,-18.6819292426,-29.2420994652,-81.4014041662,-36.9660147846,-15.7178365089,-22.6074566694,-28.4105548266,-34.8084605768,-29.5329613484,-25.5882781322,-29.9212961847,9961.121058217,-21.4632284546,-84.6611650625,-6.6153893625,-20.6100025997,-9.7829848196,-32.7023350553,-20.6775323909,-30.017961412,-4.7643835706,-10.4762789836,-31.3867089202,-17.6943894944,-25.0041909911,-11.7230689006,-33.8308312022,-65.2916493981,-19.0777089293,-3.8064564779,-38.9237652264,-9.4086123151,-13.8944731856,-70.0268632554,-8.0174491215,-21.4443684535,-30.2125441435,-2.8151637148,-15.5904480249,-34.8330642333,-29.4060613138,-49.7086077493,-17.4799482909,-21.9224278236,-9.7896537827,-6.8929625465,-29.3624359171,-7.8216900167,-22.3222564283,-25.6909111224,-15.4027142065,-35.3096824187,-13.9714685265,-14.0691579662,-51.1097978837,-15.4495207071,-9.0193139818,-16.1040532262,-11.9764045575,-19.7912924717,-37.7483580423,-41.8583993237,-20.4871752612,-47.2116969024,9986.7593096602,-52.6425135216,-22.469836298,-16.5732038575,-34.2580019487,-62.9380667338,-50.9006935497,-11.6575365084,-63.2653753442,-7.280282087,-51.035677808,-36.3564503055,-18.8702361873,-54.113979208,-21.2868116898,-25.2106868132,