{"seed":{"0":188312339},"min_epsilon":{"0":0.05},"cost":{"0":1722.601},"time":{"0":17.6901540756},"rewards":{"0":[-9.3858506631,-13.2691318754,-15.1111874639,-42.2039129398,-30.0940681263,-15.619954295,-33.2496974721,-13.3002145733,-10.8987490495,-8.4393198791,-10.8709045123,-23.4879070247,-23.7678741269,-31.5923106586,-13.8137886473,-29.9514952681,-34.3571236883,-15.3762039581,-33.7250433289,-7.638732646,-28.6196506139,-33.3039344039,-41.1629256851,-6.5715769105,-32.0708371921,-20.6615366816,-55.2430184786,-18.0494649004,-18.5792629721,-5.9853326468,-35.4621335424,-9.6144436206,-65.1309057377,-38.7866751852,-16.5819599111,-10.979059179,9973.9495146411,-11.9091612172,9989.7899364532,-11.0920926,-20.4522140121,-38.3169309613,-28.8091516808,-18.4094774727,-22.0835797842,-24.3666876518,-14.9465756171,-9.5014851827,-41.4663778259,-34.1402844394,-56.1738694027,-44.9865746601,-13.2471947699,-64.2015530203,-26.2817498113,-16.9219158811,-22.1843335942,-37.0600192627,-6.6005504719,-57.6386923753,-17.2579642569,-6.7856457482,-25.548797882,-7.0348132054,-67.8545157734,-111.9763032642,-23.6840053299,-58.9514750273,-27.8356346261,-29.2271880953,-15.3206499196,-28.8270278871,-26.7351507708,-19.0003297158,-46.9766671257,-20.1287275962,-30.2105228238,-25.7856871868,-10.2107533258,-46.4729317548,-26.8056356232,-9.426864235,-8.8068730183,-33.2546343344,-3.0069028749,-14.8459741759,-28.3519555437,-55.6813039644,-30.0755911058,-23.2268006078,-31.1130129082,-19.8630545479,-36.7247424565,-20.7539521705,-11.1823760305,-35.5177817516,-28.0600241943,-90.3529160017,-29.1379489365,-36.4693895526,-15.9648269255,-37.3831556262,9990.2168543938,-5.9362424867,-22.4540292884,-62.5901705341,-13.6045111849,-17.8723875082,-11.2133230324,-39.7441836127,-24.6818711032,-69.0390068534,-29.5865060336,-20.4449941423,-15.4811301956,-22.6751170132,-34.5630767178,-15.0373313014,-5.9433160395,-21.8779194271,-48.8141778829,-21.1201332528,-17.6726002087,-6.0036843736,-36.8996558037,-18.0413896072,-15.8668565706,-18.7093755035,-54.9261400905,9989.223526705,-22.4873906275,-20.8092587781,-31.5038074168,-18.3717410278,-68.4661039407,-12.8850030862,-16.7753273829,-32.2125368104,-45.2326036256,-26.3444834154,-23.3998496244,-33.8135058214,-40.5912133574,-37.4814265023,-22.7533520937,-35.7584769896,-8.8620142107,-31.5109313188,-3.195032788,-28.5436920085,-24.3190368276,-21.8822413424,-20.0314021608,-45.0246866522,-21.4963261471,-24.1108703204,-29.1888908141,-18.2998801082,-9.7019089067,-14.0724963988,-16.6037411628,-18.4548346228,-27.2873917904,-10.7943270796,-13.2659996919,-16.1397761455,-17.9125101298,-45.1978392358,-44.8164916977,-16.533894573,-12.0181339049,-68.8785098453,-14.3664850801,-14.0222679417,-12.0135778359,-21.1480377409,-38.6940009873,-15.0886743526,-18.0760729442,-42.2696503997,-11.9060408417,-23.1405795187,-8.5853892969,-25.1377827465,-38.4191119433,-23.2776587468,-22.6543030502,-37.3189564807,-17.1066935275,-31.0915283729,-7.1877289821,-21.4735957281,-22.4131572753,-18.1592655051,-28.7562411869,-9.2092395987,-29.146904257,-15.3554152728,-30.1579373423,-6.5905546252,-49.4079348465,-30.7253479195,-18.6821152694,-10.0692254806,-27.1274536271,-10.4639228757,-19.7440960051,-35.5857609994,-39.3922417533,-20.4749163799,-4.261778695,-3.9634001252,-20.2520652688,-28.3020536897,-27.6380891944,-33.203605618,-13.1750902614,-9.3314829207,-9.2437817041,-15.0577710759,-8.3543161348,-12.3279097825,-46.8772564546,-42.4272230765,-95.7837784223,-55.9023832916,-33.4523014082,-13.2777433508,-54.0567708017,9989.8940941589,-15.6374433606,-10.1238620787,-33.7372014486,-16.4551947988,-27.8414219729,-5.9372447794,-37.2604725499,-10.4574119293,-15.116121162,-30.4378750222,-33.9325950542,-12.2090298087,9982.9905088875,-25.2148823645,-11.8229995527,-10.3032383048,9988.8598138381,-21.0327437487,-39.1862945162,-15.0834634813,9987.293457971,-23.3971632593,-31.2455211033,-15.3814545209,-21.7786827257,-61.9743698785,-32.6073552695,-37.4574124076,-9.948462669,-3.8815330665,-25.3425956051,-35.7890131319,-18.7899408414,-18.6944699029,-13.0339933559,-7.3280978126,-43.7504493339,-20.7590097128,-16.9947795225,-12.2787818907,-12.4398118464,-12.4683637575,-35.1653602776,-37.9472218963,9991.8642522258,-25.4439764936,-15.1060804389,-43.8313121235,9958.0670278348,-8.8675830969,-2.7024778684,-8.833847862,-5.141430537,-38.0793820468,-11.5610792547,9970.3311484986,-35.6345093665,-10.8271522309,9963.1017027719,-31.7280912248,9974.9880828049,-11.546315598,-22.7111498615,-28.5781282122,9979.014216325,-38.7677503355,-18.3018750933,-8.6082230006,-14.0158069527,9934.0779024879,-55.0542908713,9956.7875081644,-74.3170218766,-17.8979607259,-25.6212443684,9916.7233952834,-31.756767158,9952.7620707931,-29.9003757066,-9.1987430676,9980.5188256385,-13.154052484,-19.6554547482,-26.8180399775,-23.0093628629,-11.8219987257,-31.830263353,-53.6283334208,-55.6439991583,-37.0074500177,-138.5454482462,-50.4514009848,-9.9975615843,-17.7254289552,9980.6472560679,-26.7857751703,9965.8034517492,-44.9558082331,-4.9291900215,-25.6323437664,-31.3269428199,-43.3993273237,-16.2609601214,-8.1128826552,9952.3945800957,-35.5394691266,9967.3394535965,-25.3212653715,-11.5618524691,-103.2768033212,9923.7738889045,9963.8061393697,9913.468637718,-10.9950562824,-41.8017646742,-39.9294890441,-7.6665019582,-18.1447391511,9975.7271639907,-8.2636099956,9920.3407975431,9987.7862599232,-26.964458142,-35.7618757754,-20.4164784537,-81.801930954,-30.2397715683,-18.770759884,-21.3161039546,-5.2340913827,-56.2580018072,-65.8998100852,-84.5181835586,9990.2481506787,9973.760337273,-67.122205493,-31.7780174176,9980.8881689838,-88.4995987938,9992.871304393,9979.2064636148,9938.6473481914,9993.6180131835,9963.5347252709,9980.7539396126,-27.2593082633,9986.7558880149,9922.431323575,-28.8877944599,9968.5971668421,9986.385339284,-25.3331446516,-13.7695571312,9984.1776123901,-25.5545685805,-11.2888576794,-34.1614020998,9970.6603555992,-21.087535996,9988.8281709642,9943.4237386608,9992.975248479,-18.6434146011,-39.6199551434,9955.5106960864,-46.1249533582,9852.4414162991,-12.8230672125,-22.7253346866,9972.1314356164,-18.9606744892,-2.6776824507,9918.3450046272,9938.2569487588,-43.3388577325,-29.6404881078,-23.5574729844,-22.6243563004,-47.777138176,-28.089095811,-27.9770719067,-9.2033831153,9973.7614545612,-27.8362870053,-34.208715834,9982.1446842547,-21.2477571815,9971.5051715706,-66.7860364363,9980.8828663807,9969.0419942472,9983.2412034212,9972.113927466,9969.8880195862,9936.7831181531,9948.917809906,-29.8646981634,9955.4975470264,9969.9293655151,-61.1890661006,9962.7237908462,-34.9460619444,9975.3565025592,9984.3196104995,9992.3505828987,9977.8857029573,9989.5944135567,-3.5068598391,9987.4601325874,9985.4310046973,9982.0497714792,-10.9635145948,9986.6743058073,9941.4982179039,9965.57655593,9959.0062599789,9982.5608252391,9994.618180658,9979.5173383093,9970.871942125,9986.0341482642,9978.2810201893,9985.6177687383,-24.1769655889,-6.6535325372,-23.7522203894,9977.5305696204,9992.2030779852,-9.8014520535,-10.7393320982,9959.1547605883,9981.3472548719,9968.0744216987,-46.397453696,9987.4918415905,9960.6688389307,9964.3640434546,9979.5307202303,9976.4774369265,-9.6666293605,9991.8380063346,-6.8475055273,9989.3999300983,9991.9957977233,9975.6869415946,9981.0941251388,9988.1246650503,9996.4958802034,9979.8029836998,9993.6242043486,9982.0613593289,9991.2307987887,9988.1418961247,9988.2951231402,9944.3999097282,-5.2131573933,9975.5859202497,9994.666717746,9987.4388807644,9992.9264875057,9994.3234495975,-10.1829545655,9987.9716696542,-7.1282849419,-18.5637812381,-27.7686345205,9938.2959106353,9991.544739932,9969.8900686262,-34.1819439762,9984.7477859976,9983.375754147,9995.8489869249,9985.9145620226,9994.2509029184,9985.2932196162,9979.5211846572,9990.1265567548,9991.0876021906,9983.8898490854,9993.4992100795,9980.7196184597,9943.0724095628,9973.5429186905,9994.0257825174,9990.3783073403,-14.3833093477,9986.1886625808,9989.5975987226,-38.2611325398,9995.0247496672,9984.8861905077,9989.6841863165,