{"seed":{"0":1822174485},"min_epsilon":{"0":0.7},"cost":{"0":63424.2360000001},"time":{"0":17.6776707172},"rewards":{"0":[-67.2737743315,-24.6753336542,-13.8305360052,-20.0514431453,-5.6049923875,-8.7793178609,-6.8791361566,-14.2543344675,-38.4857962499,-51.1598855331,-8.0860650677,-24.6791194475,-34.50557639,-52.1389011631,-9.1535624143,-29.2811447557,-12.3494566711,-15.3571907701,-68.461156372,-42.4326998216,-12.5516156316,-75.3255840843,-55.1102808999,-6.8282532963,-46.7675621799,-28.8974815265,-57.7444397193,-13.2116751977,-41.2360926433,-28.6418328608,-46.5221432516,-42.6659736919,-13.5352217697,-53.579359261,-5.6628971046,-13.3745747482,-11.2731881412,-22.710117005,9956.5936006428,-101.4077686351,-8.0332244205,-16.5181116861,-43.0803757421,-13.6063282287,-12.324043992,-18.5314007506,-13.8570873094,-17.8583087025,-7.8758688739,-73.1993001381,-31.6114545581,-31.1058656424,-10.9063398977,-29.3038085856,-23.9964736253,-29.5678673444,-24.620677754,-34.3713823738,-27.6436499997,-24.7682707523,-17.6897188195,-28.7909036989,-7.8845074664,-29.7021743388,-5.8365406065,-4.7526056504,-2.864460257,-37.0761831776,-34.9077308567,-12.9254161761,-52.8427381668,-86.4179375457,-12.3448792855,-26.8873632393,-12.1776172359,-29.3957839559,-35.5802512635,-37.8770587729,-27.5298303116,-58.8285356652,-13.4568061093,-15.5045703139,-32.6950788973,-17.7917616721,-58.5892211716,-9.1031344264,-57.4085485789,-5.8020088379,-16.9734026369,-40.320987202,-49.5650663702,-13.7627581995,-15.1271971888,-32.0886615733,-25.2633956666,-54.5663940914,-6.9997444796,-14.9902145814,-22.1941713835,-13.6006432788,-27.717318948,-6.5261536404,-4.3888443462,-79.3793102408,-22.6512068718,-15.800021884,-7.3396493258,-15.5684167848,-26.4182947181,-16.6324366565,-12.7973705824,-5.5235323421,-51.3670546359,-42.8647927095,-22.1655420106,-68.9471815469,-37.3953725612,-4.4367151001,-18.9314708147,-12.2288103899,-74.2948456739,-44.1112866554,-28.0112193131,-3.5143779059,-49.892858078,-9.3566338608,-31.2242677959,-18.6882355387,-23.9907529599,-10.0279382358,-19.3825294477,-13.3146246919,-9.1764353029,-80.9034391483,-13.4362105157,-37.4834351949,-13.0094308374,-22.5809843106,-19.0998330391,-13.2079137835,-39.6635695697,-26.2671961804,-13.1629670736,-14.3170007228,-4.3772925563,-6.2467143725,-18.6262142349,-47.0314535196,-16.271230678,-3.6580183737,-29.1468981011,-70.9363605322,-42.0810713867,-3.2909079317,-9.480330428,-18.2392257813,-46.8967545011,-18.0162372053,-18.770182011,-52.056539962,-15.6356178195,-32.3588664295,-11.0868428622,-10.2132692919,-38.1077021013,-77.9284087969,-51.7508069006,-4.6705462257,-11.6543103177,-60.7003594099,-23.677958963,-8.1688652209,9935.4835096543,-63.8577402839,-17.4070789907,-7.9886522998,-33.4938913105,-10.9686925269,-15.076627655,-14.9508988823,9970.5393937038,-70.2117682107,-22.8574166811,-18.9366055676,-6.851780024,-61.9430581651,-36.3490398112,-58.2192973664,-35.9756499182,-16.8545603204,-13.6277532101,-13.5736739582,-21.8155311486,-6.5181564232,-34.5952800262,-22.7290824907,-18.0468507244,-13.4217008899,-20.2175854299,-28.4106487997,-21.8312868845,-37.4673847833,-58.0009899373,-17.5924665294,-11.648157509,-32.4569465844,-48.5151345993,-8.8002550586,-19.0200268234,-36.9000085687,-66.0921592048,-12.610532523,-5.6237553942,-6.8209755939,-31.1974991352,-33.8898751693,-5.6463713812,-17.1534355515,-9.2826272518,-19.4677307406,-48.900782675,-14.484338902,-5.3322602702,-60.6040765886,-10.6590045244,-50.2627550568,-19.7016830675,-22.0406272411,-18.8496908878,-44.1339455428,-17.990100926,-18.755725555,-30.8461264269,-20.3848311306,-13.0357411496,-12.4348335637,-6.6007448679,-19.9032911096,-16.8618273463,-7.5872054419,-34.3738430883,-60.8599329972,-57.5344494005,-25.1112089771,-24.9923578151,-45.8631032565,-22.875601928,-23.0989140904,-39.5633106329,-8.556518806,-90.2450688211,-20.7901621757,-16.4226542602,-33.6485875207,-6.0093550405,-3.6650002562,-52.3039501749,-38.0725813287,-30.7927459223,-21.261668829,-22.3513726105,-39.1597319195,-23.138266188,-69.2492222886,-10.0155393295,-30.4736058865,-23.3441365002,-24.2784970198,-30.4335891375,-16.8627456088,-31.0702463215,-25.0016935462,-57.2762014413,-10.383686954,-23.7492939087,-10.3431010366,-21.0334752572,-38.7135443377,-5.5857799441,-38.7350243964,-45.9600606191,-12.5969606575,-36.3079212707,-27.6729571438,-39.2179152287,-64.9901370071,-67.0244923588,-10.4584963286,-19.6056383223,-28.2780733828,9962.5445268488,-19.6565529841,-26.9366445127,-4.8034479207,-76.88654907,-13.8414831966,-47.2562505277,-11.9550152388,-36.5507237315,-8.4405278157,-16.2236222617,-17.4217014041,-8.9776795915,-44.3839087691,-40.8174348458,-33.8353778806,-10.548810377,-5.5834333614,-12.6028976484,-17.8959443333,-7.7785416549,-68.406870388,-5.5427723821,-10.0468458855,-38.2295873588,-29.6244389843,-19.8498968694,-32.741832894,-12.0983196914,-24.4972434548,-44.4514717489,-28.2383625042,-13.6273913923,-29.9364177511,-5.0015646253,-40.1787655236,-8.7581110822,-10.3142417491,-8.6838642729,-13.129110476,-8.6149915829,9928.5479646882,-8.4896995535,-9.9758148622,-13.5069999847,-6.1653281527,-50.9330422165,-81.3055846328,-21.7548133545,-14.823221628,-10.3181788242,-10.8571924348,-31.0133939689,-4.8699823621,-32.0810191111,-26.9286573976,-8.6458990687,9958.1143458122,-50.7334860561,-8.698357737,-46.7272512924,-8.593412345,-65.7372028488,-8.0337986725,-10.3251662721,-12.8209356645,-21.3914571555,-34.0393422514,-10.3976940697,-12.7571383482,-14.8268901619,-14.3917690694,-62.8374579628,-22.209740998,-54.0529499689,-40.6755227831,-11.0750412918,-20.7003522309,-33.875893662,-95.5014363339,-4.6980420385,-19.4023095424,-17.6856571563,-14.3682480066,-74.8977149539,-19.9253773798,-14.4045668694,-17.3381468868,-23.856560483,-38.1079461199,-73.7655075822,-41.4317035496,-16.3719845799,-6.3500498327,-53.4443380882,-32.5858245456,-16.4583585509,-12.7448257659,-9.7124540641,-29.6756493441,-6.7065813248,-15.2673842333,-30.7007323337,-23.1734741168,-49.569339826,-70.7381122257,-16.279748608,-25.5625439607,-4.5819741748,-23.0995603372,-10.3069590391,-6.0554253889,-33.6303990042,-34.1854673154,-9.4109780994,-16.8699496227,-22.7411564261,-43.8552061558,-83.6382273944,-4.1401688206,-21.9830768885,-16.4432777758,-10.2134200173,-19.5537283321,-25.8201875713,-19.4898562891,-5.2150829296,-25.9612123808,9959.8799850096,-11.7972667209,-10.313959852,-5.3236852821,-34.2490389755,-39.2159201989,-27.3422891504,-17.055143271,-25.8036551156,-18.9281606288,-7.5504310814,-26.2137864934,-26.316209138,-4.685217751,-19.3455224368,-20.4713920702,-23.4711742757,-4.826812306,-21.1500487977,-58.4168687616,-22.8252201222,-25.7917264192,-16.7565887122,-19.5909208498,-49.5828161524,-26.9366523668,-19.2032554532,-47.3845029566,-29.6106198131,-11.1508487152,-83.5585120071,-16.1456326769,-41.5324693504,-29.1743499122,-24.7740142385,-70.8085627082,-51.2383995086,-27.655073319,-17.1891229838,-15.4613839443,-26.551701955,-6.2360771706,-19.974245765,-53.4649431969,-9.4300861426,-18.4043240012,-30.9004853364,-13.699571592,-47.718431084,-10.1141957101,-75.8965459386,-17.6539181384,-36.095110787,-18.1008051203,-18.9889973719,-26.1239906752,-26.2706273316,-23.5166211782,9966.9628509518,-25.730078763,-4.2090996091,-14.2109716915,-22.651681059,-4.3718165295,-10.0289697864,-4.3036550009,-58.5231059321,-33.0127614609,-16.6872256735,-22.3379663683,-7.1105236871,-17.348774831,-10.2365244166,-56.9392643826,-31.682189969,-70.5295417687,-11.4222623268,-16.9144104867,-14.9576719173,-48.4464927009,-39.7856606935,-57.3124283054,-31.8107828404,-4.5147054121,-25.2345713813,-15.9818121855,-48.1048658138,-27.2861024362,-22.6816606753,-28.8062834718,-17.4869762003,-32.2040602416,-11.6175684906,-23.0857481643,9962.2247184864,-14.4732381039,-4.3072155392,-19.4576531416,-47.8282428916,-11.6143526816,-29.9291732765,-39.2632390019,-27.5265636613,-12.3869460046,-13.8689065819,-4.1346349035,-14.9212610393,-24.3660977311,-30.6252237706,-5.5277762735,-34.1684644392,9968.1723407263,-28.2185613403,-38.5741725467,-5.0041547635,-74.1977399343,