{"seed":{"0":960703545},"min_epsilon":{"0":0.5},"cost":{"0":1719.062},"time":{"0":19.0882968903},"rewards":{"0":[-27.1714381696,-22.8868031468,-20.939172323,-21.2756242198,-15.4788851842,-39.2027803753,-8.7249596821,-63.8861871955,-23.1445889215,-43.4397907218,-37.1791378681,-25.0098779561,-56.2262974208,-29.6975435912,-97.2411119933,-36.026769242,-4.5528774452,-54.767600977,-18.1243113948,-39.6234183016,-39.3786829686,-4.56701865,-15.943019963,-5.4809580279,-20.843252214,-19.5287618966,-19.6638099997,-36.2403369533,-19.4555162708,-17.1819788601,-45.18675592,-14.7139347788,-31.6336624976,-39.7186835372,-13.888103751,-31.5769943315,-47.7220583056,-20.4298785079,-30.9340804823,-40.7344214439,-9.4665419202,-65.5607459875,-18.2221752182,-17.0250334493,-16.2053656513,-5.0428766487,-5.9574201617,-24.0205604739,-15.9044439308,-29.1879316916,-11.5568386825,-18.4678726166,9987.3748690196,-33.5276762948,-27.0496286738,-12.3595166897,-16.1629103187,-55.5729641984,-12.4306088248,-14.1796961015,-65.5385319339,-10.6873140318,-2.7489349702,-74.8975931868,-20.6146303388,-10.181257854,-39.0593215997,-39.7589073842,-20.1551959268,-3.2768788824,-23.7824472185,-7.9123030961,-8.4973645516,-10.0798971628,-3.88632075,-8.1566470362,-5.72671647,-26.7930713898,-36.7196356966,-17.9560352412,-33.1500064912,-18.8682672337,-17.0519401664,-12.5292795187,-21.152577974,-16.4489424063,-11.0235044936,-24.2379790104,-50.5286344291,-40.0904465782,-4.9808439555,-18.5433192654,-11.7058679765,-6.1084662236,-55.1033706867,-9.5191496625,-21.8019460306,9984.6445097083,-9.7310285766,-32.4627352394,-6.1572762367,-41.1201678273,-15.89614433,-8.4881081758,-27.3867995422,-3.8345301668,-9.0136312819,-35.5221441952,-5.215703056,-35.4356882719,-5.1552617792,-38.2155680515,-69.0713298358,-6.7211918424,-5.1983960776,-35.9300887471,-9.7897953996,-8.0507724654,-16.4582256764,-5.6598276216,-52.2191739188,-7.8288078664,-10.8318175132,-18.5305007866,-11.9881027928,-74.7959902588,-22.0511671779,-7.279867562,-23.3253035219,-37.378217501,9967.6544479273,-47.5863831747,-32.6261444931,-13.1522679839,-10.4657385527,-42.7554908651,-27.2198858943,-5.4655320442,-8.1106900602,9975.9762846689,-42.3877962085,-30.1080757464,-32.4811889129,-22.4929388095,-22.3755855305,-27.909789596,-38.9836629842,-4.2080795668,-20.0218285181,-16.4332838279,-20.2212844667,-28.4728675802,-62.7145213551,-11.4375362286,-21.0781358223,-8.1863428231,-18.8805544806,-3.0517527398,-33.2546875664,-14.4349097143,-23.8123136095,-25.5652768066,-35.3614496425,-22.976700662,-43.0527633973,-17.6765204838,-12.6725182684,-22.642402975,-18.9429820448,-10.8455810791,-21.0780597627,-12.2807982694,-50.6707061548,-27.8663030985,-17.1867182874,-26.0775787135,-15.2825742811,-36.2380896676,-19.4324030715,-15.2689492035,-42.7170872261,-58.2277292409,-17.0515895079,-56.1070437921,-28.9995360409,-32.6261506408,-48.9846294165,-25.7444536068,-41.5914383701,-37.2355171502,-25.0455031856,9973.51158348,-19.8468052641,-12.1140120847,-5.8352551394,-50.6994053207,-20.3995206298,-52.6611323045,-52.2762986033,-30.9462324707,-10.2171878218,-68.3274821707,-3.1089212467,9976.3231054521,-14.7933660689,-60.125502818,-25.3632842068,-42.4013999181,-40.8415358091,9978.2688615606,-18.3642634134,-27.0831162103,-5.2536669634,-10.150499454,-5.6205908997,-28.2430882868,-12.0158360421,-50.5213651722,-27.6781475219,-50.8472563874,-35.330385559,-10.5506190629,-15.8904209433,-31.1024534229,9953.8285246861,-50.9051386717,-19.8564668371,-12.4242840242,-25.9050041761,-33.7103529829,-11.7773520997,-52.5420387865,-35.3199158958,-20.9227073505,-47.6656347619,-69.4413726826,-23.6482258002,-72.8408813489,-33.6899187492,-52.9319628703,-30.9983771564,-39.3644316252,-30.6511196589,-10.6866200239,-52.649727553,-30.0404371458,-12.4883317177,-36.1167671095,-19.240422878,-61.1838147786,-9.5772033891,-16.5780703479,-15.1797538969,-36.8758617227,-15.6821623263,-13.1392270669,-67.2934261068,9939.365429129,-17.0880354798,-24.6285052238,-34.8733190623,-15.6957083876,-14.8739930821,-10.1387537152,-14.296414847,-10.0159053541,-11.6109693121,-14.2794262301,-38.3843669416,-6.5640582027,-3.6076405348,-81.8283035056,-25.0108366805,-25.5197272964,-9.166075061,-80.1797397903,-61.304446728,-43.3730946121,-34.4646836549,-42.8831671415,-16.3221678988,-40.0577765795,-5.768119576,-37.4156717965,-25.9413211114,-48.041207212,-25.3973225796,-50.2887845868,-5.5995739721,-23.5559369269,-16.1178158445,-30.0190516623,-7.1883156226,-47.1880538579,-8.1022105898,-52.9758171063,-30.3434689166,-17.899182006,-10.3602803221,-36.4090239977,-44.8078958537,-31.1758358293,-32.3358075421,9957.5244710058,9987.7154705841,-34.3600387524,-22.479569764,-7.6721071358,-6.3819165394,-17.0463388562,-11.2922871792,-13.1059460802,-3.5161208814,-37.5504075945,-6.3816196719,-50.8586707049,-37.6497436704,-14.5892473243,-71.0178137969,-6.8567301509,-10.5639441968,-28.7525652975,-19.3641679293,-14.4254120276,-52.0064491415,-65.5981764834,-35.4777825858,-29.2227336886,-53.3127785104,-8.777456969,-30.5603843767,-10.8865837955,-35.9036293294,-13.6489325534,-21.1461236218,-24.9258381528,-84.7264964631,-74.6197366689,-22.0022380616,-38.968031693,-35.9354216302,-6.6085417936,-64.830632073,-62.0602906012,-17.0988185138,-45.8496502078,-15.8164870469,-42.7942940118,-69.348867128,-22.6317721854,-30.4476839418,-2.8645483942,-50.3765592931,-52.7872328589,-22.1577054316,-29.2588702415,-57.2809983737,9980.4272628873,-19.871313902,-30.9684833443,-57.9301645216,-40.5428419158,-17.2391913461,-25.1168264408,-3.8035124852,-40.1598378275,-41.1861836658,-72.0960683831,-5.8263413761,9966.1949965227,-47.1217591733,-20.5980142673,-37.9042632064,-25.9704237273,-4.0868520424,-24.7773718568,-21.232057669,-48.2712417868,-53.5990894753,-32.2535995756,9925.6022478901,-28.5490704175,-43.4405550749,-9.2164041507,-13.2438490017,-28.2958348784,-30.1173419411,-39.2171810438,-28.9038233191,-10.1455968793,-12.3716149718,-102.856931536,-9.2599256138,-74.2211505521,-5.5097516971,-8.1715807487,9984.1436018116,-47.5548173427,-51.9276630556,-23.2448590047,-11.4850658476,-7.1121322538,-86.1742195933,-4.6075380072,-27.858871624,-23.1924011834,-14.7844793255,-17.4884456071,-4.2072318301,-11.548592173,-16.6029628816,-23.1184167049,-60.6783196609,-25.4626970976,-10.8547343145,-14.5608486587,-56.3426523014,-14.2510423423,-21.0946958951,-36.5403272776,-10.1898081425,-18.1660815214,-20.4290363997,-13.8980117438,-19.2074064917,-25.9528792719,-8.077114533,-15.562443303,-24.0889709002,-8.4314262023,9963.5084924834,-29.6433098203,9986.1422689039,-105.360682584,-36.2974970221,-26.8567723075,-6.4197447329,-18.8019383578,-37.9325650028,-29.4724040243,-21.0197821286,-6.1033336772,-17.9947358673,-34.0412303996,-16.9040262874,-22.0620247037,-16.6311026645,-17.137270602,-22.1341216447,-16.0022828876,-18.566224943,9987.4029739057,-10.1023729983,-39.9345134564,-25.3893562139,-15.597547047,-34.8256192581,-55.3950207434,-29.6375235889,-19.0814591919,-37.2647127947,9970.7037955351,9979.6313452947,9987.196641322,-30.7592784532,-22.8004705221,-14.1232356225,-27.2119402244,-19.7656319169,-39.5419702753,-39.2987951614,9949.6061326544,9952.9757861689,-13.6487173174,-60.0813060351,9975.5833486757,-9.1765736818,-34.3093948219,-13.093092575,-10.9513263824,-26.3762507587,-33.1833722653,-31.7918886887,9953.5685002479,-26.94412373,-36.5486449449,-32.2608687622,-12.5451164632,-35.5242564183,-19.1961799396,-28.2381563844,-4.7204085058,-33.1915633311,-67.8960497827,-20.2389613362,-59.2123337027,-27.0399428924,-4.7929024651,9983.5107538931,-14.5689648806,-12.9373585259,-16.8802950352,-23.3366732924,9969.7991986084,-34.8925486777,-7.1551168588,-32.592425273,-18.7996891072,-14.106881978,-16.3501769236,-13.2245733353,-30.2834355572,-41.7413551813,-31.6663571123,-68.3082996606,9938.7069551487,-25.9495243683,-102.8045415797,9970.2203941089,9988.5046513415,9980.2352638897,-31.3005424928,9994.6928780108,9987.0205614321,-24.0894744582,-12.5155642832,-10.2544410587,-21.5022974775,-2.8883978894,-12.2068703637,-12.0708241298,-7.4352286009,