{"seed":{"0":358485174},"min_epsilon":{"0":0.3},"cost":{"0":null},"time":{"0":8.334155798},"rewards":{"0":[-4.7636892731,-10.495569677,-14.0187424225,-11.1456708019,-37.8650417527,-21.8610291399,-37.5106470803,-8.1974923215,-25.9007867203,-7.3930548092,-48.4970738843,-26.7546691674,-9.437161545,-22.0385291187,-46.9514688338,-35.1641879365,-16.0246590241,-17.5478436457,-8.1248472675,-14.5221731278,-4.2828729782,-23.9999000382,-19.1870872606,-10.6753244853,-33.6353669228,-88.5986486586,-48.3796167733,-8.4338285378,-16.4012825291,-10.9639253259,-9.2088436476,-22.9246605402,-15.2962727188,-13.4580642119,-32.6863325933,-12.2441663208,-3.0657807913,-27.2948548997,-38.8872832278,-16.9182079286,-90.6326437391,-32.3437258272,-59.6863161646,-19.603128027,-7.7506530682,-14.4194110127,-12.2997694612,-43.2023694501,-16.4251070912,-33.251175651,-38.0971019758,-71.2366023239,-54.7299847733,-41.432817988,-41.985760344,-14.0965546794,-15.6458995077,-22.5503817151,-34.9881103061,-30.9395698431,-17.0958575581,-39.8964405696,-50.8143701027,-25.2330310803,-43.4056170138,-20.5745041755,-3.0144747212,-6.4657900416,-7.7017796217,-7.8928611017,-13.1124124611,-13.7735570476,-47.7315085567,-11.2340130898,-12.9428753803,-7.1416098904,-6.1219379318,-18.582885392,-12.9791313198,-6.7781538236,-20.56201466,-22.2826416793,-26.414418311,-6.2487673521,-2.5776854689,-19.7234752183,-18.3776717236,-11.3025732485,-6.4557144265,-12.4998804434,-13.0006974625,-29.9265065953,-17.2650479048,-30.8831209274,-35.6645655168,-19.8998657828,-40.4886835259,-8.0022849408,-36.4176258913,-20.2474246582,-13.3142419976,-39.6250125449,-39.5686149219,-10.1327585181,-4.958376952,-17.6201151169,-8.0829212794,-14.3938189622,-25.4137275538,-29.6769256064,-28.1891747928,-30.3383192687,-10.1314770479,-17.6871868017,-7.2299062932,-22.8396632274,-11.1485043519,-8.9823260879,-6.7729701308,-5.482726964,-6.9245819105,-8.4848262153,-11.7115386128,-22.0613865193,-26.2939641697,-32.4395053027,-4.3546871718,-42.410477218,-7.1269480382,-16.3409324361,-6.6445217475,-6.8427532126,-4.1847974008,-12.4905678546,-8.7203499116,-16.356173304,-37.3833634383,-5.2014950218,-9.2476375864,-39.0889826832,-14.731036009,-7.3654325831,-12.2768744351,-25.4320811927,-9.2942524941,-23.669396176,-9.9680624298,-13.4882118532,-20.1451985506,-14.1496958297,-7.9588159711,-16.1552605067,-3.3689710459,-10.7430269431,-9.7447595831,-6.5214643076,-12.6794833839,-8.9955364741,-9.4588367185,-5.4773533214,-14.3713341416,-4.6122261174,-10.6382553147,-29.0764617626,-4.7235767412,-21.8747551475,-7.5557968911,-7.0211348009,-7.5986767126,-22.3353500905,-10.8657063035,-32.0441416543,-52.7435079727,-38.7871019917,-3.2764262191,-17.0552249574,-18.0684307482,-8.9421622145,-9.2178640651,-5.8739960606,-11.3027641406,-10.3994143886,-5.1865944051,-4.3598624593,-60.7015047834,-7.8750110172,-5.2463342066,-12.5471327996,-6.98273221,-28.4256771943,-4.5811194993,-5.9535691421,-10.4169848454,-5.3240135366,-8.5924526055,-12.5004196539,-18.4430671438,-7.9812532507,-8.471677635,-7.8864530432,-14.4860839196,-12.5960847799,-28.1613546712,-6.6900406477,-7.3677305992,-4.4301063428,-7.9194330586,-18.7805057719,-14.1870685256,-6.8203366001,-4.3679951053,-6.590485611,-6.3365055594,-15.8532411391,-7.4933080248,-7.545749557,-12.6475088327,-6.9913010913,-3.0733144085,-9.301251204,-4.476770268,-2.7613262568,-5.0913714479,-12.3699005306,-20.9500618044,-11.527911327,-4.1478291233,-5.4217619796,-9.3014407108,-11.6478199065,-4.3146454347,-8.0971530576,-14.6428520235,-21.1162265757,-7.1868050248,-11.8552561701,-16.0099437153,-6.4683247255,-9.930594847,-4.1033252858,-12.3310745569,-3.9407360698,-5.7458835522,-5.9680928152,-13.3774201963,-9.5505128919,-2.728391798,-8.4969429673,-12.4532852691,-6.8276066358,-11.2070033773,-7.5165146398,-4.7291284262,-6.9092784102,-11.4120596373,-6.5234181629,-12.9147740571,-6.7671749804,-4.2450122944,-13.1910453299,-10.9202044302,-17.2829577302,-3.5562804772,-9.9613250156,-16.0294248308,-8.0063491125,-10.2660800133,-11.698232586,-7.3278227832,-4.6297882464,-7.1495451857,-12.3141137732,-20.7148132456,-3.3078386624,-5.0761668955,-7.059816616,-7.478282715,-10.6577020693,-4.6983753009,-4.745510642,-3.8233870768,-9.4437469636,-9.7653802418,-9.1817137827,-10.1004591323,-10.4265903897,-9.1197519087,-6.2988875884,-3.8078034413,-5.2900279796,-3.4655911927,-3.6014145786,-3.8284667832,-10.1923463278,-12.0420441002,-2.429446345,-15.3863873547,-4.6625330862,-4.07906869,-3.2868827436,-7.5301348905,-8.5951420445,-26.5561404727,-3.2782945938,-2.3239845806,-3.7143344265,-5.3999041888,-11.3919360999,-4.139036188,-13.3842688304,-8.1074838536,-3.3600387606,-4.9275246639,-5.0263462365,-8.5102942979,-6.0724901892,-5.3504295428,-8.7180566949,-5.1322743339,-6.6875034783,-12.8519943717,-2.4524407209,-3.0721023907,-19.3083215002,-5.4186958887,-5.1637269203,-5.0488064689,-17.6902881082,-22.2502967954,-4.1374382127,-7.5795722121,-10.0622319451,-10.7467655227,-9.1245442262,-5.2077937114,-3.0516314979,-10.3526106912,-8.5599965162,-6.9467681356,-9.3903480664,-3.943557258,-7.7223601544,-5.6194538378,-14.319669643,-7.9578496461,-11.3343564041,-2.7086156248,-25.3275840567,-8.8371566441,-3.2785438861,-11.5207364214,-3.7309081948,-3.4540843394,-9.2870636796,-4.3220260623,-8.2658654109,-12.6731370463,-10.116568156,-3.0002453497,-5.5871392903,-7.0207363933,-4.0182131495,-3.5031449205,-11.6533089734,-2.8909171154,-4.6906284426,-9.807381016,-5.8904930037,-19.1709826474,-6.1217867939,-7.3087353517,-7.5955380798,-15.0758689858,-5.4811016818,-3.7021115885,-6.3439679205,-4.4249595358,-23.6465802325,-5.8938333418,-13.3900297331,-5.1362175509,-4.3043758151,-7.1143196377,-2.9713515213,-3.9829514716,-4.7787683229,-3.3696904501,-10.4239616445,-16.9382343117,-5.4721210615,-4.9105604097,-32.1631619278,-2.8805183551,-2.7429655376,-3.1901523734,-8.6904173429,-6.6933525439,-13.143710481,-6.3015903324,-9.2340184942,-13.6656699978,-3.9928947803,-2.6560941993,-3.6769879798,-6.3660840034,-10.1502878127,-8.249764907,-5.6613705035,-8.9687100365,-8.2845648566,-4.9599692601,-2.6809485868,-2.7119808332,-16.759362414,-4.2706698784,-7.863548617,-8.3207768388,-9.1965120953,-10.0460804716,-9.4044523019,-7.5004240216,-6.5437508852,-3.523203028,-7.4809848642,-6.3153758535,-7.7084966172,-4.7924695058,-5.4402748468,-5.4680013447,-7.5934368497,-12.142623782,-10.6017989589,-6.4831951407,-13.2549429816,-4.4346684872,-10.7438251763,-14.4338345203,-4.6009733744,-25.2362866846,-7.1822832216,-5.1778121966,-2.7607133727,-13.1263377359,-4.6497190961,-5.889470909,-11.400505273,-3.9429929884,-6.5554102423,-4.0338431268,-3.0567404337,-3.5431009393,-3.3267166549,-3.6047304678,-6.0771952546,-9.3720132938,-9.2896696391,-2.9617310532,-6.8829044403,-5.8863592502,-6.7435720818,-6.973161102,-11.4104767483,-8.8289647623,-3.9226360182,-4.0772691163,-8.9254595828,-14.8938979971,-3.3130565498,-4.7685759911,-5.8932498957,-14.2658889097,-7.1698712371,-3.9238439727,-5.2707803265,-8.2307350185,-6.9651427963,-7.6996979445,-3.494873309,-4.6803764855,-6.4221445097,-7.5425949717,-2.4134676809,-11.9665450434,-4.1310259011,-6.4776347916,-2.5520276423,-3.8501154701,-10.2168107346,-2.4491327487,-3.5198761944,-5.4273087801,-6.7882614603,-4.9937257432,-3.377214653,-4.7663434828,-6.2023618684,-4.1538336284,-1.8570429066,-3.5326456025,-8.1825577073,-3.4176847433,-11.1727570946,-5.8631256989,-2.8770040227,-2.2789949333,-12.4673578641,-4.8942512723,-2.4381924455,-3.8290507611,-2.3500988009,-3.1323836616,-2.3314397308,-8.4937141511,-7.5275953173,-8.624722643,-14.5200613784,-4.4157635196,-6.8260825187,-4.2970044809,-4.7601158364,-6.1111884736,-2.5522651984,-2.3087003964,-8.4973989492,-5.2839269667,-3.3444633806,-3.910447697,-2.1140357136,-3.5181042162,-4.6680015194,-14.483924872,-8.2050996413,-6.7930717895,-6.699543068,-7.2479012432,-3.1407491516,-6.1050661466,-5.3875467847,-3.068250039,-2.4944050072,-9.375096561,-4.4934982248,-5.3305357733,-17.1825702851,-8.4673607782,-3.3017391309,-3.1487859011,-4.4729109743,-3.3331123112,-8.0457261375,-6.3692195392,-6.1426224961,