{"seed":{"0":1859168769},"min_epsilon":{"0":0.1},"cost":{"0":1719.062},"time":{"0":16.9732861519},"rewards":{"0":[-11.6427302228,-20.5577799313,-15.8416210667,-25.9412865989,-11.0035940584,-4.8755821831,-9.4235540285,-36.1326160898,-9.1300635543,-80.5558673009,-25.7311949857,-63.862578753,-12.3480559309,-18.8199283524,-26.5478350741,-2.6746209732,-39.0401771574,-8.0202619525,-6.8652919465,-6.8296583388,-35.5271976057,-11.1058687146,-7.7092825632,-8.3322580793,-33.9719973078,-12.1997190641,-12.8997732072,-11.2482382797,-10.1358502102,-46.2298382311,-13.3662202586,-36.4551401816,-10.0317711975,-28.9849236543,-25.0185720974,-18.3959922063,-55.7791671433,-16.9973821766,-10.3098370664,-6.3547970033,-14.8075467818,-34.8726540805,-12.8464654065,-39.02922833,-24.2915824974,-4.5356685333,-13.1164848919,-23.6819271378,-16.7026510907,-9.2848742181,-7.3812000135,-28.0345587217,-40.273415137,-11.388775196,-24.9541723512,-20.7400411512,-56.7871627251,-20.5502745464,-40.9215826685,-36.8404351655,-15.3705860727,-31.9665091734,-23.105791952,-19.8839826392,-12.8830651376,-37.8265402057,-21.3853687586,-46.5292237098,-11.8958021487,-47.7049627301,-25.6159773829,-133.3705286087,-4.1887822697,-6.3697174214,-16.3250593704,-19.4995610204,9988.4778888571,-138.6882988677,-30.5999694254,-37.0321719139,-67.8604499361,-22.3573956195,-14.8322060027,-11.1171072598,-7.4184572951,-27.9373944104,-15.6114965458,-49.0780136369,-5.117441875,-50.3282110022,-15.0039501081,-36.7643679108,-19.5243221129,-52.7043969275,-52.8007157408,-4.3805976469,-4.7720639137,-28.2475957636,-22.734312523,-17.4985064023,-44.3666667227,-19.0118856934,-4.2414553171,-15.9411329928,-42.2852715088,-46.0369774693,-45.0868409847,-24.1505499711,-4.6548171971,-13.3701347132,-8.3353508283,-21.8519069189,-3.5739856508,-62.2114206336,-43.831641384,-35.5539943016,-47.3761284694,-21.6565783413,-15.2590441054,-8.2400943809,-50.0888014616,-13.7607588906,-59.9896332844,-65.7094960596,-16.185837196,-29.7777215102,-15.4304683366,-4.3329833917,-16.1969389985,-27.4778549723,-67.3762003662,-9.3219031143,-44.35525898,-32.2329823331,-30.9686185878,-19.9785852744,-14.7471709493,-6.7930176578,-43.1393074033,-44.6757625717,-28.6437814858,-23.1457142798,-60.9296228673,-19.2612295471,-40.1699526124,-10.5077620248,-26.1728821668,-11.918357821,-24.3531631848,-9.6986560588,-30.2167382945,-18.0903508742,-47.7630188476,-41.7109669022,-7.9197575775,-10.166241097,-15.6714144258,-24.9235863567,-26.7572527679,-37.6674891064,-21.5745619206,-37.8862587312,-7.6700357433,-70.8584054979,-6.8282518166,-4.1523836488,-27.5839958238,-62.7067818771,-10.8912669325,-41.5967881591,-30.6905280946,-7.8278572468,-7.3021219643,-21.2754111407,-14.3870237449,-30.392568368,-31.5816187299,-37.4269389162,-13.7365305013,9966.7847721651,-8.8083979834,-15.5551604436,-20.799988626,-16.2480362165,-41.3039682003,-10.9950076265,-21.1575203802,-24.3538085894,9975.6868784735,-29.0718604165,-33.3210128523,-18.2341410926,-25.8231586631,-11.7445704798,-53.4221541808,-59.2023290479,-23.1410996479,-14.7651293737,-51.232346475,-26.1859576326,-41.702453228,-12.8947333211,9989.6677060796,9969.7021706123,-14.9324360977,-4.2538015803,-12.3677548574,-31.0911820465,9993.9425247605,-22.8318417355,-68.1292629629,-16.3280577102,-9.5151437469,-24.5147238582,-8.2233871317,-10.0245283094,-13.3340074766,-13.9979452748,-13.5654313962,-36.2117220006,-22.1431816149,-21.8146478827,-10.0646001445,-11.7914952594,-17.8970405303,-17.985299455,-28.6665081765,-9.4472477081,-5.9484406247,-20.4550035807,-7.8976133737,-5.4568980768,-14.0321888629,9982.0969466918,-5.4562457169,-22.938914111,-15.6370819361,-7.9223326203,9993.6458054079,-30.7060384125,-61.5109055839,-31.9620969924,9966.4788007579,-79.0793860258,9991.4545479516,-12.7163642677,-25.3432512536,-24.9460698688,-10.4075393251,-46.2991997844,-19.4143821503,-20.2695282679,-46.8778304328,-12.7864131203,-13.9250667037,-7.0785360351,-10.7297013885,-17.3753872649,-33.6498166926,-33.0575885487,-8.2354993042,-51.8476589062,-37.6581969842,-6.447485894,-20.4154738895,-42.3155248364,-22.0437870639,-11.0925324397,-30.6983021294,-4.2034120997,-28.2021546853,-3.6000354517,-36.9411452613,-18.4277670005,9982.6950906863,-49.9006874774,-23.4039767985,9992.6830943628,-11.5979134171,-9.4471779792,-52.1547376788,9956.8568064183,-50.9078268182,9988.772554615,-18.7101455572,9981.8306492158,-36.2650884003,-7.2111535325,-13.568568184,-15.6853874867,-7.2919545132,-52.885270541,-20.1972459259,9990.2512040104,-7.6072746199,9979.0561667047,-20.769041942,-24.2029378196,-9.2327024731,-56.1982844271,-24.3210607796,-9.7478329002,-22.8743541437,-68.0568660419,-9.0923008549,-6.2389137311,-15.0671332401,-4.9399511444,-12.6195902825,-14.5029832403,-19.2622825492,-41.6871454855,-9.972186239,-14.4566004136,9977.2005021938,-24.2563721082,-23.5327224189,9956.1094662687,-23.3137411007,-11.9132049388,-26.0853405153,-37.3372329462,-28.8760387071,-34.3719592872,9982.9639152026,-13.5156228175,-16.9920007892,-10.7061891775,-37.0055322988,-12.1054116261,-19.4046721472,-19.5952385436,-11.6687579982,-21.2838415653,-7.2352245019,-6.79566694,-17.9019755054,9989.5157383859,-16.3987873361,9990.6096494394,-26.2118837782,-15.4121707372,-29.1591438561,-34.7866447304,-12.6719089083,-31.9667334011,9981.9948576534,-6.7634741999,-26.6465224435,9947.2118930711,-75.1157507813,-31.8269094818,-6.842497849,-21.7866898482,-16.245788957,-13.9115810465,-9.7288786811,9975.876976702,9986.7987493962,-8.2526174973,-8.2945122761,-49.0041288906,-63.6129949286,9981.7987298839,-5.413200997,9972.0402549947,9979.1266620219,9985.0110621873,-14.1761875947,-11.4144572303,-68.0780063083,9972.1738040896,-37.8499539642,-57.903556293,9978.9775368043,9994.5207674981,-53.0878874443,9969.6487799841,-4.3897866973,-20.1213026876,-26.6158880879,-21.3793649753,-30.1579447418,-16.2955679951,-9.4143247374,-6.7598532257,9988.3441548288,9984.5695796511,-25.6804130982,9902.6454036217,-9.8257600171,-8.2792446521,-18.0677794332,-21.0974240309,-26.9621396048,-10.4644051738,-3.6858987628,9980.153351831,9970.4429736651,9967.8216926878,9965.7518395831,9980.8760395928,9959.8529254274,-11.8302752523,-29.5026027091,-27.7331514938,-21.7847042353,9972.622530779,9992.4705826201,9955.5698279585,9989.5831321932,9976.808395083,-23.3186525376,-8.3727547727,-1.5151385436,-15.2692693398,9989.1630893319,-5.9299468682,9992.9347264658,-19.2967606353,-21.7526817299,9982.3791824954,-13.9014578226,9969.249382571,9994.1248480929,-23.9475281904,9905.7600305509,-14.2644296744,9972.1497937148,-12.6005894568,9994.6051594823,9973.7428238021,-11.4806800351,9992.4414519991,9995.5232919401,9972.6880475684,9990.0224427317,-19.2315459962,9974.7002619234,9993.5785170521,9981.9347907266,-64.438317338,9981.6709062231,9991.8805555553,-2.4342607735,9956.3727564931,9987.5220818555,-19.6607027367,-15.2353834299,-10.7994645102,9993.1710896173,9957.5816118237,9994.3133392741,9989.3356308266,-11.9232223123,9979.8976656976,9972.4600918419,9984.7064919064,9986.6155075156,9992.5449531259,-17.9635563249,-11.833144419,-36.6175613309,-4.2096689291,-12.8167100951,9986.518241731,9994.3762312585,9951.3634002113,9987.5499041656,9990.6803546645,-17.3895253298,9989.3864005117,-23.6913316957,9993.6631407547,9952.1351696966,-25.9698257802,9986.3774144838,-3.7979178929,9973.0712971419,-10.5982759429,-21.9417607902,-29.0692969047,9990.7943545655,-23.1183289286,9983.3604074508,9989.1083882202,9980.7515208258,-17.0490991114,9959.4484546843,9989.4295378063,9994.6196950838,-6.7541672121,9994.0476258822,-13.7181612348,9977.5395914451,9982.2721483107,-15.1231722569,-23.0487588659,9990.2657269795,9986.8590518397,9960.7818944256,9992.3715289014,9957.799374547,9985.9182370954,9977.412123921,9973.1981539412,9976.3573937342,9957.5175604875,9989.5524335732,9975.3521937171,9993.9307314406,-14.410742898,-25.07421283,9927.0254314872,9989.1519230865,9978.6756513119,9979.682746229,9993.1608093197,9981.953656471,9993.1868840841,9920.5357846518,-10.8306276499,-18.9672572528,9978.4654788018,-8.9280184802,9991.892299994,