{"seed":{"0":358485174},"min_epsilon":{"0":0.5},"cost":{"0":1719.062},"time":{"0":14.8525283337},"rewards":{"0":[-4.7636892731,-10.495569677,-14.0187424225,-11.1456708019,-37.8650417527,-21.8610291399,-37.5106470803,-8.1974923215,-13.5468334237,-12.6340380612,-21.369702161,-12.3575819469,-24.3075406476,-10.1159181583,-19.2808649401,-46.263462492,-36.9886552917,-40.3755387189,-3.9112182004,-6.2965353446,-7.6642568098,-6.6730157285,-4.3714169003,-48.3573867227,-25.6443261209,-9.6588814688,-10.6352446008,-10.320153713,-9.1690202348,-24.1371576156,-79.9507585611,-13.2959324719,-6.03444893,-21.4468459147,-20.9974375821,-19.8311638276,-15.3343005958,-11.041065981,-18.5801047534,-27.5642941651,-48.1115062532,-65.9416201742,-18.840830807,-47.806233552,-21.3043522823,-8.2219942725,-22.9514298217,-58.9049488117,-38.7440898169,-41.7395418637,-10.8665021064,-36.6212206317,-18.0198717323,-8.6168446659,-23.1630208656,-54.4530354346,-10.6387849342,-15.661577551,-6.2016304366,-8.4261845293,-51.6778921476,-30.6720211082,-15.982848661,-16.0678525636,-42.550313433,-9.1309268772,-16.6229641839,-10.1832423584,-30.3810570459,-86.3159789679,-9.700480115,-25.1856590581,-6.0230035495,-38.5349990776,-31.2426812079,-57.0917188044,-20.4222922857,-7.8473971017,-12.9737668546,-39.9626217293,-9.4594752334,-29.6872674705,-5.5983586538,-14.3667272513,-12.2732046866,-17.0301193027,-20.7746210502,-9.8131091606,-45.2827713651,-10.603971005,-67.9786173951,-19.2399626245,-11.0509584867,-8.5729602077,-85.7866836782,-22.2818064933,-16.2728846751,-22.9341630673,-20.376946102,-20.6201959313,-20.2974955902,-7.7006052411,9994.5774628551,-10.7168881082,-35.7646819529,-8.5781227351,-13.1731387542,-16.2556890669,-47.5027942407,-10.807804221,-25.9335162723,-25.8675655052,-11.6777635914,-2.8098088246,-28.4469280162,-9.9232208503,-14.015009758,-5.6357600894,-6.8443183591,-21.1460364448,-38.8892679711,-14.1259389074,-22.4272086103,-4.3180133273,-4.14959242,-14.7232541872,-4.178451251,-7.5933369449,-18.6404451841,-10.0339846894,-17.1122678981,-13.9848144441,-20.6913804138,-13.5557322928,-15.8381595662,-11.3980874183,-52.4460121393,-38.2420976813,-16.8488608057,-45.4292990228,-22.4841517062,-12.1025185723,-10.9453977684,-12.3497300595,-31.7822629058,-8.3056351882,-12.3140376514,-10.4696050643,-9.3935658205,-9.0210914529,-14.6369855588,-29.0254591543,-15.5351232669,-13.8336638418,-9.4902071086,-2.4342419157,-6.3838316023,-22.1561970199,-7.6369465349,-8.2532751999,-8.8516558098,-15.4426589375,-13.9679673909,-35.1433651927,-10.1686811468,-14.4456103601,-9.9219496772,-13.5049101064,-39.1345491259,-19.4984176906,-23.6727291559,-17.2168535197,-6.3524361933,-9.3947335703,-10.7799160013,-9.8409054156,-17.1446485972,-5.2991794456,-13.6028393828,-10.7747717826,-9.1006624454,-6.1294064693,-28.8915231309,-4.2621672991,-14.5249915634,-8.1245731278,-9.5973840193,-6.2212308355,-11.6484590986,-6.7741590522,-49.5224310051,-31.0254978837,-2.9020887708,-8.7697286223,-6.3638247935,-7.3941568443,-24.4355512447,-6.9697255866,-23.8040129386,-23.088784574,-31.0783965849,-2.9235994307,-7.6456912933,-22.4845022026,-2.6060933282,-5.6289323949,-23.6656146108,-21.0187623091,-11.1624178049,-14.2897224448,-24.4890816405,-12.2000220906,-26.7582921686,-8.9013860512,-3.843293938,-6.5872966818,-10.0661800048,-17.5215388485,-4.004200378,-2.7204326034,-10.5667166702,-10.9850902618,-7.8619341373,-10.135069133,-21.6552607374,-31.7715480232,-11.5027860015,-17.8576157265,-5.0799875581,-14.4687883944,-15.0417752245,-8.4237100542,-13.2871269679,-7.375767514,-7.2057940762,-20.6022386639,-34.439636649,-6.2224991213,-8.6062137307,-7.4859283171,-3.1174129127,-9.7747505579,-22.8439574217,-3.9129792408,-29.7496239751,-35.7977910187,-3.5471679682,-5.7631803542,-28.8952756869,-6.6728516686,-3.1550789963,-15.0883660017,-11.185887295,-3.5435578211,-2.6247584842,-9.9584131973,-3.6567797096,-29.3223576282,-3.5033274706,-8.8357575039,-23.0843283881,-7.5313657687,-4.5903445185,-10.6670947316,-12.5602367003,-14.6904871698,-14.7422422035,-23.7988687564,-17.073641211,-14.6122732971,-4.5216266425,-12.8423812501,-18.4533907335,-8.6037359684,-21.7542737323,-33.9005055312,-10.5523622816,-13.9511162499,-6.4422489146,-10.0532747565,-7.4997765521,-20.647622899,-22.8123816012,-36.2307370523,-11.0453448426,-14.8061121178,-6.3428584903,-23.2145645679,-8.5939893108,-8.5954123118,-8.7749374763,-11.5019937635,-7.1283507362,-9.8286551796,-5.9941895841,-8.7109048554,-10.1206850239,-49.8977467811,-29.0213176309,-28.7502204198,-22.9204366026,-31.7410058983,-19.9185434409,-8.7316379341,-12.1558049075,-33.1423978153,-5.4992296573,-16.4378116224,-2.0232495314,-3.6332883953,-9.9159629114,-9.2415944996,-4.3780264723,-16.8926048362,-8.0262189396,-28.3821172886,-6.8207413218,-6.1145124349,-28.4419213173,-4.5515412328,-12.4793731813,-10.9381314198,-23.3550254409,-28.279688982,-13.0338480326,-22.7076940253,-5.2877691024,-13.6556558975,-14.1863949887,-16.9661318905,-7.0261360883,9986.2913823667,-9.4244288295,-5.6272459378,-12.0258294209,-16.7830968712,-3.3619244913,-4.3792085635,-28.4246440954,-4.110126407,-33.3495889436,-6.8648185515,-3.9981956494,-20.9053156612,-31.0855895848,-18.0714232136,-13.0744387276,-10.4292511382,-18.1381396283,-6.106894065,-5.2425413736,9976.9698233573,-5.5373646959,-8.7177636786,-3.4587267818,-3.4753012925,-3.5779939087,-7.0028742506,-5.1546282881,-6.2683211383,-4.5144126268,-13.8871870633,-9.1289993491,-17.1416671127,-3.3760147888,-11.6787848208,-20.4776240271,-4.2679856257,-6.7338587746,-13.4687586567,-30.0373848834,-23.8719127506,-14.5033553256,-7.4025828405,-10.625874826,-13.5635167388,-5.0684967851,-54.5097284249,-11.806201244,-9.8105427502,-11.4575629978,-16.9013257932,-7.4771804411,-10.0258061424,-2.7682873437,-5.2965298307,-3.228551959,9992.442166125,-5.0533093182,-9.2295296218,-15.3415782861,-10.6208214989,-19.1054742573,-5.1659331049,-15.7930411486,-10.0029854166,-8.3046235965,-10.6241330837,-25.818020287,-4.7795571777,-2.7791059748,-16.1101800408,-7.2561225863,-5.589096481,-10.2925580502,-59.5632799727,-20.3619091233,-4.984853114,-34.5280232411,-6.1953903511,-6.8162817633,-8.1961166122,-56.0583993556,-24.8846016672,-16.0739888782,-25.8637213615,-8.084210429,9994.8495243727,-6.0255197935,-6.9066509297,-12.3320465171,-14.8166346422,-22.8318458121,-13.7921341309,-5.1105840354,-1.9430314466,-14.5132141294,-12.6101734345,-14.1233588904,-12.5152894016,-19.7672658699,-22.0155545249,-14.6780457762,-3.2586106038,-7.6708011068,-16.0175204021,-11.6514949174,-11.4046839427,-7.058582005,-7.2773548388,-4.6027971969,-11.220179184,-5.8379630242,-9.9420429406,-6.0432226677,-7.8202443609,-4.425744985,-3.0019573138,-5.1578708246,-17.4674337595,-20.598188194,-25.6143392521,-50.4943781422,-5.2248399202,-3.4511392347,-13.8720311117,-15.8708262763,-8.6271524531,-14.2156606985,-13.0197340058,-13.1407013996,-7.9315872169,-6.837360505,-8.1644609882,-2.6741971742,-10.0186203926,-8.7737982053,-45.8236040184,-3.3957059937,-5.2369952294,-3.1947599976,-9.8217642651,-18.2083663839,-11.540857342,-9.6545376852,-31.1264554958,-13.1782592614,-22.7467793055,9990.7095304475,-16.7164744838,-17.2596244301,-8.2598362847,-8.1683457213,-6.1638014221,-16.7258349425,-41.3560513382,-6.0476527232,-10.1115360077,-6.982482096,-6.15553632,-36.7480772637,-15.5532751425,-4.398013519,-7.4506629351,-3.1983581256,-7.5224073794,-10.9628123209,-12.7990566713,-3.5983138788,-6.8199265108,-27.6082381779,-7.7324536316,-8.223605513,-8.3562561919,-13.4033991713,-6.4250161982,-6.7452636837,-2.2184069368,-11.0178932896,-7.8539035748,-14.2551095446,-5.5164552282,-8.2367095304,-18.1217286489,-13.3438872238,-18.0270890563,9987.1959285175,-12.0081737024,-4.9657359963,-5.9575189982,-20.0810078143,-24.2418044922,-10.4041161104,-7.0663644865,-18.7219398947,-15.1370357405,-7.1643108362,-31.4076597965,-8.1368598266,-3.6068086302,-22.4517238239,-3.6032894822,-28.3425328946,-12.117215751,-14.6443443504,-11.3303861638,-6.2317061923,-7.437340909,-17.3207397183,-22.1232037724,-16.972067337,-12.1889433806,-5.1061418786,