{"seed":{"0":694388766},"min_epsilon":{"0":0.5},"cost":{"0":205121.6300000031},"time":{"0":19.3650696278},"rewards":{"0":[-18.1384275593,-17.2125281148,-15.558193597,-22.6905925409,9957.2445264851,-16.5127699525,-21.9114319498,-28.4604087338,-22.5176794782,-16.2325252307,-6.4407609486,-55.7811116373,-16.0619508168,-9.3495565621,-39.0407257642,-26.1428935724,-22.322549076,-15.34854679,-12.5723581053,-25.8822443748,-14.6187499635,-20.8994302261,-23.6692903367,-8.2854624031,-78.7147771881,-22.2054405389,-13.4837759251,-26.9490677198,-10.2571437621,-7.3811701584,-45.434684707,-12.8421657369,-25.778329495,-38.1730204899,-45.6502865969,-11.3309738112,-20.0481650597,-40.5957578552,-9.1379223481,-20.8608667912,-22.6752205569,-43.6286506634,-29.2478429723,-17.9603292701,-12.5694021872,-87.6541734022,-55.3560219022,-48.8793809643,-13.8701165257,-24.8803975203,-49.9305530728,-24.1721519587,-28.317349603,-11.3638708461,-10.8650210457,-47.9496575315,-36.711265689,-59.524668586,-40.4906208059,-23.5913242487,-30.5555467937,-22.2305771186,-7.0960123807,-10.3234127358,-78.0486211409,-46.3033624737,-18.4630471207,-17.1635724698,-9.785311528,-32.3851151844,-74.6851646973,-46.4656735714,-13.672867009,-10.2288879906,-10.2782909531,-25.2864944606,-20.7154677558,-23.5104342438,-24.8470864531,-18.2415722776,-23.2449916673,-5.9691107532,-22.2742294069,-10.6406870535,-15.0188423295,-17.6329860081,-10.794251884,-17.5209792033,-8.5259848056,-14.8444189367,-5.4488982399,-24.3841412688,-31.1658308757,-24.845632563,-18.4252548265,-5.4381064766,-43.4761616,-55.9916034582,-18.0866737403,-7.4713847843,-12.8853263213,-20.1795705002,-11.5721751628,-14.0812099286,-40.2640934777,-40.1936990926,-42.0005439351,-10.6818573661,-20.6985675595,-48.7161127903,-7.754705971,-21.9077159654,-6.2486395639,-4.3605644152,-33.8854702655,-24.7324712843,-47.7745108733,-20.7862974362,-5.5318294634,-22.8981540887,-8.2646918941,-9.2830893707,-33.0219495469,-26.0054645009,-28.5456573749,-12.52743472,9971.0493801873,-11.487292056,-16.094527142,-4.1257877788,-22.0223502711,-23.0303809439,-50.2251186646,-32.389388008,-10.9961238559,-63.9171395975,-27.8560428973,-23.4853734916,-34.5626241661,-37.1464297719,-20.9229219609,-17.4182395755,-54.0768342638,-31.3570753609,-16.1257453593,-9.3835632185,-48.8602730466,-24.2684504642,-26.6090990955,-25.6837003682,-19.3354573254,-16.6476701773,-17.988743839,-40.4526950479,-34.3832710506,-20.2292427824,-39.0668485324,-15.1618641147,-16.4160127146,-15.6540458874,-38.4123471363,-33.0284540704,-63.341795593,-49.0014899299,-30.5010060482,-41.1275310281,-81.7532126284,-16.0343203475,-12.7312825863,-3.1788086346,-44.1602389604,-8.1361900152,-27.9717043687,-16.1631816242,-11.769023045,-44.0345962816,-5.610369749,-20.7349715111,-7.5058459036,-23.5574876179,-17.6134093096,-51.5890381136,-33.6928319505,-19.1849452098,-8.8647892147,-11.6987214837,-26.9684916151,-36.5065301424,-11.7822478444,-26.8915715559,-3.9486629544,-25.9149350005,-58.5404337591,-10.8461114817,-22.8279359495,-21.1539847214,-12.7395881921,-35.8298191938,-17.5359948197,-70.1646776546,-37.3176093056,-15.5626320808,-19.1074514388,-12.7661520439,-8.836613257,-26.7056880339,-6.1700041053,-34.0753534763,-62.1662319024,-6.6523948878,-20.3880110464,-50.0372562847,-7.5870319515,9966.9743118054,-30.3346704003,-9.4889416125,-20.406677169,-41.0794864993,-7.9445110882,-62.5898074464,-22.0520003176,-36.8733775926,-75.8237788933,-26.4847222393,-17.8121962961,-11.7847529811,-12.5615688923,-12.6778196154,-51.6516020775,-60.0693068757,-27.5576035713,-4.1511677589,-54.7033842332,-31.0430469668,-65.3415532446,-30.5886894967,-37.2321244324,-14.825785332,-29.4591876705,-74.1769437142,-14.4311575189,-24.3547924025,-10.0471327815,-61.1141585659,-19.5904025886,-10.919402208,-10.8742961595,-5.5188482297,-23.8106688727,-27.9131740902,-6.8746099114,-49.4056195331,-67.53646809,-38.850169532,-11.5861882702,-15.324458103,-85.6924718503,-36.64793597,-52.9532323143,-22.0695668023,-26.9071933999,-17.8110828395,-21.9963496358,-55.2000057045,-103.6193296262,-75.8764943044,-68.3237517337,-3.5982824865,-7.4840403253,-15.9238984526,-5.4904896554,-7.0762102786,-28.8019314019,-16.9526878051,-9.2242114476,-27.3489239322,-3.634407059,-4.1501800334,-11.267935168,-18.2151363752,-25.4964031882,-5.6132671918,-20.1775886568,-18.8560147602,-122.144747695,-5.8464950322,-43.8882666674,-8.5496500979,-17.0991774399,-55.5154417133,-6.3548868602,-18.008351381,9955.1819367229,-12.1457563083,-35.3988633647,-14.8985125107,-6.2709052911,-11.1481731533,-32.8737411929,-30.3416251067,-11.3627903725,-13.8513361495,-17.1928842123,-38.4032574498,9971.9463015222,-3.4332071506,-16.8250977725,-13.0825020898,-35.5836189124,-28.8143587983,-44.9512911741,-47.9527829523,-10.50265002,-20.7619167806,-23.1904979035,-5.738583525,-21.3059503262,-22.1575366503,9971.8692396546,-4.5284237026,-30.8359782523,-9.8335638861,-16.0924136642,-37.8881297935,-17.1159993753,-24.3724376905,-22.0451696951,-27.4619133472,-20.3295874958,-10.7228080378,-9.8523463474,-16.862941892,-40.3330430001,-23.8960943341,-59.9019970921,-4.5137229244,-47.8998681095,-30.1581762647,-13.9483175775,-49.0261397468,-18.5880335832,-44.17122269,-23.8391142712,-4.8483047658,-33.8301846953,-51.2204247949,-13.2171669937,-84.7699743613,-23.5724251587,-10.2106407029,-33.5728070965,-11.012066756,-30.0085853649,-53.550150992,9986.4796269989,-47.3006503192,-37.1873097244,-16.1958622584,-14.8703436324,-61.1857016187,-25.5547811554,-56.4226106132,-31.523930096,-10.589261289,-21.959189223,-4.1990195432,-11.931582191,-12.8885968596,-18.5419706427,-14.8106664557,9930.0254901386,-22.3215672354,-19.8954025221,-127.591406702,-128.3033777648,-20.7579851861,9979.194564953,-23.6409025663,-15.8386248325,-17.2172740454,-8.631816187,-15.5254297564,-16.851880057,-4.4808991002,-45.5654529929,-15.0194681278,-26.5217610466,-11.3674472459,-3.5054699376,9863.9654957929,-23.25479171,-16.3288722549,-142.3311476906,-21.7414164007,-27.048084012,-4.5328974377,-3.290675651,-28.0368061524,-19.0556642237,9967.2773738331,-37.800902072,-11.4587329973,-36.3602240547,9953.0435136478,-46.2194095693,-34.890715325,-28.4478595306,-38.9863319911,-18.2220628527,-15.4292003374,-37.8862009859,-38.1988119089,-44.8724115673,9929.12311568,-27.5631550521,-28.111947025,-77.1802565443,-67.7944025003,-4.4323666782,-6.7693150841,-30.6349987136,-27.8793214956,-11.1065715352,-12.2526400732,-89.7138196662,9956.9801587436,9916.3461274056,9992.4308134791,-50.0701139761,-38.1718321879,-32.399382667,-47.8490179137,-12.2590227143,-45.9572483493,-39.5621138873,-85.9673527448,-4.9098552927,-39.566544477,-17.1260876559,-13.6262352416,-29.5191852341,9978.4300231277,-37.9129653625,-14.4455380689,9975.1110068981,-33.2607296072,-24.5244001074,-35.8392300931,-24.6776896397,-17.6784414666,-33.0542855193,-20.1482541257,-22.4898049944,-35.2565301949,-32.9855422843,-57.1650680821,-36.3299719491,-31.4323245598,-10.9385916582,9953.090633425,-35.9256713055,-15.5713817971,-62.9677520886,-37.0761783278,-9.8671843553,-12.157964548,-25.4290867788,-33.6837297245,-18.8754011191,-20.6184045295,-13.7195024004,-12.8295142015,-7.8768483864,-11.2125846105,-20.5789248558,-25.6783707132,-48.4587911193,-28.9024185429,9936.5786211468,9979.2122937384,-22.5456899489,-49.8104536356,-39.8353788543,9983.4147496739,-21.9936012396,-23.9288719222,9940.1484518284,-22.1786875087,-26.2721625515,-21.2056633588,9977.9982411085,-6.3595784393,-25.4336972802,-14.198404353,-52.5577725231,-28.0073612412,-19.9044272855,9986.0910403302,9978.8115436011,-19.9003741203,-50.596561382,-13.6090874778,9978.186967488,-18.7883758117,-34.8762141821,-15.9795030437,-32.3665438551,-19.5754826827,-18.5010325185,-27.5764707529,9980.8532859229,-79.1996140314,9968.4739561082,-32.8617182163,9987.4644139946,-16.8788996604,-21.5651906208,-35.3089924534,-37.0917042242,-41.1474324757,-27.834236815,9977.7075516169,9985.4602497584,-46.1305383541,-51.1368318476,-25.9552796924,-13.3437953065,-22.1311229828,-51.9487767508,9979.6243968803,9978.5007323278,