{"seed":{"0":1871883252},"min_epsilon":{"0":0.1},"cost":{"0":null},"time":{"0":7.7207717896},"rewards":{"0":[-32.8102616725,-18.575407428,-60.3053423188,-134.9957405059,-148.1567753046,-6.7934167369,-21.9601436534,-25.3427003808,-6.5472703913,-17.8325288229,-31.0028836657,-22.1736919407,-66.8709362046,-58.8004279844,-11.4893631298,-57.3037076402,-28.9335020515,-17.5095073497,-41.1590161749,-3.8911551462,-55.0840759991,-41.367312474,-21.9259340496,-6.0373013013,-64.3435056943,-33.2843889028,-11.1543652524,-17.0884067547,-21.4100834785,-32.1532487293,-9.5439286337,-5.2018175277,-26.5505769084,-18.6824029359,-3.8270475011,-99.4735942719,-31.6730471178,-15.4158201164,-7.6763099368,-31.0785117203,-12.0994115459,-14.1717903826,-9.408761647,-8.9201594873,-25.7314709703,-18.7127743739,-18.1326545733,-15.820604956,-44.7408357123,-32.1293995569,-13.7483637278,-30.9203117368,-6.7219640505,-14.1015628875,-21.3749769068,-22.2924276655,-27.6690134849,-15.2592096061,-3.2824549353,-19.466931087,-74.4916088904,-14.8757494346,-4.1765500644,-8.9775137356,-35.554835403,-52.0320900177,-28.3200467582,-20.8859423892,-9.9773496308,-11.2297848844,-19.89652536,-22.3414036294,-2.5089665005,-17.8523391629,-25.6379562312,-12.943783136,-9.0073938633,-5.4327068422,-13.4947143933,-9.5647431601,-31.678559485,-33.015501015,-28.7583346276,-13.1642331532,-43.8905865428,-4.9606112983,-10.0758384226,-31.1949693473,-15.7976695233,-22.7498328253,-22.6234715891,-11.9400362487,-10.3350329917,-10.199414142,-2.8517398023,-50.0117053334,-8.6996126865,-50.280005149,-6.9445130977,-4.1128757014,-5.454607469,-9.579815612,-21.5696642744,-29.489475219,-6.1374480132,-29.2178681581,-6.0798903241,-5.3981351504,-10.2600938053,-11.69017479,-9.2481919595,-9.3593742622,-28.0190978452,-37.2071533699,-4.4385616905,-7.3815373183,-31.6628115639,-35.2215384921,-15.301129161,-24.0852892905,-30.3180922457,-10.1730205941,-5.3628743584,-34.3903480548,-10.2654261449,-2.7999172085,-6.0151304692,-10.7205459261,-3.7310559348,-11.9500224487,-5.0114309119,-14.2954489438,-10.030383793,-27.9941790092,-10.4791040579,-16.1514561234,-25.8444747964,-26.2325558018,-16.9838805642,-8.2172786561,-16.6378675775,-24.1380180923,-7.3834727988,-10.4658498006,-44.6393275397,-7.1613373152,-6.8492470068,-11.3657944067,-13.641628745,-7.4905337578,-16.623337873,-8.708504517,-15.5175157751,-5.3310873829,-2.7335019807,-27.8100966451,-5.7441111827,-6.8594369853,-8.5970612195,-11.8323892334,-7.5680987469,-11.1341813098,-7.6134606378,-16.0129721849,-13.9931383552,-3.7406172196,-15.470976024,-4.4510978843,-2.1321534008,-39.7515925328,-12.7853052514,-3.1317643822,-11.5466355857,-6.7150737916,-7.6255296338,-29.805493338,-18.6429979632,-2.6503460627,-9.1769690924,-8.5771135671,-7.7343720487,-33.7131569291,-10.3623138577,-10.1757416927,-5.3354347299,-6.6792838859,-8.530618126,-13.5718345526,-7.4762538322,-4.437492502,-4.6703471001,-8.1981084427,-26.7619201911,-19.737264988,-5.667465463,-15.0252148062,-4.6253826427,-10.48252883,-4.1797866558,-6.5591331824,-28.0483462663,-9.1643525571,-6.9906650912,-3.1325230358,-5.3625168502,-5.0258500468,-6.0485559224,-11.1927585407,-11.4368135575,-7.2391945262,-5.6826926879,-19.9685829487,-7.8310599165,-4.7244204856,-5.4268540551,-4.8752101916,-2.7946714448,-8.7570776773,-8.2466216442,-11.5516873375,-5.5663954211,-4.4435900867,-3.4180169705,-24.4026315678,-2.9967291956,-5.5295387502,-7.9135193041,-9.4532436787,-12.3395006036,-20.8149968476,-7.7498288538,-17.5539300703,-5.5735439363,-31.4878315747,-8.1703479057,-5.4603064326,-16.6357226642,-5.4086307225,-15.6039019155,-14.9565149825,-7.3202124254,-11.951734057,-7.7469077169,-13.4765193904,-13.1403928024,-6.4236220898,-16.2744012219,-4.2824559217,-9.0222836725,-4.7054835465,-13.0668287347,-2.570990377,-6.1836159877,-8.8310958227,-4.9878550405,-10.4729379807,-4.3786346323,-6.5366403816,-7.0196643193,-7.860980649,-9.1699785159,-3.9629952477,-4.8443384183,-5.9574940231,-7.6376712067,-5.9816985918,-13.6779506498,-11.2022699352,-5.2934436921,-7.3884542211,-9.63416687,-7.2789014274,-17.4220740789,-5.9986542229,-8.1746483479,-8.7515118141,-8.3842875097,-8.6504572725,-10.1811672294,-9.5012998204,-2.4570960956,-5.6402372121,-6.4074637695,-3.8276913914,-2.6475193463,-18.9101215279,-7.1284456876,-17.0240883276,-5.5869904213,-16.2735574766,-10.1574456014,-8.6396746094,-4.5739844331,-31.3517770759,-7.7821214891,-7.7226567213,-8.0109922948,-37.0520640069,-5.503899689,-4.3642530013,-5.6670931854,-11.1655918377,-2.3634669183,-3.6262083052,-5.4911290793,-13.3350023188,-8.2562923481,-5.9668721023,-6.8779085798,-6.5155949215,-7.5258068243,-5.2324645833,-3.8482710848,-7.0447336352,-6.2706975635,-13.988920051,-4.7829063563,-4.6013748128,-8.7280613244,-2.711650615,-13.1659801797,-6.930582094,-5.7841744737,-5.0661151974,-6.409342378,-12.7621817297,-9.2957726021,-4.5298788007,-3.4714478471,-5.8218329537,-3.8883214229,-3.2883540313,-6.5578910542,-6.3105342378,-4.0648511383,-5.0609611439,-3.0740854631,-4.866201083,-4.9921238162,-4.2008009162,-10.8310289297,-4.2505530361,-5.7481688303,-2.6982296175,-3.2462439207,-3.4902120255,-2.090922204,-4.045735892,-5.1043168289,-9.9220721751,-3.8480800347,-2.4822325751,-6.9181048131,-5.5942604713,-16.0188490645,-3.676815409,-8.3085503049,-1.7404715678,-5.6970180184,-4.181540035,-6.1885674756,-3.643143333,-4.7640545794,-7.7884661406,-5.1117463517,-5.2101879281,-3.4357635281,-2.8533031284,-2.4138164318,-6.1349840015,-3.7322919866,-4.6577698658,-9.3918713936,-3.418733857,-4.9332017418,-3.2684605893,-4.1565764816,-3.1932685204,-6.8107900391,-3.8841563782,-2.6872928792,-5.7918328735,-4.3353527573,-4.4774542572,-5.4710507185,-5.5813383069,-3.8592333245,-4.3471164747,-3.743173804,-9.3244836438,-3.5806303349,-5.6491994024,-3.3195865754,-4.8686508378,-10.1420938112,-5.7738918725,-3.6557242494,-6.5529311235,-9.3716723369,-5.9593531644,-2.9787480705,-4.2284214313,-3.6579546828,-2.7292500236,-14.1449834475,-11.4201953235,-6.1377904397,-3.5376436593,-4.1008866879,-4.6044185377,-4.6284929976,-5.96093222,-4.771671267,-9.559026679,-8.6891162252,-7.0371577957,-9.4415438235,-2.9499121855,-3.834301538,-2.8185290415,-4.284436257,-4.5961939317,-4.2344353777,-4.6138085462,-4.2534976871,-2.7881260796,-5.5389220101,-10.2290185215,-3.0304892678,-7.6976896079,-3.9617975519,-3.1915929022,-7.7510237139,-3.5848004495,-3.6308712051,-2.4255955746,-3.5330814502,-5.8428385708,-3.8769022307,-3.9111697715,-3.5024715689,-2.8104029056,-4.0966655404,-6.1819420075,-4.5307452008,-3.5248857895,-4.2073804123,-3.0206376368,-4.7877904152,-4.6886081376,-10.5901165691,-4.3456891832,-3.6837091359,-3.1384425376,-5.5634656401,-9.0367849917,-6.7729121231,-5.0378760038,-2.9050555992,-4.330612384,-7.2734468035,-16.2622265221,-5.3697335612,-3.9844336965,-6.1322478937,-6.1073415899,-5.3501658378,-2.7648047836,-3.3152887774,-3.0652997784,-4.458849928,-2.8065542647,-2.6051542733,-4.477755375,-3.6499427042,-3.9454549434,-4.3339776042,-3.5583594539,-4.3351708511,-4.7829711167,-4.27078859,-7.9009570808,-2.5309536371,-3.080220518,-2.4434142881,-5.72441243,-2.9160082042,-5.3859035828,-3.7047691163,-4.5092843353,-7.1372637401,-2.9573480019,-3.4864924771,-2.2471084788,-4.1493690287,-2.3759743086,-4.1415712539,-4.5294587454,-3.1412311936,-7.1451588474,-2.8404136164,-4.0902463916,-3.9723156175,-2.4739583957,-4.3856187397,-5.9573924287,-3.0421923957,-3.1329144187,-2.9002839451,-4.3128848771,-3.9823221681,-3.4951226564,-4.2648805778,-8.6929113994,-4.1740094254,-4.492395302,-3.6604163998,-2.9149631325,-4.8001279986,-4.0654566911,-2.8541417605,-2.7349315524,-4.5282855163,-3.912510376,-4.3348158757,-13.197482839,-2.7715840986,-4.5516015106,-2.9188885305,-4.0061727341,-2.8750583302,-9.1659579406,-4.4874611738,-1.6279814402,-2.1975215958,-4.7314590687,-4.0157269467,-3.6971264535,-3.5267601028,-4.0569322737,-3.631613665,-5.6521883975,-2.8686930287,-3.1675228913,-2.5105206747,-3.251472652,-5.4544902435,-3.2752456021,-3.6714759495,-2.4568400612,-5.497583747,-8.8194554909,-4.2950326578,-2.9213117693,-4.9168880553,-2.3406391274,