{"seed":{"0":437720306},"min_epsilon":{"0":0.05},"cost":{"0":null},"time":{"0":8.937543869},"rewards":{"0":[-23.2023888921,-20.0702906211,-19.0465738071,-14.0446014083,-38.8334857057,-30.2718278214,-10.6138051778,-32.4801526905,-16.48833182,-21.3838938633,-4.5689652798,-10.0126582723,-37.0753531462,-6.6811026961,-12.9662002052,-146.2046163212,-37.4555424892,-13.2114646081,-19.8709884736,-27.5165363318,-21.3490626811,-12.5561872426,-53.5464919452,-46.4231726427,-16.000284194,-77.5715099892,-19.2786345617,-7.0694785846,-26.2243422596,-7.0343906651,-3.671719783,-10.0567721369,-7.7886782716,-34.9309750247,-31.1196191537,-59.8023032015,-39.9649865976,-26.8295481084,-60.2527314621,-26.9051174128,-8.8835290632,-10.7785996756,-7.6291744894,-7.3823438844,-22.3128230164,-21.7010733816,-46.1635024316,-17.4350711352,-19.3888134974,-28.8851646172,-10.1117792549,-33.1937565395,-35.9083816081,-18.724687068,-13.43886971,-3.5784701449,-28.2839563161,-42.1381404864,-9.170824471,-30.7991566043,-19.5506205694,-10.2319112432,-5.7329820387,-16.3818876199,-99.2586031811,-47.2957369528,-21.6531238362,-33.8882810585,-41.7995477193,-30.6808912719,-29.9095120203,-13.341623753,-3.303919841,-14.6232802946,-30.1371609511,-40.3774886771,-84.8687147727,-14.4119036758,-22.9656530187,-19.3776926254,-25.901608277,-5.0103375077,-17.4333522221,-21.1926832186,-41.933100949,-51.4189095751,-19.8568014173,-54.1579166246,-32.499948781,-13.271725183,-7.2457351895,-11.9261372521,-8.1526957233,-30.7707802392,-50.8683133651,-52.543842021,-31.5826634713,-13.4240093563,-10.2302950175,-15.9107721947,-16.274675924,-4.576419241,-1.8176534816,-4.4242240961,-74.8712717401,-5.7558431375,-8.3145246095,-39.4699596342,-6.7500820163,-6.7287796411,-33.1124015127,-9.904149597,-10.9710388552,-30.3468881264,-12.6459397255,-12.0603356317,-66.5933917672,-30.9497940112,-5.2808338502,-3.4344307366,-47.8894025523,-4.7509745368,-18.3474353643,-13.3351121712,-6.7987608795,-11.5933766349,-5.3336190815,-12.4514891775,-9.8790170505,-9.9878820168,-26.7469128958,-12.4102021725,-15.9648671352,-13.4945182253,-5.4287858634,-10.8404436663,-2.2350948944,-14.177600599,-26.2641614019,-12.9310792175,-6.525273931,-39.3164593041,-29.3692284671,-24.2739979317,-12.5477398733,-4.3761475486,-3.023638735,-12.9435019305,-11.9530636892,-10.8163349217,-27.4295572662,-25.0570848238,-9.7624314004,-5.6790917376,-27.1359390623,-3.6827110512,-8.8586852081,-4.5833000956,-2.9056095275,-6.2365776179,-10.8436770397,-8.772453146,-4.0677255782,-11.2900417629,-17.1302501828,-7.1881556153,-3.7053710759,-9.7969945171,-7.870594128,-22.5910581267,-40.7333832376,-10.1524972011,-8.4139295887,-3.0438637813,-9.7512794786,-13.3835568927,-17.1001860559,-13.499057027,-5.7884481033,-5.028316774,-13.745621112,-21.0379112924,-12.4800819807,-11.4479252143,-7.6361816681,-8.6609054015,-4.5518826971,-28.4194216209,-9.1482511721,-6.0474795405,-7.5641264753,-7.7788723296,-5.2503512717,-5.8460499753,-18.1676886673,-4.5082202138,-10.3453272303,-13.7726873054,-10.4377197766,-8.1396535078,-6.9875318122,-15.4375473677,-10.170825074,-4.0481267102,-8.9136986008,-12.0766017052,-12.6480105454,-7.0540706453,-5.7235476364,-1.9756584545,-4.5037293155,-13.250301968,-12.9966327487,-6.4313002974,-19.3068157731,-4.2842357724,-6.7736936717,-8.209647113,-8.6220196419,-7.0290324822,-8.3217363901,-20.8801951792,-6.1600051192,-34.1616328866,-4.6002843287,-11.9120892637,-5.4198444995,-4.169657409,-8.8906546061,-9.5125183397,-5.5414762748,-2.2851529625,-29.7675428749,-18.31184946,-11.6357429081,-8.6235160727,-4.1552541139,-5.4778361061,-4.4198139224,-6.3717526393,-2.8695599334,-8.2165247871,-7.0312547425,-5.1427147154,-3.1534978474,-3.8004578197,-2.4263741836,-32.3878498621,-12.1903869184,-2.8101956747,-2.7881651571,-8.8597040873,-8.9148718202,-7.5406965781,-7.4117039188,-8.3475847194,-6.1951752622,-10.3344496779,-3.9616794935,-10.4874071683,-7.2406451364,-6.1293474736,-4.0012835901,-3.623311962,-8.0100371377,-4.6948136391,-8.0536602994,-7.4738450434,-5.4459820315,-5.3810143762,-4.8563805537,-10.6121194263,-2.9415780786,-2.8485972689,-6.3428175739,-12.0116198138,-4.5462748736,-8.7582141226,-5.779703287,-10.1112594148,-3.9475579812,-2.6351961937,-3.4460439969,-10.4670336259,-8.4895330676,-7.2215964,-6.9415944166,-2.5034863974,-7.1692963442,-3.8653696679,-6.3582482849,-4.7421726405,-9.4407222948,-3.4490471247,-3.8279386213,-8.8145924045,-4.7984604386,-3.2620419483,-7.7794595507,-6.8216693342,-7.0153119735,-8.5016244779,-5.1771898409,-5.9505193301,-5.9829495295,-7.0245916614,-4.559222362,-7.454682111,-5.8254264675,-7.2604782495,-11.6640765276,-5.232672683,-11.7160736406,-11.1687736094,-6.0267753022,-4.1853954796,-10.158207512,-7.664116023,-8.4607687757,-3.3587985656,-7.4836085079,-7.9550782195,-5.4450994126,-5.8331629382,-8.8154163708,-2.2253264047,-2.9192211914,-2.628443316,-7.1894849455,-9.5073475906,-9.3554321943,-4.2575607,-4.1652261105,-5.2018785614,-4.5584519106,-5.2385798753,-6.0691959547,-8.7631056002,-4.999637025,-3.6279946335,-9.2424732795,-6.2034587942,-5.2230498851,-8.354963554,-13.9004568005,-4.8092113701,-4.576952124,-7.8953655544,-5.5874943914,-7.9677327113,-5.9688964978,-10.367304109,-9.7321012033,-6.9278205139,-4.4099851059,-3.9774307705,-2.7161840778,-4.8220334432,-4.4100057817,-2.4043084886,-3.8517562668,-6.3980247158,-5.2405511263,-12.2235164398,-5.911588858,-12.7752301378,-4.2107551085,-10.9540656826,-7.5211720692,-6.1859383256,-2.1719507483,-5.9012886934,-4.3336062636,-14.3280637856,-3.6473419023,-2.3136961885,-4.8663739516,-3.8914941311,-11.9212167403,-5.4346303684,-11.2353869287,-4.1100779675,-3.4579415952,-5.0964174468,-8.182250092,-1.8400842518,-6.9201437124,-4.0494275363,-4.0127029906,-8.6462314587,-3.624491441,-3.967327726,-3.0882985455,-5.026350766,-4.9399900983,-6.5272937399,-4.4859272018,-4.3772394262,-6.8840210692,-5.1148356042,-7.3562043265,-3.3108596342,-5.1060890846,-12.1093366688,-1.7168943081,-7.0241535887,-3.9522382854,-5.8299692987,-3.1642638667,-7.4314086834,-5.2683591442,-4.6703985844,-5.874962836,-7.8107728135,-3.3648222597,-11.2308009562,-5.1102073317,-4.5503406591,-5.9288403137,-4.5280743974,-5.6192250974,-6.6886650891,-4.0198245651,-4.0413382781,-2.4513198478,-3.9980101162,-5.5727963989,-2.2701768522,-8.8583103376,-2.552487152,-3.4315240022,-5.104053519,-3.493835233,-7.5573476245,-5.5874046359,-5.5038915409,-4.1707652868,-5.3618866668,-5.0394466088,-4.6699380838,-4.3480512327,-3.9625399949,-8.0500515617,-6.3764381417,-5.3470884757,-4.9749448434,-4.2203681965,-4.8699774253,-3.1101599191,-2.6458691413,-3.4608149749,-3.1949641911,-5.03630697,-13.8760691196,-2.7116163906,-5.4996369183,-3.3597698842,-5.0199398513,-3.2949022791,-4.4099160076,-3.8418725606,-5.060056669,-3.4434307504,-3.0701631871,-7.2050816421,-2.9495181453,-3.7090076473,-6.2283758965,-3.6771306341,-6.7490790901,-5.4772875507,-4.5999999284,-3.7963845736,-3.0563586553,-3.236204987,-9.8523530451,-2.8412732418,-5.2009416613,-6.4614083231,-4.3786660995,-3.5729534776,-4.6360328759,-4.4812231102,-6.3208134317,-4.0763166262,-8.1100563976,-2.0689370061,-5.344979935,-3.042666974,-3.0432383316,-3.4530197311,-3.777086957,-3.5639820437,-3.188639767,-6.0396608271,-5.6691924392,-5.3239319376,-3.7776282866,-5.4058137028,-2.5403365052,-3.8204441078,-4.212480496,-5.7537277725,-3.4649809852,-2.8158037702,-2.8703038252,-3.8537330062,-5.3337704246,-2.5578974927,-4.9739333577,-2.496414003,-3.4857560328,-2.9642343171,-3.7406710761,-5.594173241,-3.4820182734,-4.0238661213,-2.5020822082,-7.0065526644,-3.1021816073,-2.2707223476,-2.9980289491,-3.661597165,-7.2032467023,-3.9978418683,-4.0222327492,-7.0861155371,-4.0461733002,-2.9419429919,-4.5906834567,-4.5745350187,-7.6309134976,-3.3910930943,-3.8288438136,-3.9889300631,-3.6677290882,-4.6259470961,-3.5948770483,-4.2693771527,-4.2610255512,-5.6557264869,-6.4714778154,-3.1321658803,-4.5702729734,-3.1265984206,-3.4866190046,-4.3110004705,-3.1567219322,-5.2974492777,-6.0901112442,-2.966486827,-7.9757739688,-2.9907994401,-3.0008380034,-2.8947784341,-3.5245314163,