{"seed":{"0":1277478588},"min_epsilon":{"0":0.7},"cost":{"0":1728.732},"time":{"0":16.5140659809},"rewards":{"0":[-31.6460389102,-20.876213761,-34.5406498846,-33.1384038118,-24.0947551619,-5.1734824999,-38.2056002615,-41.9303619333,-20.7512542929,-3.9544516171,-45.7359785671,-16.9403973154,-22.5199739065,-17.8731038984,-39.6789899998,-54.4691085516,-25.0759159108,-29.0916971554,-10.4270962902,-17.9639352415,-6.7985415064,-16.5146046467,-8.1828775232,9937.0634083533,-21.5688151916,-17.3374394703,-9.2035696614,-5.1160038223,-65.8767801018,-30.0525950946,-9.9484820591,-80.1167676466,-19.0484565051,-45.0713060604,-15.7384652322,-12.3748201303,-24.9911402591,-19.3113654633,-36.841254222,-11.1396182321,-48.3159684583,-18.7850109215,-12.5550579315,-57.2699467065,-82.4503727258,-26.2304473305,-7.7170199907,-24.6185076773,-14.2477694434,-11.9326367984,-29.0507091586,-112.8567839619,-49.9144253709,-9.9172963079,-112.1945203394,-38.4398959076,-23.7895460693,-66.597125932,-17.2914829417,-30.5686302757,-17.8875758296,-55.7326611166,-45.5831583716,-15.460466411,-44.2433069133,-34.4248904224,-19.5046294185,-19.7638951101,-13.5278976642,-46.0810313214,-8.1216632162,-42.9688645514,-16.2662454202,-17.5262307433,-33.2716330662,-11.8657887399,-21.531422194,-8.588852198,-5.0554975145,-40.5955899538,-16.2902836624,-5.1847237051,-20.738042661,-5.0687114075,-24.0023078226,-38.3162707714,-19.0537768182,-12.9773367475,-10.1646483678,-23.8223617384,-11.3227268279,-13.8958406024,-28.6197635371,-20.8060727202,-20.404621753,-5.1079621556,-37.1877759702,-32.179812286,-25.5441954313,-9.0037752754,-11.5690722869,-27.5975394479,-10.7331302504,-23.0471205591,-9.4320526445,-14.2217346368,-28.8946881974,-16.6458626537,-37.2931750836,-42.306748989,-57.8094587746,-9.3247776287,-13.2718885314,-28.7530630185,-6.942164177,-24.1112494923,-41.3712044259,-11.3277279506,-19.172061273,-4.6353233399,-7.4747596631,-19.8407265824,-19.9596910828,-20.076285129,-23.9338703827,-6.7662327391,-19.6256436178,-6.3966332726,-4.5029629805,-28.8839390746,-18.8097467918,-8.7436854456,-14.6020686015,-18.2626010007,-7.0411095432,-15.4306451181,-20.8501640759,-29.1602801658,-28.1606345289,-15.473173598,-7.3943177133,-14.6705511025,-4.3359285028,-11.4919902846,-29.3760054553,-65.7577028053,-21.9921459838,-19.4608208059,-5.2426848339,-17.8865989556,-25.7901959419,-4.9118013192,-13.755184624,-16.1641088841,-5.230327974,-20.15622515,-13.981840396,-24.8475066354,-12.4597762819,-9.6184986734,-15.3957159717,-42.1027308199,-18.0105443773,-58.2697498806,-15.6504769472,-5.3310299969,-60.7217757973,-38.5319761711,-27.8579814685,-11.7510693897,-30.4499993818,-32.6204410747,-31.8869803922,-5.6479830343,-50.4106247409,-30.620882618,-39.5807661807,-39.4481627776,-9.9526781572,-20.1455854988,-23.14718487,-43.1564996007,-16.0127544752,-39.2878375074,-20.4826531005,-6.8588299097,-40.7852546737,-8.8404029287,-33.7093593431,-8.9279613056,-3.3136974573,-25.9362035629,-13.4429693466,-24.371891798,-8.0917034569,-30.0238036787,-17.7357666392,-27.7170176284,-23.0183692378,-19.1758336764,-24.6542909599,-6.9998623473,-51.333836139,-22.0085965517,-19.4968364818,-9.9979741331,-7.089443427,-15.8368341394,-4.5887581271,-102.4181487083,-12.2306553384,-7.4519774505,-28.7023911751,-55.6541649643,-12.0067896947,-18.9582037325,-23.4815004301,-12.472284208,-13.3520703001,-5.937590013,-24.1025933625,-4.4199782905,-22.303835293,-14.4624144693,-29.2675185224,-19.3033697611,-11.8201981641,-4.4440866681,-13.2704480412,-34.9876752961,-62.2324360168,-29.1015330378,-6.7403839488,-16.7270480524,-4.2991634694,-19.4521649736,-6.6780792702,-29.4853349026,-19.8054178626,-27.2265222327,-14.1526716364,-78.6885758506,-25.6219179058,-4.0071092984,-24.0184775643,-17.5287168793,-3.9733840705,-9.4507011755,-11.2791652672,-7.8245000613,-24.0676313485,-31.0581789336,-4.1499484249,-35.8624835216,9988.3800202245,-15.4434409244,-31.2257485682,-27.173557721,-23.1074502892,-33.9668757409,-7.9704721741,-81.1561933998,-54.0806310545,-11.5858816788,-16.2387222913,-50.6616017553,-24.1324469338,-25.5052909968,-28.4942199117,-10.8791880357,-5.5529657046,-52.1630757663,-5.8805457175,-28.1788027365,-6.7107318711,-10.0277710297,-12.5471486409,-29.5166722119,-43.6179679968,-9.8470449446,-11.3194231236,-20.7001730959,-10.2638578881,-21.448755301,-11.685846445,-22.1601958234,-18.267105137,-12.7540474688,-2.8653211199,9986.9252078642,-5.014713351,-42.0764921721,-37.8851797888,-11.0128914354,-22.7942558374,-40.1348943764,-23.7763464277,-16.6056813703,-33.1074951575,-88.8503803126,-3.7789709979,-15.2086989056,-9.5383319474,-19.2228474755,-4.3863759218,-6.8665631825,9979.6357419292,-10.381204779,-20.3841394569,-3.9402719445,-19.8167817403,-6.0468368603,-11.0409868174,-29.720932654,-10.2449126767,-12.6012570234,-36.6875955097,-43.3877268531,-6.8644031611,-17.3673342495,-30.686190056,-34.4674775287,-15.5791662895,-8.9100982985,-21.0031696074,-26.784960857,-25.5846048363,-13.6663052565,9978.9719357312,-4.8257880144,-6.1547269508,-34.5135336599,-59.0765268276,-15.7413111138,-17.1563358975,-25.9884695784,-23.2054362835,-12.7060452521,-7.1546688241,-26.4331089892,-10.1956898688,-28.6801767716,-16.341533086,-5.9727120285,-15.9220106122,-21.4188285703,-22.4218319364,-41.4712620838,-13.3728197886,-34.4513704242,9975.4095550863,-17.3975004681,-17.9029311043,-13.107072381,-21.2127703357,-51.4907832732,-36.7835280585,-46.2150540565,-5.0623804595,-41.6330559568,-44.1838233264,-12.6717793342,-35.6314385735,-23.8763495132,-41.6301033731,-19.2718451139,-41.0345661718,-6.9017463682,-8.1692869982,-18.0471275249,-47.0111218777,-11.6597973554,-5.8297214137,-9.1318526909,-11.077288131,-9.857234778,-8.9805690829,-25.2010392623,-21.6498425069,-23.1424358006,-25.1315276514,-41.9824746483,9995.9388231622,-45.2264455721,-21.44188253,-15.2294821661,-25.8471583413,-15.4486324679,-15.627172389,-31.6877289365,-20.9250037352,-30.0568976485,-20.3078449867,-25.799820136,9975.9495133251,-22.2354612174,-22.0963960773,-46.5344234955,-27.8897268514,-10.1609464755,-10.8561673224,-23.8776342172,-17.9486546538,-41.7138656417,-39.9133194384,-7.983217315,-61.8295604932,-30.4343931846,-30.9766809223,-23.9215575501,-33.8744451007,-15.9569198916,-10.3903152999,-12.6402769069,-27.2437084514,-17.7457118076,-28.1954317135,-21.3139805688,-51.8225997065,-4.3420772556,-29.4398831949,-22.9477047775,-39.3957660499,9979.6587902441,-11.1935203245,-14.3142177511,-36.4796267378,9990.5006174618,-9.9702450449,-17.6829353151,-34.6046687101,-4.4732981206,-24.602122093,-30.9091853073,-44.5721309137,9948.0509212319,-11.8717520419,-29.1690103444,-3.7722219702,-7.800591311,-15.0556271926,-40.7415170008,-12.8461594321,-17.2982704026,-40.9697907932,9971.4071188477,-46.867388001,-23.4659309745,-12.7490611404,-22.6552369773,-34.065986179,-39.3207781815,-26.0910613496,-16.8992459206,-8.2969832801,-11.9857333829,-14.9061460702,-10.2615653576,-35.6145088818,9968.6983246418,-53.6181267417,-12.750023,-14.8381091542,-17.1692601936,-44.2209654828,9986.0773805765,-67.895634073,-14.8080467613,-18.6877375442,-19.4841447364,-9.7183615698,-18.6965843772,-8.5608410079,-12.5589598769,-35.3484371179,-26.2215813788,-45.3142619924,-26.2041029173,-25.7625008115,-31.5094362096,-40.1828723025,-15.4240278903,-37.0796017325,-15.289756167,-26.340739412,-28.0886550719,-10.1777784642,9990.7388162921,-3.3290162836,-7.5359146672,-12.2295514662,-25.7370935712,-2.9428227318,-14.0064146141,-22.0410294039,-76.2376188862,-12.0193388968,-13.2187856224,-11.4512401676,-22.223221558,-19.50382715,-3.8454878612,-30.5460245954,-23.2311211162,-43.5470404699,-43.8249611381,-10.5503475766,-12.2243204646,-15.7724052284,-7.879730277,9986.1350916155,-32.0823199789,-30.5863101452,-24.2561038123,-47.0954088472,-14.1775848315,-15.3707178604,-21.9840738088,-19.291282303,-70.3716692523,-23.4276356844,-17.7873254643,-49.2122778631,-18.2738235082,-19.8374374872,-22.0456930345,-41.741098412,-34.4370344157,-60.2454979495,-24.384515113,-37.7253961244,-11.7709287523,-17.6783221057,-4.0223008831,-4.2334367962,