{"seed":{"0":1695858027},"min_epsilon":{"0":0.5},"cost":{"0":205318.7090000031},"time":{"0":19.5103788376},"rewards":{"0":[-3.8090051926,-28.2994388849,-9.5275658927,-6.0427597423,-19.9652278811,-56.8790733827,9978.3860133889,-50.6300399652,-14.5701396003,-10.9183822019,-92.2512625845,-27.5505579981,-28.837020249,-7.2328643774,-17.1462015624,-11.0691558273,-6.0953849089,-56.7645038909,-21.7797641356,-3.8925736779,-11.5301108384,-8.3927748727,-5.334700691,-6.2430306744,-20.6289039715,-15.4933164224,-44.0617341269,-9.1986058559,-27.4836135585,-24.5028986149,-36.8915380491,-20.9402346768,-25.1603880304,-19.4215133239,-7.0092341802,-45.2443336805,-21.4103033858,-32.1467330895,-71.0467152119,-23.6990730662,-10.2531502154,-19.2051423785,-10.5192710003,-8.4077929337,-21.8878856249,-3.3879159301,-46.7867243088,-17.0665726114,-32.0173900345,-4.8142883973,-37.8551094686,-13.237851152,-15.4011089183,-42.0173618008,-60.8741394036,-125.932339319,-12.7201410977,-14.9725266405,-23.2961406475,-10.9657673506,-47.4116438484,-8.5079404177,-52.4181225197,-20.2539744863,-7.2938448217,-20.4120494601,-14.1215660715,-35.0281727313,-13.1400883518,-56.0370513141,-9.3064379891,-42.4801903597,-5.3655510358,-7.1004943953,-19.6294920867,-4.0804275255,-20.3373965076,-11.6821349547,-13.2831807397,-63.1152150244,-44.1356329712,-20.5496084922,-7.9714627872,-8.0899049147,-8.4262464523,-19.7295253377,-10.3892834421,-4.6733214121,-12.6294686293,-49.2103518396,-15.812369844,-14.7976422782,-11.4187433426,-29.5766184477,-44.8979395314,-12.6850997048,-8.5705627668,-13.3202860697,-6.7723359617,-7.9159555925,-21.7782688445,-14.0829384659,-54.3806389154,-2.0306746425,-15.118359532,-8.4354182213,-7.8324078846,-12.8927965566,-9.490573426,-50.6314937561,-5.6999285621,-7.1213160519,-7.5423982794,-9.5641951176,-56.8277383013,-18.9426635584,-20.0900264001,9972.7255068092,9956.5010034518,-53.4977905281,-14.7379895597,-26.560811184,-9.6092890513,-19.9436986212,-9.4655940244,-56.5690314802,-6.3072536807,-3.1134714942,-38.3799815361,-32.8407768382,-39.1000668696,-47.4365095643,-28.1623912264,-10.0676236036,-24.0198202598,-15.5856093403,-16.3628577604,-31.2042769364,-11.3738083852,-9.2936952595,-32.0889263781,-66.179445426,-30.0814897771,-21.5557812365,-45.1315511872,-11.8621669067,-40.0391325568,-5.250882567,-63.5500250571,-31.5277575689,-36.6682583783,-3.9545059518,-25.8081084764,-35.9143362507,-13.7271019263,-16.8838294589,-25.2962492834,-21.8747412506,-5.9732927723,-5.7308788164,-40.4037378257,-9.5857039909,-24.6474318905,-9.4787007048,-15.3141070758,-10.9322925486,-38.1698660159,-12.0990229646,-18.6119353939,-12.7200691202,-36.1766458438,-10.6375078891,-19.7814839505,-22.2753460785,-16.6558664778,-23.3739309368,-16.0265642857,-27.3283041363,-29.7468545551,-14.9101790453,-17.5030899711,-14.4599215012,-7.1175361681,-55.7502492891,-53.5129754159,-3.2697413716,-57.1648803843,-36.4139693035,-10.0439437524,-10.6775141851,-38.6964181694,-30.2719101094,-10.3932999668,-20.343214378,-9.9648908985,-58.4799323739,-6.6661925887,-77.6991646795,-41.2793771072,-5.9585198108,-18.8157794653,-8.3959412587,-7.8912718352,-8.4867565538,-22.6536635152,-9.3202337198,-44.8676707483,-48.3202931828,-10.3697998893,-13.6149904896,-4.1223717767,-36.3847801127,-14.8521405068,-22.1394259645,-6.002212315,-39.1877925282,-7.2967522178,-5.9448823404,-12.1381182561,-8.3873408872,-4.2124057725,-36.3973935158,-8.043933072,-22.3078806681,-12.6246493296,-49.8223789212,-31.0860352882,-28.7293886476,-37.3594437078,-14.5184654477,-54.8843313683,-7.153989754,-15.9548648396,-9.604661926,-35.9626558923,-8.2475232041,-6.5346729236,-19.9077202705,-26.5568914251,-13.3876143924,-28.1422472013,-28.6097492883,-62.5433716346,-60.4541955861,-9.7360410198,-35.0606623848,-13.6881835853,-11.3862084583,-24.3092762082,-10.2755513574,-17.1981615847,-19.7601115726,-7.9453002484,-4.2549927096,-15.1768429971,-4.3274761249,-82.9557122195,-23.0995615369,-6.9275001939,-7.8903145821,-26.4048685543,-18.4365301537,-12.3002574805,-52.7437650285,-29.9623824879,-10.2301333677,-35.3814956106,-69.357066266,-13.5144328653,-48.4759378444,-8.031137145,-46.9459710123,-17.4790170492,-26.5656852789,-7.9621128332,-12.6621776864,-24.790941985,-49.7689339394,-35.3305944136,-4.3525065946,9980.7936788147,-15.2169694278,-12.9190401586,-5.5899230819,-14.7230182073,-33.2501210614,-26.2733001851,-8.392967925,-37.3490653589,-20.6421686083,-6.6773882873,-17.2381357388,-10.4699575217,-6.0131202402,-9.658929704,-10.2299012317,-9.001375965,-37.7181151778,-4.3501282848,-20.8872807862,-34.299792334,-10.5332659888,-12.6094560715,-59.9917058943,-42.8055468052,-83.3390067656,-22.173350945,-40.1229804933,-22.6053700975,-44.9564332402,-73.3872227843,-11.4759967181,-7.9922544212,-12.6925710137,-42.5695843552,-5.6553388944,-15.7456741843,-11.8571185263,-11.2846475308,-22.8338875995,-17.2009098869,-3.9034272107,-9.2636936722,-12.46901198,-10.4350891583,-40.9082576945,-39.4836132091,-12.8138918516,-37.6689060764,-22.1094653998,-14.4155610237,-25.0233988772,-12.6389734953,-24.6451184555,-63.7049708148,-21.510455863,-13.8775275765,-52.8290172417,-40.9004543328,-8.3075710046,-23.0862778597,-26.9147888634,9931.2057110297,-9.8265169057,-10.3598762801,-110.0239045563,-21.0028309018,-7.8933330321,-43.908952385,-22.63669333,-26.015560424,-28.5993779353,-27.2675742042,-35.700970209,-4.3962962893,-14.7645756139,-17.5602029203,-19.6548747033,-16.2224002378,-9.3919671268,-31.5590871826,-21.82786592,-5.2720844779,-10.8351034239,-57.1928467401,-14.9659399412,-7.1998329622,-5.6523321314,-29.2521754828,-11.240786537,-4.988207162,-8.8894764785,-38.7213109268,-54.3661287408,-53.5822779372,-23.9277154406,-10.7478809046,-27.1484282186,-14.2625836661,-26.3001884312,-11.6063367652,-22.3468360208,-18.1714355914,-21.0266025492,-8.8422027238,-7.1138616144,-4.2173372668,-29.2267165245,-36.2413646825,-6.6827236481,9953.7800957093,-55.7741427694,-36.7345063557,-8.7656627383,-40.3567812466,-48.7766512449,-18.1917023014,-37.5431100963,-65.5286115739,-8.8076990902,-25.3331342216,-65.0553442601,-21.9241802076,-13.1499221495,-27.5327403866,-30.9187321938,-16.2667480227,-7.3765422282,-25.6829176362,-7.7117900355,-27.5325810366,-9.506392618,9986.4980784366,-16.2512701657,-3.8148908204,-74.7733871435,-31.3714874702,-25.8429694888,-13.6983568934,-5.7739522339,-61.804243881,-20.1589031044,-75.0743316275,-49.3189065699,-38.975461002,9970.6091777794,-45.4031915766,9980.0243574707,-36.5799846012,-10.4061710784,-21.394196623,-17.1699062045,-45.7995240188,-34.0768301341,-31.9014663998,-36.7014913386,-35.9527408143,-44.8779822945,-69.3668797951,-26.1303987779,-26.9610040443,-10.7212163208,-58.232847627,-104.0390849362,9979.4186641042,-47.3677781548,-10.5975597359,-48.7466373587,-24.0129608716,-13.6709266452,-10.6108962136,-25.7228539578,-38.4267975518,-26.7841566578,-26.0138553594,-27.681553402,-21.0168156367,-45.1356709078,-116.5000769397,-33.6580964672,-19.7606866108,-21.3316555139,-18.6106660651,9973.3819890037,-30.6340622365,-36.7908018033,-87.8310706638,-27.8380178421,-18.5534832671,-23.2229399291,-12.5055487568,-77.0112653048,-14.6735833089,-45.510852256,-12.7363662677,-17.5180270355,-10.716881126,-53.320488315,-14.8814049151,-26.4472162003,-53.3680541685,-16.2568144381,9978.5575175342,9986.4597575934,-23.9440715071,-19.5711679255,-27.6737656871,-26.8177534252,-7.8920261558,-30.4859741161,-2.7461284667,9966.1480721958,-10.5312478673,-12.6658411494,-26.3886140852,-16.2597530356,-5.8427736682,-37.7299976153,-12.2079676283,-19.8554610943,9992.5516305956,-10.0844962807,-9.539829816,-23.2499535904,-12.9527775952,-33.8431328338,9977.7129926704,-37.1578104363,-29.6532034005,9952.5034267387,-39.8380386382,-43.9309121085,-55.3726025233,-16.6621807958,-14.4317954354,-29.9833524425,-39.3963007206,-28.9714778349,-41.8289453529,-79.9637488258,-22.0738489902,-56.8902245021,-73.3785219741,9977.061510083,-45.2383745765,-5.2288428207,-25.7537601142,-15.9468863096,-34.2604185983,-36.2830012988,-65.5176500604,-10.6093589219,-19.7019038136,-63.2613436144,