{"seed":{"0":1277478588},"gamma":{"0":0.5},"cost":{"0":63424.2360000001},"time":{"0":42.8641321659},"rewards":{"0":[-13.0271578701,-88.074704762,-12.1864684411,-4.855374128,-21.5805692431,-42.9718428185,-33.6436754712,-14.4062785911,-50.3658055198,-17.0148170455,-29.1633845393,-37.0185534344,-17.7118204539,-9.8140647807,-28.8177513,-18.0970828163,-34.3848518967,-13.4246747443,-18.7521228175,-30.5269344156,-23.4217170894,-20.7607541061,-3.8480298604,-14.353280561,-17.4253518209,-55.7162051485,-8.7771458822,-11.6404876486,-29.7107808631,-19.1271964232,-56.2219449554,-17.7178527656,-28.3362155444,-26.6249513291,-5.9694030409,-29.3374104983,-27.7484401343,-57.9091528103,-19.1496416097,-16.1530806987,-25.0670919654,-12.4160012583,-14.2976394385,-39.61421017,-44.3324139413,-23.8206648394,-29.5002944228,-46.4624049839,-35.9236917364,-43.4064684795,-34.1233526227,-9.4388799273,-6.8379887947,-61.5801280883,-32.477690037,-87.7366555483,-5.8372234871,-11.4414597235,-34.5292226661,-5.7781835549,-57.2947872771,-4.6292995805,-16.5772816811,-14.3518995548,-32.2441638103,-17.3544985317,-69.780517839,-4.2549279863,-25.335876047,-18.2565832756,-5.5121077799,-4.8293057183,-44.9294325024,-39.8215663295,-4.4495232652,-13.3570610654,-17.1779694989,-16.360308348,-10.9548334257,-39.4261363091,-28.1636952656,-55.0619726522,-13.598750573,-62.6043743371,-15.3870499982,-57.1766230179,-21.0996837112,-48.1059500268,-47.2821299719,-4.3132448083,-49.3468991616,-26.8529650394,-22.1621128627,-34.9472283014,-9.4082350166,-11.4347810242,-56.8641089921,-27.9318722799,-14.2688281971,-2.794247342,-42.1834072108,-16.8843484048,-32.8035844783,-52.9975333695,-6.818290276,-11.1421304706,-10.1813452918,-31.0180432293,-20.2299375287,-8.0942766884,-12.2293812901,-39.3336050591,-59.2163672249,-13.3657844211,-18.3179728364,-5.6806845187,-20.6592137088,9955.2577724754,-23.6150445279,-20.8349524991,-64.4037409923,-20.3385153033,-4.1130948157,-62.8222606688,-33.0164013664,-24.3356516335,-39.9709662632,-33.7493051813,-13.4369465186,-35.2408225426,-22.1813414557,-13.1298874672,-45.5846221126,-34.8092715384,-24.9606681768,-75.2149632019,-79.2505356194,-3.4451404886,-7.8194545409,-44.4286700719,-48.0240486881,-30.1004892982,-50.7640378319,-14.6277459486,-37.023386956,-30.5023371611,-142.1528025794,-41.3342476106,-7.1924029316,-34.7699416333,-79.5364077344,-20.1248256959,-31.6826716332,-6.1578317436,-37.8555275731,-33.3378535711,-14.5460517609,-7.1257367764,-26.8744780468,-36.1822065026,-38.4386900389,-56.5583254533,-107.0839862743,-16.875352684,-16.3452093471,-54.1739300559,-56.9187546393,-36.1611250597,-26.984179807,-25.4460688316,-35.7540849971,-7.737455381,-11.5405028013,-14.4546751854,-8.6532542835,-36.4604312959,-48.0546475653,9974.5201847479,-25.7599005676,-13.7585099711,-20.2853082041,-67.575453766,-57.2967782277,-35.9677055541,-50.0146616823,-44.0426117129,-55.2662330563,-61.8479493017,-10.4789655497,9957.6056728665,-26.3919046185,-50.470783088,-10.1708093655,-53.1145276096,-33.2859987072,-52.7379406513,-3.6521801676,-52.6030221019,-38.2949560667,-54.997009738,-19.4440433559,-8.3937881575,-52.2390809404,-22.5635962935,-12.551886512,-4.1702953243,-53.8300767801,-28.248042136,-22.0877015646,-27.3316160266,-5.8055063785,-81.2911698081,-23.1493730807,-46.2047111491,-40.3776572381,-47.9715608631,-137.2700365775,-8.1729614335,-35.5263398158,-28.0518721265,-23.3508196847,-45.8247407257,-18.8070600105,-36.064748091,-58.5393078474,-6.1766210999,-28.7215412029,-26.2213733723,-60.5781678268,-35.5441797303,-8.1952301581,-61.4042722961,-23.5280967625,-10.1196334963,-139.536994662,9963.618247695,-26.3925490881,-42.6518694412,-53.4458290736,-40.7461384574,-17.7582606227,-61.4706200526,-12.2186382128,-15.0382385266,-50.8715165558,-17.1181143895,-44.8109786155,-34.0531994269,-50.2925910937,-32.5731655155,-51.7697594172,-7.1652431434,-65.4071839174,-20.1584877215,-24.2077436085,-49.3740167524,-23.7026175821,-53.0821756218,-8.0491638199,-29.8947941821,-14.6620946411,-6.0731856552,-6.2918200319,-3.3404602203,-59.6295431747,-32.2066061965,-21.7061660008,-42.7967465796,-61.5655680635,-93.6862027892,-16.4311213578,-70.9729169344,-27.8599621374,-24.3261687244,-4.2999526238,-30.4908402847,-59.906126105,-14.2124562921,-58.4035300052,-97.9665432073,-37.6016027344,-7.0325188594,-111.0640211447,9963.9350083148,-7.3481574117,-9.8168996795,-33.2730230033,-10.3705891718,-19.7174557263,-13.7320924737,-85.4778223834,-10.7222777395,-18.5153665708,-26.1939680719,-53.5142214865,-31.9218830019,-34.8629447271,-8.1996608863,9932.8258378584,-121.0854286586,-40.2661697602,-3.4258601079,-37.2281614013,-29.7882457194,9875.8766301148,-24.7593270664,-12.8440115161,-48.4283075577,-84.1589307943,-36.7198379619,-96.8357791848,-44.3023482859,9944.7933439338,-108.0696257281,-78.9458127701,-61.0741255066,-78.2472250407,-16.7860015843,-12.7321404253,-63.8781262048,-41.2088464954,-22.5365074737,-77.5069059899,-52.7469804875,-27.871255699,-4.2091725663,-59.2358931178,-50.212632754,-62.0845827923,-48.6858978171,-14.6765721892,-31.2684273217,-57.7352822144,-80.4079070276,-38.5384504727,-60.5286376566,-39.5023908669,-88.2477103109,-18.1325689208,-27.9095556037,-29.371494498,-33.0149436377,-42.1804399656,-53.1148555985,-50.9721094294,-32.9948404075,-36.0540548835,-23.6961153447,-123.6419453774,-127.3651744767,-41.7652845736,-34.9148226078,-81.104012782,9913.5540577606,-34.7005690896,-14.9275144382,-59.3112270048,9895.5380208263,-50.6414198278,9974.0030554762,-37.9690788881,-11.2982685635,-40.5881494325,-14.8612779294,-65.0805030699,9960.890125614,-29.4935658539,-43.9089015438,-51.0668483713,-47.6867858807,-9.7305561043,-108.759614776,-33.8582435519,-38.338896998,-18.5993279103,-64.3790919501,-18.7826583985,-15.8122924894,-23.7570886855,-10.9410156917,-51.4866224617,-26.5617645423,-32.212511916,-33.1785046388,9955.0767455822,-56.5846815726,-65.9419555431,-18.220468046,-20.1570299928,-33.858784446,-75.22142516,9988.636432861,-31.5649197578,-70.0208493572,9943.9245702098,-27.8202984891,-21.1117425804,-40.500927384,-48.2347250167,-50.766105505,-56.2327052952,-60.6026269806,-48.3847636657,9898.4295197743,-20.3974535781,9958.1053324101,-23.5958389517,9916.9178819201,-18.190082074,-20.0377494203,-30.1197274814,-11.0691596386,-76.1815965582,-83.8520693035,-40.3623817753,-53.5345050148,-20.5171791414,9983.7860552901,-40.2594603718,-8.9510836103,9983.1238494013,-78.0547146976,-12.6840104419,-28.9821926926,-29.6403840732,-25.2868982793,9992.154016714,-46.9610345271,9981.0263580374,-78.5058453005,-13.0594177908,-11.6641623143,9969.0580444569,-105.3356631419,-57.3335551894,-48.5829649052,-43.7685299381,-9.7261061955,-21.4042128361,9985.7445061848,-54.0438757171,-19.3156097814,-12.8586540177,9993.9385759141,-15.2696606369,9953.3528969482,-47.5522432719,-6.517436162,-62.7419244705,9966.3907058284,-6.2860562491,9988.7044934489,9902.515491245,9936.4945728375,9993.2069476119,-27.928824476,-9.9480703316,-74.2942310385,-25.5451483527,9954.1837313636,-9.6266334714,-11.3263164154,-38.0489489968,-34.3183890563,-51.4663696225,-17.3457483231,9974.175876891,9989.8940518913,-31.0486305981,-25.5687443777,9946.5518999384,-33.6549383438,9980.6942644128,-23.4114094127,9987.1881755182,9973.5116896419,9969.4971181086,9983.6256974561,-29.1065427086,-30.119414837,9927.8971284662,9917.4120999158,-15.1842569132,9990.5013109968,9987.9700187395,9963.5973618946,-58.8837614772,-39.4896894462,9991.1478789088,-22.0615986297,-15.3522217896,-18.9476099962,-99.852234257,9980.0620225219,9985.8567723968,-24.7504771185,9944.9727366364,9993.0961717358,-29.8370393529,9940.0076780107,-31.9685322398,-3.0942613439,-8.4969474009,-25.8345516237,9951.8959085774,9972.8365770995,9966.9721535449,9966.6214815511,9955.3141673971,9882.1955888361,9984.8045876258,9995.8029150739,9961.9476982271,9954.1483066371,-18.2921077415,9969.9788936222,-19.4154680364,-22.4999376629,-40.3725283346,9990.3054267789,9967.995872326,-89.50654923,9991.2161217127,-26.3996305808,9986.6937158465,9992.314821457,-14.9567303912,