{"seed":{"0":1000004583},"gamma":{"0":0.9},"cost":{"0":1719.062},"time":{"0":14.547747612},"rewards":{"0":[-34.7434148063,-44.6643387762,-10.1214249682,-17.5699470039,-5.624439206,-54.3901035563,-63.627818835,-29.5495560641,-65.453165669,-11.9447463264,-7.8619492519,-20.0642666569,-19.2123699792,-10.157275505,-37.4263645588,-9.7518830595,-3.1415281984,-7.1080522251,-15.4047748289,-43.2674817161,-7.7110282934,-23.5973618946,-24.5765259639,-10.9967316187,-42.9660675274,-52.1781421247,-40.7231178516,-43.8794937845,-45.7663280005,-12.0477770596,-9.9096476708,-45.3240799526,-25.2315065051,-16.4899771559,-18.3706064343,-51.9592142842,-26.4631664554,-4.5847640493,-74.4176565476,-16.4204089696,-9.9816306998,-30.3132332999,-4.5898507554,-13.2615568159,-12.5690646944,-40.5647739849,-14.549703755,-19.4620808311,-8.5663870769,-26.3874911529,-40.3899424389,-16.3294486141,-37.0916144154,-5.7991019624,-8.785274638,-18.6451888238,-16.6783042011,-8.7660537173,-15.2536313749,-29.8804547346,-50.3938399452,-44.31455101,-40.5377062638,-19.334498877,-13.4670179281,-38.3278067512,-30.3180035254,-10.0457956993,-17.7087112719,-16.4966827081,-8.3410644105,-11.1964730637,-6.96100192,-35.1243845412,-45.9636066511,-5.2630759227,-8.4620156169,-14.0409257345,-16.2744634695,-24.2016096394,-8.6996752717,-40.9918865887,-19.4209230108,-4.23476146,-23.6719362282,-5.5729372659,-30.2165897203,-11.2191023843,-34.7183341997,-9.0720961948,-77.8863508638,-28.5007029705,-26.2720946603,-33.2422725991,-8.3241259861,-32.8852383866,-3.7482253112,-18.8646518042,-4.3672785931,-4.5087703483,-11.2074693254,-17.3141884958,-8.907530128,-5.6495926991,-8.8788589053,-27.5480868269,-19.3080200016,-20.7157160421,-25.6267044397,-13.260331173,-30.46432113,-18.3370019507,-16.416321575,-46.6040329217,-6.4200982432,-31.8867843463,-5.7833565739,-36.7558611245,-19.0299755063,-11.1727331839,-10.8778193145,-5.1227139073,-10.0381982473,-25.9131212849,-8.1195586918,-13.4650423221,-68.6801282801,-10.6021263659,-8.9298832474,-6.2231705984,-20.3218933595,-12.6743127097,-13.4809871892,-92.5476245735,-16.570936725,-58.8954405697,-23.0214190222,-4.9507959007,-6.4312939836,-55.1567346109,-24.8348374153,-29.9968064232,-8.7748557136,-7.5461131389,-19.7029762601,-23.671002131,-14.625664849,-9.8517950203,-9.6322821703,-35.2516250798,-19.5239748427,-12.2698198362,-2.9954100725,-18.4370616025,-5.3955623668,-5.1936209023,-39.2154753251,-22.5643021411,-43.0183290209,-30.3835054157,-8.0252091169,-12.2054956374,-41.81105342,-16.9409332149,-29.8495911646,-5.3567541751,-69.55529683,-6.8111205522,-8.401638794,-49.7620430452,-45.8076028226,-3.259974413,-9.9534716002,-7.6636290924,-21.8736302624,-15.6365038294,-5.7832069649,-9.8594807033,-2.9630523305,-55.0833034435,-16.3749757844,-30.685266774,-3.6181095943,-10.6913796444,-14.5311042871,-16.6963551027,-9.7589031742,-25.0613799704,-4.5726898356,-7.9305123725,-9.8478553166,-3.0776470724,-5.8198573344,-17.8809572674,-53.195527458,-6.8914816854,-32.5968248366,-23.1471749792,-20.7937045299,-8.7386618434,-9.9895158614,-13.9574189762,-6.7310567191,-13.1298740407,-6.6417248,-14.0163419064,-7.809049043,-25.9707936374,-16.9971152315,-26.6003099592,-8.0483141175,-6.4319537977,-3.2897216697,-3.3515140239,-9.5476744431,-25.9893950234,-11.6956013035,-6.2216975251,-4.2653354023,-31.0646157446,-20.0956481043,-4.9261430224,-16.5713817159,-40.7770825861,-13.71320146,-14.4328591239,-17.438544266,-21.6722968243,-23.6924249893,-37.3774635136,-23.7043150689,-9.0872680821,-5.6930982298,-50.2313089445,-22.1843604886,-12.7567069908,-8.5984609453,-37.5693869292,-10.7354970375,-35.0355398104,-28.0313450041,-22.2693748454,-24.0759975372,-42.1694552122,-13.7545702673,-10.3024940588,-5.4567390224,-34.8941727293,-17.3898062563,-17.8920743672,-6.2516749495,-15.9442226949,-8.4784994601,-14.87792289,-13.2696222756,-13.779294114,-18.8951950575,-8.476732923,-20.123901189,-18.7642334744,-2.8851271389,-3.0873409685,-14.2062264198,-6.9896731427,-18.5043012588,-7.9983715635,-30.0946315303,-7.457174423,-45.9727308822,-11.0401719353,9986.4985892638,-23.9571389388,-56.160267685,-6.5041593221,-17.018931293,-12.9094021586,-15.1303554748,-6.7043994637,-7.5475152438,-5.4373704108,-4.3048206706,-7.4970797474,-24.3866011712,-29.3134577134,-7.2800316097,-7.2123834057,-12.4729332379,-15.9699516072,-17.9717354069,-18.1082440315,-34.2762031537,-6.912584227,-18.9233752558,-5.4556150369,-20.9373195821,-8.2097403133,-13.6052585646,-13.7484036911,-21.2123392902,-6.3461127553,-10.4614229351,-9.9363087623,-7.5475305883,-20.7945503962,-29.3071434463,-10.7784827729,-18.9373138279,-5.7203865283,-12.2242581407,-12.573211549,-23.1431662252,-33.768107964,-6.8128410558,-8.4111255392,-121.9871374619,-15.6671851833,-27.1554475899,-58.820772251,-17.51976661,-16.0313315777,-10.8034195247,-6.6118336885,-12.8091449462,-3.7101344755,-4.9211176943,-13.667983098,-13.4602394895,-15.4126101209,-22.8311278793,-25.3524366128,-9.1080234541,-10.0600737687,-7.4754727549,-25.7285900886,9990.1677116919,-6.1715650828,-15.0707919111,-9.0693322643,-5.3080200016,-3.7674692486,-23.1629625651,-6.7919610096,-55.9194470605,-18.0637622061,-6.8361973228,-39.71822487,-73.9427534578,-14.4583636228,9984.798703005,-13.8210388619,-12.571295403,9989.8265360337,-31.0443590693,-26.3116125357,-18.2270354976,-11.1108104013,-10.8047372348,9989.0763830681,-23.1918121678,-13.6610397058,9979.47245564,-17.1832422573,9976.8357312332,-4.2481073502,-24.4220143893,-4.6219706575,-26.0601984429,-3.7239560456,9983.2233911758,-47.3807165504,-65.330551501,-24.493690528,-33.0672434925,-24.8459276621,-6.1916337879,9961.2644128134,-19.2445244064,-15.5368642337,-40.8197173157,-39.8907087055,-5.3813303309,9990.7355277266,-9.6445558627,-19.1409067456,-11.2529331996,-3.2161044501,-7.7235551702,-11.4521395046,-8.7141067863,9979.6472104634,-11.7453098537,-44.8741443036,-14.7645384466,-43.9478670168,-4.5848541984,-7.0245013513,-19.9275125202,-26.2657995738,9969.3950866869,-5.9210026105,-3.9303109757,-7.8974468648,9992.1953644226,-22.6346586517,-35.9438736072,9989.2435078324,-41.2325480139,-6.7305733669,-15.6627621274,-5.2100088423,-13.0206844036,-11.8211136664,-11.8124363442,9965.0139750153,-3.3924762016,-13.0757098276,9983.6435354525,-24.3965271531,-7.5364921292,-44.1232183582,-40.100186244,-10.3209611803,9972.1949117595,-44.4873110467,-22.7688023032,9990.2994635175,9983.2598631653,-16.1814718841,9982.9457935894,-19.6460135914,9966.7519636182,-30.2350779405,-15.5953575176,-3.5778206572,-12.874992088,9992.5881302519,9975.5592959937,9990.4566546276,-12.8172161601,-8.4913351453,-20.0433655121,9944.8956669013,-10.868861955,-4.4211167353,-30.8906300649,-27.7337554353,-27.4286547274,-23.9254179941,-24.1913575866,-5.4026476957,-21.359978441,-30.9908891954,-8.0933406731,-8.3603793164,9972.1991046477,9990.2072986177,-15.5756359821,-7.8067205131,-4.627488928,-24.4469146979,9975.1680665338,-30.4714659189,-13.8238277272,-12.4296291039,-11.0082189048,9991.5160743365,-23.9347954097,-57.7283369041,-12.9205269306,-8.7192337717,-17.1232317846,9954.501853809,-22.7010908031,9981.0929704867,9972.0423892174,-16.7158963401,-7.0995743816,9982.7138785367,-22.1508902695,9991.7717062523,-6.938871296,9994.2236731312,-11.1781459608,9969.3174856481,-83.844667494,9968.3242851855,-4.11388314,-3.1452166358,9981.762816025,9977.9122428116,-20.7549136008,9940.2125598676,9983.0387736665,9987.6130612495,-5.0777333852,-3.1523518343,9986.2906250779,-4.9915202385,-19.6547081761,9982.4265908903,-29.3326652077,9993.3378152099,9984.0009724585,-19.0009993114,9991.4344856423,9984.4388223853,9974.8607926592,9995.220976333,9963.8390993538,9993.2377613123,-3.3524116779,-10.4914233762,9977.8126128061,-5.0388197001,-9.7186852054,-9.3235083695,9949.7771861616,9980.4608916313,9984.8881461718,9986.8022053901,-3.7086326313,-18.1105840697,-13.7575547751,9986.9167886236,9991.8042922439,9982.4447798926,9989.4801336507,-15.825287374,-22.3096350116,-6.8447787417,9989.8961214825,9983.9627550306,9991.5760924814,9995.3427791598,-9.6290080348,-13.6387402922,