{"seed":{"0":2125204119},"gamma":{"0":0.9},"cost":{"0":1712.931},"time":{"0":14.5295314789},"rewards":{"0":[-19.6152785317,-17.8255501487,-6.961421976,-11.4708636467,-13.4152896565,-35.2644703554,-9.2923551718,-11.3469969829,-42.150608314,-8.0179492442,-23.3568059629,-54.1863993908,-7.7176686314,-26.6152804497,-39.1043561155,-7.6638208988,-9.7276061217,-16.9885318945,-31.2255911953,-34.1725778207,-13.4316296448,-24.9621853656,-13.4798689579,-78.5869813315,-28.7296891393,-16.2148519542,-20.8249459585,-16.9959643931,-30.9716893733,-59.3978314367,-27.0701647042,-8.3682414613,-12.3713717419,-19.6273911067,-22.2000982049,-49.4019054049,-15.3537217157,-5.0615947936,-22.4052831159,-11.5981061035,-35.5854833234,-20.3153681053,-25.7970304531,-35.4770455674,-15.9899320813,-14.9763943847,-10.2422591727,-40.7485111027,-27.1859965974,-45.4740092719,-6.6085748975,-24.6497327178,-29.6920509668,-39.7947901542,-16.9763368428,-9.6815629921,-38.4415191835,-62.8340855342,-13.9382517613,-9.5167993647,-16.9202046958,-22.0891247682,-6.476015567,-14.6106157178,-10.4430018471,-37.9262063185,-14.9468350983,-18.2778507708,-10.4097982388,-22.5087818566,-31.1034354447,-11.1020793733,-28.4380014539,-14.8818798563,-33.9332590403,-44.3369367365,-21.7866307094,-20.1542066024,-16.463724612,-34.9071925487,-16.6545029433,-15.0602195416,-9.09109462,-5.5609551192,-7.694718994,-32.7077253869,-11.7517161879,-5.5770054799,-6.9370318725,-5.7276061217,-20.3147447344,-11.1312608011,-36.7471396869,-34.7268926018,-30.9880101811,-60.4591423568,-24.6118854762,-12.3711396562,-12.7171258193,-21.0343064951,-17.4733513759,-9.2409357084,-12.6400618384,-15.7477189422,-16.7240500308,-32.0212195435,-9.941295729,-32.7739369609,-39.0662058198,-47.6869374078,-7.9204271912,-14.6143444344,-27.5828037878,-25.2275150136,-4.8763654219,-15.2529964957,-7.1964615553,-22.0389098491,-13.8585926396,-11.5056995276,-8.8752395183,-32.6370562319,-12.8871142533,-42.1210816347,-26.9381098245,-2.7587593194,-18.186345685,-6.6316031755,-5.6775024503,-22.2641251038,-3.9047009834,-28.50331921,9986.9454445018,-5.1664687864,-40.2145489001,-6.1188221552,-17.8482427655,-57.6495428294,-53.6603223499,-27.7612374583,-13.5273237827,-21.5772126308,-39.1054954456,-6.8974161758,-14.1584493602,-81.4595087071,-12.6926417306,-22.6083389756,-12.4081141785,-4.476165176,-3.0911387355,-5.8606468863,-18.1310056986,-18.6873843168,-8.8891301387,-25.361894587,-17.7169512754,-7.7990674372,-15.1198770905,-19.4326711537,-39.5316988869,-6.9322980902,-15.0409660138,-24.929064234,-6.9798334737,-17.8020078295,-24.5074545563,-32.9777523741,-4.5013512762,-23.8625400156,-6.6707873078,-31.1124752809,-2.7415485299,-17.3298207185,-4.2897542768,-19.6893637589,-19.5225554752,-40.1105533807,-5.1686572976,-12.5202959957,-29.4460304704,-16.1770085488,-25.5822264505,-11.5423652416,-54.9043691583,-67.7938483847,-4.4055823339,-3.2585013398,-16.2872339405,-13.2773060406,-2.8464954091,-45.0103076767,-6.6426704056,-19.4335803161,-27.6296064708,-11.6957854377,-4.9128872811,-26.4990265825,-4.2776532102,-17.8663109297,-5.8608866443,-33.9858485228,-4.3168795398,-22.0524571361,-11.7603091152,-10.2511283012,-22.694149329,-10.3779756367,-4.5580204811,-9.9873350225,-23.6607366517,-23.5234914905,-36.0344234971,-9.4041648845,-12.1050447005,-5.4038752568,-5.8469749251,-5.6356426186,-21.2140406131,-6.2205965563,-41.5629940214,-28.0065827961,-6.7353666092,-19.3391022309,-13.2160526624,-4.0448769466,-5.6999457188,-22.5140315982,-36.2128149701,-7.0236190418,-11.9875766986,-6.3099553283,-12.4290824557,-10.6166710462,-13.0878262387,-10.8368494646,-5.7686028245,-14.5883469931,-7.3761975913,-22.3360199018,-30.6865461227,-13.0472457558,-4.4646299383,-25.0033527761,-19.4487253505,-11.269066037,-27.365512056,-16.2914268287,-18.775883796,-28.446826467,-34.3772870517,-15.108679432,-5.8535519671,-3.1880757789,-4.8245585096,-47.2916589145,-25.6112160718,-9.5572666819,-11.9694260577,-7.5351571566,-26.2157994779,-37.0886164812,-11.9889596228,-9.6572879724,-50.3895837609,-16.5313785702,-4.1590669769,-18.2606112103,-26.8706304101,-20.6580954774,-7.4953995232,-14.0366772224,-12.0452298704,-11.5238079711,-26.6579286058,-17.9763214982,-11.4283842803,-7.1590036808,-17.4481940467,-11.1952666013,-14.4701520449,-7.4241069973,-36.3685368431,-5.7528938793,-12.0316327137,-53.6293321876,-15.982593568,-12.6224981251,-9.6482423819,-10.7299020445,-10.3655484992,-15.4318636487,-4.9788130636,-9.3492660528,-24.3311019854,-4.1398172852,-5.0897270403,-27.3260191154,-13.6096010618,-13.4765200179,-15.0887200566,-7.5751027603,-16.1128109422,-5.3555975825,-47.2612154005,-26.1415684778,-17.2154407999,-26.5354352759,-17.559602884,-17.3746823206,-12.9968064232,-7.2130758268,-13.675310103,-11.3757372559,-6.7435816779,-19.4860815676,-7.4929041217,-21.209523572,-18.5871136779,-7.6494680249,-29.3454606135,-10.9253796328,-18.3547804871,-5.5732364839,-7.3166666347,-8.0114297442,-3.1746032964,-4.6803853007,-23.3220161156,-21.7853897219,-46.5127771842,-18.3667875686,-16.4583367699,-14.4427946962,-10.3821781153,-5.6870946891,-22.4584959692,-5.7314921196,-5.0284985969,-22.7265147432,-22.042676927,-19.3437305197,-9.7172485754,-7.6948839475,-14.8742306165,-12.7810184537,-20.7209581114,-5.9910944282,-7.9761028389,-16.8347338398,-3.685028934,-25.2731822027,-51.2087275754,-7.9175539312,-10.492104289,-16.0571890003,-11.0599529307,-19.6748056522,-5.2996188807,-2.8539547605,-3.8225464603,-10.2588638539,-17.5467633627,-22.6947324205,-25.6816704037,-13.1951860426,-22.8794937845,-28.1590727311,-10.1008652387,-13.7882802445,-25.0740794731,-7.1318764997,-4.2499832169,-12.6310526911,-18.348853669,-8.4848405801,-5.2178498885,-10.443565758,-19.1702895701,-8.8315440992,-20.0644450369,-3.3395050244,-13.5805577347,-13.3152204143,-5.1477082011,-7.5593861428,-20.0841665724,-15.4838374326,-5.8183248011,-30.1723687517,-20.7227860265,-28.6263419256,-15.3910990316,-12.5843670101,-14.4432761303,-15.0432811172,-14.4320170938,-9.7799750268,-8.8206974465,-25.1600816328,-8.5245291632,-9.4152090978,-10.7943720162,-3.2936421928,-11.8307270038,-8.9860710182,-17.7731467185,-5.63532422,-4.3105249933,-5.8353878997,-27.3286948149,-28.4208482063,-10.9782376443,-20.9569375421,-15.2324482746,-5.6283520568,-9.222888643,-10.485345031,-5.8895789657,-6.7140032108,-7.3536641738,-3.6924959577,-28.5675302431,-11.5418243475,-7.9986381745,-13.9683826308,-33.6281353156,-17.9578198516,-28.5350957785,-5.3417836846,-6.2196624591,-25.4207810741,-22.2744001734,-11.3974459058,-11.2201323848,-28.6149524608,-7.5204590311,-4.4558221878,-3.1923031922,-17.8467716103,-38.8179066632,-8.5883450751,-14.0779750613,-18.253873051,-9.4443713449,-21.7031603943,-16.2035583926,-5.9119301671,-13.1660506484,-3.2328376416,-7.8367573975,-4.2475472755,-20.6466139455,-8.3813878728,-22.2799146078,-13.2397599351,-16.5441739761,-4.2008078886,-6.407529169,-57.6248093924,-28.5863253535,-12.6461075765,-13.277260007,-5.7425267426,-16.1793198161,-4.4893806379,-25.229080154,-28.9674984032,-46.5051989128,-22.4799456804,-17.6167477688,-46.1975970493,-12.9261737114,-10.10102252,-9.0879202239,-20.0887334831,-29.7923829837,-13.243736082,-26.6105946191,-7.1931912559,-12.7503601165,-19.8141530116,-2.8524816873,-25.1533990974,-24.2031364185,-13.0034333348,-8.6071056604,-21.1670480418,-24.6685124837,-6.9073862732,-9.9084507988,-6.0463596102,-4.326005689,-8.3331619863,-25.4687883013,-4.1301828491,-30.2653584191,-6.6979202431,-6.597195023,-38.2529370357,-24.8686893292,-3.980800178,-34.3000523632,-12.3984126101,-13.4106364329,-7.4211742772,-15.0132365606,-19.4343091804,-8.0567114023,-38.6586613063,-38.3923841345,-10.7328290103,9966.5976822113,-31.5297539699,-5.9775970109,-16.1456482002,-14.0352022311,-2.8539547605,-21.7141432295,-42.1924681457,-25.5100823041,-17.7629080921,-15.6232672688,-6.7931597997,-20.3793393804,-7.7234170696,-21.2055244083,-23.7883128516,-7.9683845488,-25.6513285471,-7.9592852526,-9.358693338,-12.6725308281,-19.1515021319,-9.5727301149,-17.9326452598,-3.8712729616,-21.232279485,-25.3547613065,9980.3419946716,