{"seed":{"0":1598189534},"gamma":{"0":0.1},"cost":{"0":63424.2360000001},"time":{"0":59.352401495},"rewards":{"0":[-13.226688328,-17.8296049363,-12.0434940224,-29.5065377216,-34.2207231485,-38.7899182713,-10.4957332663,-16.9848875727,-50.121956272,-11.549734444,-43.7238658966,-3.9574765181,-34.0398592908,-65.2414804386,-32.9045897357,-15.5605657522,9972.0841780807,-11.9684325004,-3.7464798728,-43.9548948038,-16.1936746081,-79.7686104968,-9.6454592709,-4.6406947996,-20.0548949956,-36.5078477594,-59.1227906299,-32.2280693342,-17.918984807,-11.2793084995,-104.1024169526,-13.9789511642,-6.4244292321,-12.9703697452,-12.1578835313,-38.2199348242,-42.3237308649,-27.471439066,-14.7449243228,-22.1806758874,-30.7410977848,-30.2736214394,-29.5917151138,-11.4870386816,-27.6119890517,-22.9811358392,-55.2594392731,-34.4869657952,-53.7577542538,-6.8565172942,-20.3826231062,-41.0061646581,-37.6035821766,-5.6799614085,-18.1071603252,-35.2866911284,-32.7537992055,-58.8311432238,-9.6921737229,-68.1227445963,-7.9914531062,-45.2476239981,-23.706292593,-32.4077612547,9966.946886886,-16.8858828562,-6.5571420077,-15.3250140498,-23.3690470482,-7.1661849129,-34.1069071408,-7.3156193717,-6.0068992767,-13.4730348953,-4.685447072,-18.3278220957,-19.52281825,-66.7463110832,-19.5936983921,-49.7443297229,-27.727166885,-51.1963081102,-21.4119483887,-28.937707031,-14.5439802516,-26.4871767822,9942.9452757121,-38.9307847376,-32.8216871676,9963.3338831784,-10.7114157423,-23.8019694683,-21.2559330519,-16.5580262353,-11.2048454136,-30.0297510928,-17.75722295,-37.2007580189,-11.5024196379,-48.3798706841,-34.6723351855,-13.5616015068,-10.9307847376,-36.3628344385,-46.9723856306,-25.9337788357,-30.6469035732,-55.9062776321,-70.5941990068,-26.2375388168,-79.7493838219,-18.2735466349,-9.4880840266,-18.61540896,-36.1805013436,-65.6027152116,-13.7461787367,-40.2364742912,-26.9223797805,-24.63053865,-32.036214969,-19.7530607508,-28.6258566554,-9.9610115103,-22.1087599907,-29.8193298668,-16.9236955725,-30.4982305858,-9.3663521681,-19.2143532575,-40.7545798576,-22.8051477005,-17.6509641149,-12.6225825199,-13.1170287652,-16.9111053995,-73.3751369018,-39.0926962036,-33.1772598152,-7.7135332851,-18.4130781285,-15.31778103,-62.4759234999,-17.7447114177,-20.0912327206,-34.1638985804,-12.1622663079,-45.7717407775,-17.6027056213,-44.1922571587,-38.4950811245,-60.7032351988,-9.9833953188,-45.9543980252,-32.1768474314,-13.0337464204,-121.4615322647,-16.6345991917,-57.4933778836,-23.118576643,-13.8875515719,-16.5899063793,-22.6978607831,-21.2605555865,-11.4246478914,-56.3839446523,-72.41706962,-44.3603313648,-30.6072782862,-33.3287427665,-37.4273159186,-37.079281263,-16.0044288101,-36.8498213323,-9.1883577343,9954.400593449,-55.6044817487,-10.3124718284,-18.0606760409,-27.6279607718,-5.5755074718,-33.4250372584,-14.5161261242,-44.2159586772,-37.1132789498,-82.4910263369,-29.8182480786,-30.7756286935,-14.8717850847,-34.8270558291,-30.0282128054,-23.9389230837,-115.6520881005,-13.0718660271,-34.7301820818,-60.6484341883,-88.1160774054,-44.0236056153,-6.9188678051,-18.5785859648,-19.4918491865,-55.6552202993,-24.8177608903,-19.089209163,-49.0299735883,-22.5022470121,-34.7038758322,-40.1451456674,-39.6562407094,-4.4386152344,-72.8049079425,-11.2119537593,-38.662271103,-25.7331282283,-10.6424651728,-33.8536670509,-22.281504683,-36.8281663882,-14.1063374757,-71.3531961662,-27.1529963039,-13.1008882555,-13.2746859649,-13.7607924674,-13.3799301441,-15.1872817003,-23.0090225737,-15.5583964217,-18.6241821854,-7.7856774315,-31.8040294691,-6.6030029212,-7.0633805113,-4.3453148406,-23.6792747416,-47.4510404539,-53.4041591303,-67.4700177805,-6.7387462382,-50.848467179,-44.4725611335,9929.8688082492,-18.3800202931,-20.1683254725,-65.8966009985,-65.8222702591,-10.6293283515,-15.4519860595,-56.3960591454,-9.6901501652,-8.1098053357,-49.4823969664,-21.1057984997,-8.0398727173,-8.8440038438,-8.5591118596,-25.5222409127,-25.3237059301,-73.6662702667,-18.2411965651,-29.1453393919,-5.0495263341,-57.978139823,-16.5691644337,-8.457264572,-38.4759273361,-16.0339669978,-25.0470597036,-46.1447064307,9962.5237504292,-34.9924524176,-41.0123235621,-11.0068263903,-12.8812488132,-4.0389520465,-34.843560771,-16.7504560197,-32.3086376182,-44.2270335795,-10.0768050422,-24.1080023554,-8.6525235011,-15.158234537,-13.7843673937,-7.4941949789,-47.6712668238,-44.2279312336,-41.4759024012,-40.7626107922,-28.6594208597,-28.3269167694,-42.5368028556,-60.4091422609,-13.7139284063,-9.7292441485,-45.7238352076,-11.2808678857,-30.5321381236,-27.1190695854,-7.9271634325,-2.9674082542,-3.6330148708,-51.6141296113,-17.8955211284,9992.0747105162,-16.4174704954,-28.7667231217,-50.7479797989,-56.1160774054,-56.6334905507,-43.1741045997,-18.1178918941,9985.9616885869,-25.6755364346,-47.6719649992,-6.4718265149,-36.1267073168,-29.9041044654,-15.5588011332,-33.8778615119,-6.0902334092,-7.2446471625,-6.4450426673,-20.7021073771,-40.362552483,-20.9623081217,-63.7096875665,-24.7569026333,-25.3092993504,9992.2667701143,-26.3906156794,-2.6107020307,9973.7488275833,-5.8996967541,-7.6760312951,-2.8524816873,-57.2324789636,-24.3206082565,-24.1711699616,-31.6859611132,-8.8984807014,-48.2278852,-16.9081745975,-14.0669097493,-41.7816303162,-40.2291798933,-39.8832838792,-23.7439787172,-37.2091955831,-48.8380463366,-21.5135348196,-45.9663015312,-18.1092241622,-52.848434572,-23.7852362767,9959.3800011125,-25.3391156573,-13.0965457583,-11.6135503559,-31.7090833763,-34.9980032952,-64.3564415307,-18.670583993,-17.4640756178,-40.3790401623,-16.0798701087,-9.6602859066,-11.7888096302,-18.1017628927,-21.6966408943,-21.7417422544,-14.8750994996,-22.1986232136,-14.9165354391,-17.8209678935,-20.4463987387,-15.0374943177,-91.7161034911,-4.5090753205,-30.1690447465,-12.7549711427,-20.7836366112,-17.9472091208,-18.1852485523,-36.232131794,-66.1945549995,-6.9983504648,-17.4007085329,-47.8882555015,-4.24439206,-35.2189163321,-58.061397233,-14.4496134142,-23.8458605299,-12.5019880735,-16.6142792203,-30.8704903915,-13.3970009149,-58.542616508,-32.6195769134,-33.0008823095,-11.6044337971,-7.1712773732,-23.5667630174,-7.0359253413,-16.2646180463,-27.5989059362,-10.6396110933,-10.9579004103,-36.3652109199,-4.9995626814,-6.1042851471,-11.4165690052,-9.3718608483,-9.5418070849,-16.9036000146,-7.6025886194,-24.3543431685,-26.3514238749,-10.6254039923,-61.8447403804,-6.1569129909,-17.5248590702,-28.9918827526,-38.2929938871,9971.7594977741,-54.1926503618,-43.3949658489,-9.5528532163,-27.1620994363,-27.0003701864,-22.1612650784,-62.8553280945,-25.0609867673,-20.3197412915,-26.3823603314,9950.9247409175,9921.9285866361,-41.7361568516,-6.7752776877,-16.4686214298,-4.8172276685,-23.2138967583,-8.8908333797,-5.6015739634,-19.6427567185,-26.4418548447,-7.9931678555,-25.3444095144,-19.1966744604,-5.3354905161,-67.041838733,-30.4550971595,-74.2444745367,-117.9210275453,-55.9862992679,-26.1297570388,-41.9958934247,-19.9779230818,-8.1901319436,-16.5716138016,-4.755966618,-10.7325163659,-51.4762649153,-41.7935299861,-15.3999662421,-30.6188960006,-63.2273040266,-39.6136980468,9975.6481982665,-27.3546366323,-55.4720701091,-14.7850828316,-36.7027978802,-25.7947767277,9941.1394183279,-46.4960401566,9948.7769233868,-20.6124858303,-14.0998045493,-12.2045346872,-12.5411376806,9971.6692777913,-7.3314299744,-13.9308346072,-10.913301583,-57.2962929574,-5.3111330197,-11.4267520077,-9.6988600945,-12.2384287986,-43.7377219919,9996.465399082,-10.6351343316,-34.9372888931,9948.9323939934,-31.3320955426,-25.0288956362,9911.0218755215,-11.2804017961,-14.8226768887,9989.6950143759,-28.7257782066,-27.0002723651,-13.3757832894,9907.2280789245,-107.1636242973,-19.8409483676,-10.6568966873,-38.90059249,-4.8003237692,-21.8723624221,9978.6760811648,-29.0747795665,9955.2138910041,-21.2285622767,-29.2289267089,-16.5677891817,-20.4886671181,9963.7479836351,-11.5746174901,-24.1212465882,-13.8963574044,-29.3141213636,-69.9625344532,-64.9051056949,-11.6117742285,-24.5446937715,-8.7047504694,-48.7845285111,9980.5846566377,-14.1540052056,