{"seed":{"0":1000004583},"gamma":{"0":0.1},"cost":{"0":63424.2360000001},"time":{"0":62.5074617863},"rewards":{"0":[-34.7434148063,-44.6643387762,-10.1214249682,-17.5699470039,-5.624439206,-48.5506493606,-19.4866435604,-57.8130040912,-22.3716076638,-75.9384685025,-30.924428273,-70.4759752877,-9.2912177597,-3.1415281984,-27.555536588,-16.2255547521,-19.1270333877,-48.3974037084,-4.8340337464,-21.1946604931,-48.9878183747,-26.1995688192,-3.0167216831,-13.0092680859,-34.3434792533,-41.3609489814,-67.6337974409,-24.5450313508,-10.7258395846,-42.7319582092,-19.7637251874,-18.438691957,-17.6532773003,-3.7663759521,-11.414497496,-4.0664033804,-21.9115887517,-12.3584363174,-5.4300760129,-24.6385523219,-3.0703603467,-30.4201538671,-13.9702815143,-7.1977524124,-3.5532425833,-12.6705130246,-17.4231901626,-49.3384788601,-12.1692058639,-47.5448855779,-53.610352943,-21.4688880407,-33.2865837168,-25.4230232911,-19.1900744017,-7.48190786,-24.6854106288,-5.3433564972,-33.4961341417,-5.9872678903,-28.8937814443,-16.2982934983,-49.1481416836,-31.0627590585,-51.2039093983,-12.821282456,-74.2857934744,-66.6658828178,-35.4894477702,-21.8531721904,-44.9747486856,-50.9632172841,-38.8793959632,-7.9094769631,-14.6600384764,-22.7124342344,-17.9830462311,-10.3654928754,-29.6452904812,-109.4288887312,-9.8883437324,-61.9713249412,-27.6546544703,-5.5513130108,-34.1008115329,-34.0888447308,-39.1964059314,-3.9963038904,-35.9692150706,-16.4090463577,-14.1539073844,-19.619952854,-55.647258415,-36.9627684571,-50.3411334608,-13.6979509321,-33.1017379579,-2.9047297544,-40.7131132291,-9.9807752432,-13.0200456883,-37.569920151,-85.9527810971,-15.8429891879,-5.779593332,-63.0299083741,-16.3449293097,-13.9898169975,-69.971677865,-29.7121139177,-7.8899913495,-14.9039030687,-33.3965405795,-45.8128966796,-7.6958027003,-4.6269633784,-13.5936772934,-6.5418550365,-28.3092034471,-29.2874180747,-23.0672780176,-6.9009607583,-52.4870022384,-10.0446180079,-14.0041008211,-13.9516034057,-41.1072293755,-14.6919799984,-16.2037770519,-26.8201891595,-12.7261426388,-27.5376046064,-46.7839991254,-16.6951812475,-19.9682061689,-7.4795965928,-55.0340053591,-64.1890904348,-33.1871800429,-8.2726470628,-5.432592513,-23.5443772909,-3.4637955804,-15.3371458055,-62.8609230875,-17.7413298706,-6.7779150259,-22.1807545281,-13.6874878922,-19.0952740818,-15.1153447049,-30.8307883819,-50.8247752508,-7.4837683822,-26.7180618346,-8.9343178117,-8.764968093,-25.0569319797,-33.6409307214,-43.9226521456,-27.9763349247,-63.7290868672,-71.3210436571,-32.4940453699,-19.5729353478,-27.4688189904,-24.4575848887,-5.7764266082,-25.737814059,-45.5634543568,-45.6065053063,-55.9413724516,-5.0206594688,-22.7329172413,-9.7537646804,-6.2921998086,-15.5403762091,-11.7285900886,-7.5706125721,-10.8837000992,-12.2543698296,-59.4765813959,-43.1155000681,-28.2113629956,-34.3244635654,-14.207666886,-25.9765152227,-45.5014184084,-55.0295209251,-39.7409999636,-29.0026066492,-6.3305399926,-95.7382743944,-6.6919588997,-10.7907008415,-17.8130194357,-22.956517486,-7.6628925558,-6.47060279,-5.315717193,-18.6584503193,-24.875321995,-35.781714711,-4.0719120606,-23.639273514,-13.656768177,-8.4948720555,-53.8842793545,-32.5321381236,-5.5614365533,-38.5418761353,-3.4325464795,-78.8018083509,-19.9393431398,-21.7372693288,-12.9065653417,-25.5612274843,-28.1267437601,-51.9762275131,-64.6756150752,-10.0836563673,-41.6128675251,-19.4289021576,-27.8184015237,-41.1841073042,-8.5739519218,-12.6420892322,-9.7354011343,-11.3394570728,-12.0432676908,-34.7508684035,-8.0779788975,-23.0689774225,-16.8120450592,-13.546444964,-33.7148318145,-82.8783621267,-33.527304602,-88.5692219756,-28.6456107979,-17.4617374976,-25.0459894238,-13.3847253044,-43.5635751948,-10.006847489,-33.9921800525,-23.5441854845,-7.9057482464,-30.4542666378,-23.7126087782,-22.0227770116,-24.1887317568,-73.1245092153,-27.0748217639,-13.9062622876,-14.5408864142,-18.0225660246,-9.1042045884,-75.2468701988,-80.7466678431,-23.016357251,-18.5881973841,-15.5908692475,-29.8203138337,-13.3070839863,-10.5263896854,-21.6780260818,-23.401460414,-58.7650966033,-5.5541728444,-42.2983836474,-9.1029233216,-36.9130963501,-28.981667143,-32.1316846933,-28.0835086764,-46.3804633659,-44.3747878142,-26.0721249657,-85.2606821787,-10.9906436831,-11.2726988505,-39.0877188271,-14.6569580654,-7.2618330172,-7.2691657764,-31.468567724,-34.5425186867,-20.0986652192,-38.6763535299,-43.4797673005,-7.8739198901,-6.8589877608,-14.3737827485,-24.7628812392,-13.8062064719,-7.1509842546,-23.6216925382,-31.8602076496,-9.6146647512,-62.077637482,-15.3130951993,-41.4097195982,-19.8898187238,-57.0181985925,-59.6289811819,-16.7547755002,-5.3588103399,-5.0989529288,-46.1273153432,-26.7071653122,-10.8710063507,-12.525511212,-26.0984791669,-28.6232902856,-15.2519703314,-20.92170654,-27.6821959533,-9.3231899708,-56.2692674338,-53.6589624424,-68.4537909579,-30.1747030357,-25.2246321633,-31.4031713272,-10.4253921003,-66.4386785305,-23.5791134324,-16.6802874795,-10.3312477583,-23.5809950533,-10.9689158526,-9.8305793129,-37.3618965051,-53.6659096707,-15.8730260722,-10.8372887013,-10.5753540267,-30.7067049768,-6.4351684732,-14.9723683681,-10.434326443,-23.2791627266,-11.1853847349,-7.7766702023,-30.5276767065,-70.2067692319,-66.0367462727,-70.0863186403,-6.2707328348,-19.2857282602,-12.8216660689,-35.6761981667,-10.5580914495,-11.6074355674,-32.8636601651,-32.8833030599,-30.9148417885,-11.7863947875,-21.2450825631,-7.5835671773,-50.1649592699,-43.2758176228,-35.6266430617,-21.5906774411,-4.0031456252,-91.4879977137,-15.7166367129,-29.8411862076,-42.5429771041,-27.0563546424,-37.6318352613,-36.1121683907,-11.1621684866,-31.4818445639,-36.4280562913,-17.1149783546,-14.9710276412,-13.720167869,-65.0677709601,-32.3961627209,-4.1688222511,-11.4107150735,-15.5373360774,-17.394641696,-22.3883945611,-9.5918378699,-35.8946560815,-33.5911454487,-31.4845125911,-6.2993024001,-52.3137166521,-19.4708041868,-31.0446870582,-3.8718483809,-10.2760075111,-53.2859239027,-14.2097690843,-5.8763213064,-4.3975629077,-13.6732558563,-12.6634430402,-15.3931820492,-7.784106537,-12.9458645578,-30.8296989215,-56.9796320769,-121.0548738969,-21.1677769061,-74.1087120391,-7.7876146763,-13.7494202651,-38.7838169093,-23.0440291622,-31.2861655788,-31.4674686732,-45.5445729334,-36.5986067182,-30.3277261925,-37.8654957524,-61.0759361592,-21.7070291296,-39.1416202655,-20.3577419782,-42.3876906316,-19.1851123698,-35.5370195969,-49.9390842011,-21.7722816716,-31.6550093122,-33.8074877388,-13.6456146341,-8.2380183329,-30.1785621808,-91.5458043306,-14.0311263448,-23.8142258981,-23.764431035,-25.8046509219,-21.3967784195,-10.5774332082,-16.9654173036,-25.3501771332,-20.2858548524,-11.2629550847,-63.128026945,-46.9328639191,-17.2050774994,-14.4254784131,-22.4207388767,-18.3939300942,-12.5798576413,-12.8561988956,-29.1700325495,-25.4430517168,-9.3476337802,-9.69866637,-28.3057720304,-51.9292100069,-65.686943162,-16.3849247831,-23.3409359002,-9.2321145314,-4.8191649132,-15.9141436131,-13.7014360546,-6.0307638307,-48.9497678183,-30.671122969,-23.412823026,-31.6090467413,-38.3517537819,-44.8848682002,-49.1174910187,-7.5671869096,-28.153477738,-42.2109064963,-14.877117303,-12.6229316076,-44.3657671585,-14.0241407552,-11.5909498062,-8.1034565434,-21.3444977453,-7.8072077014,-22.296459829,-29.9352787619,-10.6428391953,-7.6403898274,-63.1558158582,-14.003020951,-15.1255852493,-46.813566084,-15.5566087859,-7.5934547979,-58.6213434505,-11.3585974348,-28.1251901281,-8.6861030499,-8.8530340898,-16.133529871,-63.5661549911,-5.0120454428,-6.0395313018,-8.5159956959,-32.3460609676,-43.0256541078,-15.6366783733,-8.6714950735,-46.939500421,-55.0801865893,-94.7700586352,-12.1083917224,-20.0837158273,-4.107093193,-51.2999257709,-62.1240431258,-19.1678843177,-32.5594091595,-11.2959131807,-49.2491872203,-18.5599232007,-24.5242894052,-20.0759093063,-48.4204473309,-28.766255114,-22.1167065304,-9.2931914477,-64.2033052081,-8.9739929684,-8.2211432046,-93.5601648768,-10.9081324001,-67.1658262349,-5.7030549007,-5.86793553,