{"seed":{"0":1822174485},"gamma":{"0":0.5},"cost":{"0":63424.2360000001},"time":{"0":42.8683674335},"rewards":{"0":[-64.1943938821,-44.1186725462,-51.5088298083,-52.9473798285,-17.8431292066,-23.6061504645,-30.9404402724,-7.7892565392,-20.2330639732,-48.3340960835,-77.3922076726,-47.2058312986,-55.9659716242,-10.9556255862,-31.9458760662,-40.9962271678,-46.0237801592,-27.8741960914,-45.9395752255,-13.8069180737,-45.4302371303,-18.9443895665,-8.6504539099,-4.8256115268,-45.4728545973,-28.0854516753,-20.8216277076,-20.9594329435,-31.649230185,-42.9708377529,-36.1590804033,-9.4933951461,-14.5750797435,-17.7015185314,-31.0901279157,-7.2717379004,-43.168910482,-13.3693174952,-18.7130058175,-18.665171216,-16.7952907689,-20.1594314091,-6.1900475488,-21.9103189932,-19.5919107563,-4.8567704787,-14.8441764696,-31.5734321264,-12.9186932613,-23.4915518865,-10.4720048949,-41.1778083816,-5.5707468366,-57.5849999712,-37.0704332331,-28.5810947926,-4.9789703448,-19.2468989698,-2.9362358759,-10.1648019886,-26.7091562628,-26.4318348777,-42.1993731766,-21.2516442605,-31.6098868534,-27.2456637365,-11.220914955,-13.2222978792,-30.934177793,-10.9831478885,-23.7743416724,-11.1180204044,-33.1873660951,-19.6189420342,-18.1643550797,-45.4977779227,-2.6107020307,-23.297357483,-8.1723956046,-13.2879014268,-14.5460172357,-9.3144723693,-10.1894203418,-27.261200056,-33.4787142832,-26.8165179847,-19.4962473075,-2.6107020307,-48.4337241709,-11.2130278752,-12.6788009797,-38.4340828489,-11.4284821016,-5.8211366832,-4.2103751925,-16.6109839861,-56.9470019699,-34.5548115598,-29.9941921018,-28.2014849653,-38.7503869694,-21.3187937678,-6.376368299,-27.1365258872,-13.7727707779,-32.3289614258,-48.7521208994,-16.2030385972,-15.310812703,-13.1990624503,-31.5174783594,-8.7378850274,-50.2878112778,-24.9771750368,-7.9376993588,-18.6671851833,-40.2862442194,-12.5663832407,-36.7364522335,-28.6991228693,-7.2414113883,-5.2023346677,-8.8942283532,-37.9808481296,-28.3960207841,-12.4215578901,-17.9817649643,-7.6868108156,-19.7029494072,-8.3616970264,-20.5749109539,-46.0346057131,-25.2597097202,-40.2062993062,-32.5358380694,-42.2744845682,-13.2435998995,-19.5554521932,-3.2267612144,-31.7166424671,-18.4793587528,-39.9804204013,-126.0865910054,-34.7681233085,-23.6762940699,-36.5671351219,-10.3521565754,-22.1238647458,-12.3310501977,-23.2913577784,-10.0527199108,-13.2685021262,-22.675308185,-11.1094888551,-36.3014602222,-17.5436350001,-59.7879407472,-29.6884852856,-41.8452103061,-27.5832775496,-6.773701039,-31.620012314,-24.5633488633,-58.0031590516,-55.5048651697,-10.3119865582,-11.8536363619,-6.6118240982,-48.555686197,-58.5486488197,-65.1209953218,-14.2639237071,-5.6303084823,-3.4296751375,-47.9213862233,-29.5601437781,-29.8184840005,-12.1752899633,-10.8822519607,-25.2767191129,-12.6909749328,-9.0972362614,-21.2962296613,-23.7212266404,-31.5030602713,-24.8850887776,-7.7573763952,-8.150247718,-12.0553975284,-37.9428531971,-28.9689503778,-7.7235877773,-43.1109063045,-11.8039239756,-47.6133105979,-14.1947947575,-24.4443253113,-7.626113676,-31.7229835871,-26.1569398438,-71.9654211398,-13.1429744188,-75.9242326305,-52.1639215972,-46.8290352713,-6.6280605111,-5.934237253,-14.2558409848,-45.8410826321,-17.2132331081,-6.895507702,-23.1207804987,-92.0992866719,-14.4900692229,-101.7593481651,-48.3662869539,-8.5022105689,-65.5763456658,-77.3699658009,-18.3581409355,-22.9699727059,-56.2368598221,-6.467462919,-32.0939467814,-28.8204231633,-16.9192188108,-24.6576293878,-55.5596700162,-40.7130269162,-63.3115722564,-17.8579788591,-36.6955514338,-6.2531403505,-68.8717006899,-82.9086195884,-14.8727978226,-88.5573721754,-27.9452565315,-48.2070128261,-11.6959829983,-43.8410672876,-13.8288281204,-49.3743178884,-29.1434961322,-80.5549707591,-23.6739578678,-70.5847084255,-13.3133464657,-45.5829744955,-14.7143791514,-33.5906812772,-32.9926192892,-31.1962371418,-10.4037141394,-19.3699658009,-22.9332225971,-69.5836074567,-34.4538408275,-97.3450156226,-24.6726459119,-15.0217067318,-54.715531908,-3.2778066553,-31.3755531217,-11.1470982567,-22.749894027,-47.1881505834,-4.4411605055,-3.8257879887,-4.4995118527,-14.8494799169,-68.6807708316,-7.5620177267,-23.6445098291,-32.9411729729,-14.6751278869,-40.2268935609,-80.8427916273,-9.8719673008,-13.9924677621,-64.092529332,-4.4917072497,-59.1652335531,-28.5506167535,-97.4826271341,-24.0870532589,-25.3573411028,-17.5546235895,-60.4650557485,-19.5592499602,-10.0929915855,-7.8329078428,-12.9849527869,-52.6256744393,-71.6860646886,-87.0538515687,-51.3709536039,-38.190202912,-17.6268770655,-37.3661737881,-24.9075051932,-4.0442554938,-36.1321622912,-5.6032445973,-23.0768453216,-23.805191816,-6.5474749645,-18.0027236511,-17.3169044747,-57.1263448027,-15.2237690344,-20.0109962617,-41.2278468387,-12.8384318675,-6.0241081481,-11.0948463535,-90.2869347225,-53.9412899749,-56.784438362,-12.5249185302,-63.0506637461,-38.5053159148,-22.907321059,-77.4343763127,-10.8732447316,-64.0191192633,-11.2599053627,-22.1005008065,-80.9995837801,-40.6818391933,-65.7032294446,-19.4954724096,-22.291256121,-21.3970277678,-57.4939206957,-26.2975780604,-49.1936093939,-30.5330108428,-97.2785278474,-22.5892810904,-26.9881712985,-8.1868501359,-68.2212947317,-46.0687875341,-3.6041844487,-44.9438486724,-53.4136669742,-10.9108291983,-23.0136259276,-16.14163561,-20.989621355,-28.5790021847,-13.911955102,-44.222052367,-37.8368782355,-41.0175119256,-7.6852514294,-25.8203464407,-8.0125192046,-20.9877186353,-33.3199695411,-37.3910990316,-45.9902907593,-63.5564131433,-21.7387961079,-39.7044243985,-43.2405962111,-26.4495117568,-26.9013980769,-42.0242040513,-24.7552262453,-84.1568228418,-42.0237667327,-30.9051421381,-51.1403562612,-3.3282095447,-12.3149020157,-29.0062835781,-24.0514002827,-53.3304901229,-26.6619316057,-41.0165356309,-13.8744013242,-60.0419346362,-28.3410740008,-90.2155462934,-6.8009375497,-31.3412159376,-36.109634628,-71.1060631925,-27.9507652117,-22.7430542102,-53.7822767038,-26.4696591025,-9.6020669059,-18.9976311908,-16.9543673361,-70.0059229821,-47.3478697021,-24.9406531776,-70.3955240055,-25.5673767979,-23.9460045765,-54.5897529342,-138.6398623597,-134.6429446888,-110.4333885096,-31.034571188,-37.8310511567,-125.3561250501,-31.9618247695,-7.3481785104,-6.5603432568,-5.1249426978,-9.2453395837,-27.4877560376,-125.5551510571,-9.0299122102,-81.140918254,-63.6792785777,-109.8007572517,-49.4026304332,-40.7435279721,-3.634487944,-31.8133704415,-69.1927980528,-24.5586860493,-57.148692168,-35.0145523526,-6.0333071837,-27.843411162,-31.1097497118,-30.4456257588,-37.6896092712,-59.1623813917,-44.3294044986,-96.0701742945,-9.905976496,-9.7148605855,-77.4798363508,-68.6958333893,-121.2943403682,-10.7430484561,-14.3147773415,-110.2493636822,-38.1775187539,-97.5041900111,-74.9971516748,-30.6565322551,-74.0754873321,-17.6601554783,-13.7805351015,-36.5094263262,-101.2401780731,-29.4029027983,-41.1101870304,-34.1296323646,9954.6699663763,-34.9954465157,-20.9605569291,-6.1959858754,-53.8005654453,-26.8248500553,-21.0237648146,-9.6464892713,-138.872538884,-60.3434869255,9938.5507989696,9970.6746560431,-125.9654786817,-18.6290463961,-29.7739235345,-48.6665752389,9903.8381288134,-20.6618989986,-44.2223477489,-35.7415466118,9934.7141221308,-24.996021935,-55.7353148215,-113.7142007714,-17.9535157157,-40.6127236703,-24.0304224153,-26.6040540204,-15.4750814698,-32.6962093298,-39.7533216076,9914.3418642433,-29.1990950573,-10.2925949298,9974.0977234497,-26.1994172921,9964.5472985026,9904.3867047466,-13.8734020128,9962.0760991946,9933.8199628279,9922.9015285053,9948.5563805363,-41.8293287351,9942.5443715367,-97.5944541094,-35.3501867235,-19.3079471151,-48.3883772986,-52.1170671265,9896.6352072181,9896.5557782641,9967.3365301069,-10.0593429863,-34.9338287054,-77.5746002275,9961.6678910309,9966.5096852649,-6.0279442764,9971.855822955,9984.7733883946,9965.3431704449,9956.8996794915,9914.4666918572,9990.137389016,9964.8443893747,9979.9510414129,-23.0325361219,-95.138942648,9963.2499908892,-10.9460717087,9971.3308353745,-34.9739392626,