{"seed":{"0":773370613},"gamma":{"0":0.5},"cost":{"0":63424.2360000001},"time":{"0":60.6424968243},"rewards":{"0":[-22.8013039,-4.3441870189,-4.7493416245,-24.9587347682,-52.7882073581,-30.0465859417,-15.5786492609,-11.3983051985,-10.2893898446,-10.440216818,-51.3751464921,-7.1543658017,-27.5318657585,-16.4755207065,-120.8611072217,-22.2672937458,-15.7348621583,-21.7450528331,-20.4780813221,-6.8763654219,-26.472845007,-4.7204440702,-68.413241164,-7.7718903865,-6.199952432,-25.5054252444,-14.5725651614,-18.1423951634,-9.0329043903,-19.3754054308,-9.0102961683,-52.1115757089,-50.6439248196,-58.9370357086,-8.0849184535,-59.8046087245,-7.0779309459,-12.3531635591,-11.6041863668,-58.1088616481,-22.1427787762,-15.3782921173,-14.6080359215,-4.3949620127,-44.676058148,-21.3342418564,-26.6406852092,-30.7083621842,-26.3427734057,-8.054189148,-67.7987336941,-10.7251394912,-38.3699658009,-15.6571076744,-14.137866614,-4.7572402126,-7.6619258515,-17.9545399619,-20.4049704714,-14.6437828828,-69.1628033658,-38.4225629557,-19.5974923229,-17.9220287748,-48.2579661999,-27.826156257,-32.9786366017,-82.2721483661,-22.5922195646,-29.4741473725,-31.9383227296,-18.8584430306,-42.6123803368,-66.8279112857,-21.3295867147,-7.8431752401,-53.9804376639,-88.9134684546,-10.1192805725,-40.712842782,-27.4427064652,-5.2196451965,-36.1588099563,-5.808690365,-8.5513168469,-6.3681954277,-62.8577870527,-13.0270159334,-41.6877717657,-14.5000719274,-13.621330024,-2.9362358759,-14.5679234462,-81.6922274287,-23.6410726582,-13.7611070299,-19.589839247,-14.4574065088,-37.6966946001,-3.7868493687,-25.2872339405,-66.7328520271,-20.6273258925,-49.7550306027,-48.1422608989,-50.5382087966,-28.2928768852,-15.0948904689,-14.3940221613,-20.6095876354,-12.7912666704,-57.25557821,-62.2349686109,-30.416292804,-34.6413814665,-55.7026195002,-44.6129289031,-35.6775484839,-72.0393816928,-58.2450787269,-18.5098598087,-26.9766533233,-27.6996637634,-30.8585619506,-46.816736644,-28.9119186587,-35.8868111992,-4.6785899927,-17.8868418882,-3.9244915691,-32.786559741,-90.6056690304,-40.3148348834,-11.4514701003,-25.6089431658,-10.9880658049,-27.2478695103,-43.9248138039,-5.9790202145,-8.1411043062,-51.5033556532,-26.2206905415,-29.522967859,-14.6513515639,-15.9943743179,-30.6419722303,-6.8683690125,-20.7588264516,-15.382410201,-10.9609750671,-19.7308975198,9993.3130319032,-27.7272397714,-40.2732972865,-6.3181358718,-20.831419425,-11.577427454,-13.3637455189,-15.9766648317,-14.0988896327,-34.7871677673,-115.2895758968,-13.8829961696,-21.1781555512,-6.7593826902,-22.5415769172,-38.2758483118,-54.1611404042,-58.325200102,-15.9357218347,-41.9535675034,-41.1686975769,-29.520576033,-14.8724065375,-24.0177727823,-27.0834166093,-60.3242295616,-39.9627224235,-12.1046035457,-41.4809775989,-11.0208570294,-13.2984469435,-24.2286102283,-32.6130554953,-110.1814431131,-12.8722569285,-26.3873511342,-26.2648654766,-12.6197533753,-25.0476619757,-61.9327814423,-37.5219762198,-17.2808909024,-25.3834382834,-15.7785710039,-10.1184442965,-11.6978991444,-8.2604903723,-21.0787154341,-32.2003533074,-36.5082793238,-12.2831427097,-42.2233432242,-42.8301688472,-24.9650969869,-24.6551397406,-5.053471792,-22.3740397691,-82.3570418848,-47.1358373021,-6.8339474335,-28.7008318644,-65.4102240491,-47.6547580458,-30.2308927246,-44.5862313684,-47.9742902683,-93.5410475315,-45.6075679139,-46.8474333425,-40.5255802624,-11.041209608,-98.7727324166,-23.0143030043,-23.8555851151,-57.8526255421,-93.8461098782,-52.815179176,-45.2347652961,-36.9761181834,-4.0258305697,-35.6441031995,-30.2388181656,-7.6260503799,-47.7129770465,-34.9426019307,-4.1119420591,-30.8736340986,-20.3347021918,-34.1588157105,-21.6759047029,-6.3706831569,-41.2512337948,-76.5412796173,-46.8280071889,-12.1850049582,-3.0167216831,-6.0624349057,-25.3846677625,-22.8589800886,-8.3907556981,-59.1186744642,-49.149559133,-14.842693806,-153.3072834649,-77.2752901552,-18.7349791602,-26.2156498689,-39.0296916328,-113.7399316018,-7.7887578425,-55.7976346433,-47.0020523286,-58.2777740482,-21.3177925383,-14.5936005708,-21.2369806602,-13.3888318798,-25.1558158582,-30.0496701889,-31.5648622159,-22.3060961832,-36.4755226245,-11.5816644577,-15.3585590735,-36.340809308,-7.4625833639,-13.0305298269,-22.7339971114,-20.0686129903,-7.8264669834,-20.3333442024,-15.8102996208,-28.990578469,-37.4113614611,-17.3213141041,-99.3597981429,-29.207250666,-10.4706545777,-14.6530030171,-48.6895785821,-52.6038526236,-23.992763144,-25.8871564507,-7.3063608761,-58.3503133158,-122.4929348108,-23.5161625674,-19.9106335558,-115.2751463003,-74.2408282968,-8.2222249928,-35.657516222,-19.4725361987,-61.4104849058,-31.5793052388,-34.0147288145,9970.3120268376,-28.2324137495,-22.7664162314,-12.5316068199,-8.0092182162,-20.41718854,-6.5657387712,-20.3321914458,-22.0882789019,-50.2686191281,-28.2308831343,-66.6458026043,-41.3545618278,-31.0020082132,-61.0643126905,-50.8324820325,-25.7520556852,-26.8952525995,-50.6597430945,-29.3596868952,-2.9047297544,-13.7565017579,-32.0298489141,-29.646541059,-44.0930644719,-9.7277327139,9977.6159421819,-49.8117861205,-36.273161104,-25.1316118068,-5.262187859,-23.8550518932,-7.8424156867,-26.2066752468,-14.6545297962,-60.2233892577,-39.0224739575,-13.7872636705,-84.4166054485,-38.4236236451,-6.0537921087,-49.9751572333,-48.7697632533,-28.514595509,-37.4170274226,-29.8089934191,-29.0925983823,-6.8107139227,-23.1178420244,-39.1235866265,-48.4938286286,-11.783899386,-26.6101170211,-51.0603538061,-8.9770350181,-44.659936819,-38.9341087427,-41.6843192503,-36.0148765054,-28.1345061656,-54.6976824031,-49.5000949442,-31.021382579,9937.8848451835,9974.9175692757,-18.1360482892,-6.9421204966,-7.2099915797,-28.6020227904,-70.1272750638,-49.3855423998,-53.2724245673,-97.9899589342,-113.2174969647,-11.0919404863,-8.8933153547,-53.423170982,-22.9465608151,-38.5735146032,-44.3737942569,-33.4966922984,-43.5196918055,-11.2721330216,-43.582750082,-43.9352902702,-62.996800669,-20.8105911665,-4.6645842884,-19.2030270888,-29.1494171962,9892.2333056493,-57.4997036591,9950.0950765212,-91.4448738777,-16.6226822592,-103.267391567,-11.1896562637,-22.558108712,-65.719003604,9946.2806357999,-9.072581465,-24.0863109681,-37.2082327149,-36.4296406123,-37.3563935791,-61.2699886259,-61.7834524771,-75.7725118393,9931.93486446,-33.5111736826,-32.9789319835,-46.4859338767,-76.4739363855,-6.9178032795,9975.9079674466,-22.1970024494,-59.939859099,-56.1822736349,-17.7701602926,-15.8517969384,9985.789851139,-88.5621539093,-57.8492094699,-144.5154663102,9972.584574161,-72.1184347062,-50.6276730621,-38.4894918856,-63.7525620542,9986.6964299072,-121.7469191095,9948.8592083382,-67.37807154,-29.6689325398,9966.5377465432,9978.422094948,-79.7473314933,-77.2200901874,-120.2333420925,-77.5701752535,-59.7698649107,-118.8864697838,-29.5430288918,-5.4738232197,-92.6498036861,-123.7134124471,-6.5256051972,-100.4894170811,9973.8430141227,9916.9917868494,9965.2990242808,-59.4530007154,9919.0455943026,-19.6492186766,-54.2083823239,-24.7596090218,-85.0475641545,-111.325648929,-20.3688571598,-80.1887758723,-52.4847849562,-34.2753956487,-28.4510251094,9938.4151342933,9950.596416289,-16.5669222167,9963.8300844524,-27.6126392754,9986.9306696537,-41.3720814257,-42.3705182034,-43.929031627,9957.0033546942,-58.7028861111,-37.6099616579,-123.1706635926,-15.6900101466,9964.8392566351,9963.1532552425,9870.2832654658,-43.7112162636,-57.3108568184,9948.8304565568,-11.819575379,-29.6253311058,9964.7559340109,-23.1144412967,-72.374394611,-22.7476287932,-125.8378833011,9926.8151753398,-47.9069067571,-37.7478148454,-55.4374682321,-74.1771696662,-4.1833688495,9963.7035171542,9978.2905579457,9958.4441795385,-115.4998590223,9960.3888587327,9935.2910182811,-73.6846165502,-45.4667263824,9968.7995718881,-4.7542441964,-136.5890336601,-46.8665698684,-120.9642242677,9975.7130480149,9947.4724230329,-6.285482748,9966.9004678158,9958.2207615098,9959.8664816374,-123.0435860894,-59.5483611101,9976.3727623384,9976.409084719,-63.6870774265,-72.3092533168,-45.942550143,-11.4273140005,