{"seed":{"0":960703545},"gamma":{"0":0.9},"cost":{"0":1719.062},"time":{"0":14.4892516136},"rewards":{"0":[-17.364374644,-60.3292510535,-14.8254024578,-13.1755527381,-125.2271083841,-11.4959576798,-66.3579011775,-17.4467439902,-26.5214545064,-17.823225455,9971.7147512559,-59.0233773657,-16.4357343021,-78.7735744468,-92.5019823193,-6.5669624961,-13.3629360959,-19.1910564505,-25.1551963235,-32.1729115638,-6.9339763963,-40.5759543808,-45.2505394555,-53.8496698053,-12.1473591134,-61.5151498296,-74.6178449015,-14.0097092407,-16.5498073305,-35.269722015,-10.4196148911,-27.9284101742,-4.751539726,-9.7234765296,-61.1244650999,-8.0563661508,-26.4029776028,-46.1458802859,-19.9231335797,-42.2119384148,-10.8942264351,-16.6912607244,-27.6703193001,-46.0755506283,-46.7831359965,-39.4886652,-10.2463887647,-6.5925648162,-48.0980149954,-20.7673100493,-11.6787837172,-3.339971114,-16.7671335874,-24.20850508,-17.1617292499,-12.3308603093,-3.9942342992,-64.1436150522,-2.5179636297,-16.9327891146,-6.8708260527,-8.0525127599,-6.8545014088,-35.0465399082,-64.0026565188,-30.2776992437,-7.8793115684,-11.0900665376,-10.8656722143,-29.086637039,-21.4571609965,-39.9462213177,-50.7052127229,-56.824959385,-47.955708063,-21.3303635307,-6.3073697778,-6.8272131104,-30.7027863718,-5.578624326,-7.826215717,-50.8446559856,-21.7206953366,-28.8054469185,-23.4092841976,-31.3370153771,-25.5327288874,-24.9005215216,-17.5850671035,-8.6876125664,-20.62683295,-25.45744487,-5.5972659914,-9.031789995,-6.8767413625,-14.9031070721,-11.7616901214,-41.667714569,-67.3007582108,-10.0558616999,-6.0635550552,-10.5815455377,-30.4050893914,-13.0023975802,-38.9758228016,-10.6935930904,-37.0533624623,-17.3035624205,-24.394520858,-18.020845521,-34.4181859333,-39.2522350242,-8.9297413107,-36.9674888129,-6.9788111455,-34.8305658865,-5.6844688593,-73.9530342816,-8.0872028679,-81.8190824365,-39.5656908196,-14.9401353002,-15.1690658452,-7.4852165207,-13.5884639951,-13.2237728705,-52.7746159556,-18.9807349638,-25.9988472435,-25.4010844735,-14.6045047654,-23.899723607,-10.7475213816,-8.0321410007,-11.7632571798,-7.3908074858,-7.4619619111,-9.0884841347,-30.7078673237,-8.6538642279,-17.6869911136,-4.9015093247,-8.5309872852,-28.9619187546,-29.3397773895,-15.438843484,-39.2408225426,-15.746965143,-9.2851528409,-6.6511808562,-16.5255534095,-111.1568938102,-18.4780372066,-23.8707109688,-5.20683061,-26.3259443109,-6.1333668355,-8.8855817201,-19.5484857843,-8.3072757927,-29.1953740129,-6.3724976456,-4.5896512768,-30.5445863599,-51.0674065279,-22.4718245969,-12.866918956,-14.1152622281,-24.1500252225,-26.2377939194,-13.623631701,-18.1804016043,-11.1540358947,-33.851396063,-10.932560865,-6.601712064,-4.6911782476,-3.713648369,-14.1415780681,-12.6680195412,-6.1893455373,-14.8568491193,-38.3505166306,-10.4037889439,-57.7613851492,-16.7931367829,-32.0529692592,-9.5268039873,-20.9147305408,-16.9812585953,-43.1764925896,-20.635504518,-13.9934613194,-6.4211416701,-14.8252988823,-15.2354059295,-8.9876821921,-7.484836744,-16.6354258774,-21.6412874814,-23.2541550064,-18.7117283868,-17.6614655161,-14.5303447337,-12.1271734064,-35.4275019708,-23.1702070934,-15.5787624267,-42.5181036483,-20.1345080837,-9.4494177716,-11.1292640963,-11.3517710445,-42.2252325173,-13.8581610752,-7.3414844666,-23.7777750072,-20.8272879149,-20.7600962101,-23.1105783155,-8.3738728976,-9.2579201663,-40.4178215011,-9.1489990582,-5.5908615752,-6.8313254399,-18.2980230513,-8.0556161877,-7.6893791035,-19.8399854994,-16.4666765127,-49.3480519182,-12.8267297582,-12.3593013643,-8.9130714153,-14.8924733245,-24.4145512018,-47.6544473194,-24.3249699343,-13.3653835457,-10.2415840141,-5.7538509933,-4.8805448837,-28.282193268,-27.0108428166,-22.5755247344,-13.982804555,-25.5919491176,-11.2574598309,-23.0325035149,-25.0842413769,-25.3850321947,-10.3605960576,-14.0953450501,-7.8733713238,-17.2734430594,-9.6558014727,-6.8576240172,-6.7331205561,-12.9390937914,-14.601529848,-3.2989801653,-17.2536352111,-7.3395453037,-26.8339186626,-63.7710330118,-22.461511166,-37.4713028834,-22.6867551917,-10.2332097461,-6.3247090776,-6.1162672937,-11.4477126126,-11.5923058775,-9.395297674,-13.0839440769,-33.769841894,-13.704109836,-8.9838364735,-11.863240109,-30.4094184621,-7.5150577625,-8.826365326,-21.7936047906,-11.160866121,-41.4001311956,-17.6292305302,-21.5456834926,-32.9717948669,-18.4060848667,-27.5691318266,-3.1987574781,-30.1625175743,-35.1477791694,-30.2730767091,-35.9044477989,-4.5173018975,9959.0413131834,-5.4895590179,-10.4554289846,-4.4315356597,-26.0158355375,-32.9090415625,-5.6823820055,-39.3122052175,-8.1693938342,-28.9875479276,-31.1794636709,-5.0561609179,-31.6461421017,-4.8136754137,-34.5331681241,-20.8647879868,-4.6103069094,-11.1130296015,-18.3868332569,-20.0711486711,-8.5727397053,-25.3384251543,-23.8226193467,-4.453347885,-4.4765564611,-50.4921906019,-9.0350142608,-22.9288263941,-21.7549231911,-4.9738376052,-5.8346993147,-12.3140235423,-26.3767768467,-33.4670236823,-18.6855602378,-19.5981981706,-5.7275409075,-2.8524816873,-14.2772120554,-12.5299496125,-8.8149048928,-16.0331230496,-39.8830633019,-4.3520971154,-10.8233673918,-19.0747009258,-20.6253311058,-37.4479274358,-9.1874198009,-6.116305655,-13.5768654612,-11.7322631814,-10.601263237,-13.5735644728,-22.0772615415,-10.0978346974,-28.1129797318,-9.1486269538,-17.889617327,-22.6113944518,-19.4354082312,-10.786858959,-13.0501669675,-26.2040551712,-4.0261873297,-12.6896092712,-31.1476679217,-30.8004120002,-7.2753438609,-6.6041499236,-6.1881275666,-17.7104969896,-3.1147117437,-10.8677724946,-7.5360030229,-5.4252482455,-6.4121401951,-32.6540905595,-44.2559982661,-16.8198247273,-8.5062231591,-2.8524816873,-8.9253335993,-29.2811018895,-80.4925627063,-18.0233313322,-7.1609140726,-24.0102443806,-6.5328919228,-7.2433006815,-38.4615456912,-14.6865077614,-5.6378771633,-4.6614674341,-6.2202666493,-3.0375000719,-22.1913806034,-66.9933193826,-6.3764009061,-12.2183025516,-10.6968787342,-3.610772999,-3.6374110738,-8.8235361814,-6.4321149151,-8.0204599901,-6.6823609068,-11.0974606749,-21.2754838796,-41.5303677504,-16.5108763827,-5.3199733773,-9.8444737695,-14.1187089894,-22.5118756941,-8.5269957937,-11.7807211538,-3.4917552013,-35.7765934797,-8.8787073782,-56.6820636068,-6.7881267994,-20.8964475534,-45.1277315631,-3.3356688961,-4.4582120957,-6.6157887367,-4.8157123978,-6.0040221805,-16.1627726768,-18.2973095314,-8.7390320298,-17.9274914215,-6.674711667,-14.6407197344,-22.4707389726,-15.4950926329,-13.3594202843,9980.8524452441,-7.9313850917,9988.138135143,-18.4763838353,-16.004634043,-12.6147721628,-12.5602569439,-8.9952432009,-31.5862390407,-9.0612226892,-26.3962183447,-15.6625933378,9989.7344977261,-5.9294478469,-11.8529055795,9982.8001760783,-3.1761952896,-35.340571468,-43.958489256,-11.8647860687,-5.0819492902,-3.4414175261,-29.8430026143,-20.4157020402,-5.5941280385,-21.5669433155,-15.9427266049,-12.0865929235,-6.0740027505,-4.3035700928,-8.1673223249,-7.1408127605,-8.1396408233,-4.1637796605,-6.8040524859,-34.9552170385,-7.7180368997,-27.5061867159,-9.8436374936,-5.8718694796,-16.831448196,-26.2427885584,-40.7559800445,-4.5420161539,-33.9465013551,-6.679736995,-4.5518078714,9990.9610345271,-15.7116248113,-4.9766245524,-7.4874644918,-9.1325900195,-11.1937801016,-4.5968229186,9993.5872767134,-5.3073179901,-17.279680604,9991.1951323368,-11.3071549546,-3.6022644665,-5.6022567943,-32.4312249333,-4.6694158919,-8.8486915925,-14.9306140299,-16.4750200917,-16.9674868948,-3.0989912901,-3.4308509108,-16.945929772,9996.0140517379,-6.7636062675,-2.4421943421,-6.8155742972,-90.3600340648,9992.894011612,-14.9958454731,-4.1745764435,-5.7736434971,-13.6514819923,9979.3268419649,-16.2560021022,-4.1699539089,-5.0300809998,-23.4036354988,-4.9643278432,-9.9361092836,-3.7088282738,-13.7994951655,-7.209343274,-3.0066441742,-18.4386842847,-5.2702782536,-96.1616678719,9993.0233677754,-6.4599997315,-6.6977073379,9991.1242752115,-107.4192063434,-7.9856471261,-8.2079776124,9985.3038482121,-39.619743785,-35.1141612593,-3.4142519838,-6.0751209819,