{"seed":{"0":188312339},"gamma":{"0":0.1},"cost":{"0":63424.2360000001},"time":{"0":58.0447602272},"rewards":{"0":[-6.975983919,-34.5771550889,-29.0360154903,-51.8510891727,-48.3107321443,-18.0458973567,-13.9501686937,-132.2177578214,-8.3503267422,-43.7939155169,-18.5471047781,-22.5631839097,-6.5360912538,-2.595518635,-64.6679140477,-30.0780306852,-28.4506127256,-34.1094409035,-71.9166236701,-14.3526130747,-24.088463036,-10.030953719,-27.8969711849,-9.0550810478,-57.1923281271,-4.5372152394,-23.9557138172,-67.8715319003,-21.7238064366,-39.7679717814,-25.7802550642,-32.9805412393,-35.3923707081,-22.1505028205,-10.517884989,-6.7808400737,-58.4960670095,-45.7707146132,-7.0600085546,-3.1440753876,-24.2193728314,-14.5415634908,-31.739068473,-6.6630133938,-22.2473976665,-50.1596500684,-3.8138883188,-50.2105286377,-6.8942935674,-6.4987369548,-24.8798543806,-21.1719621221,-23.0879202239,-25.7110321295,-5.5628981182,-29.7714453956,-20.778007093,-16.5312347154,-55.3629322597,-9.6811755431,-100.8498980549,-20.1485770841,-7.8457070848,-4.1785430001,-33.5627178202,-14.0838155666,-63.9453466805,-7.3091209704,-19.486900581,-21.3510306718,-27.2539344291,-12.4124202325,-43.5694195363,-79.5723810273,-57.4490073059,-18.5660897769,-49.5350976966,-33.9992251021,-12.599588767,-38.6376680943,-19.0739375363,-25.7579652408,-9.1742829797,-63.5978567551,-20.8184187863,-19.2624448796,-8.6552893496,-15.441803057,-29.0722918373,9972.7072075096,-12.9963364975,-5.5521742216,-7.6326657831,-27.5700275626,-27.9783450559,-23.1896543457,-25.0184076615,-13.7488333375,-19.8739026276,-24.4521893743,-32.1627285613,-56.5979277235,-58.8469461542,-25.9479092142,-36.0922416224,-79.3202783495,-38.4169372735,-54.2909012792,-19.833483262,-22.2314336187,-15.0226005497,-6.3263682031,-30.6659691307,-8.2667547697,-28.1476027075,-23.9325723734,-63.3128400967,-66.2951804802,-15.2228272649,-26.501105764,-5.6212954989,-22.9652600224,-57.3093338755,-15.185566951,-16.2698831324,-12.856150944,-5.9947349139,-11.3735199738,-20.265417879,-4.3576096318,-32.6487353244,-15.3131354786,-4.7629848147,-129.0776892698,-5.2063683565,-27.5877466391,-6.8983176659,-8.9572405962,-57.6037548024,-24.11095042,-9.7354836111,-37.1523767692,-12.43836205,-21.9312182201,-11.9169478229,-48.5358438235,-9.9445046503,-37.5544413734,-8.2863266962,-9.7738295493,-3.7001778045,-11.6480620839,-22.5237964627,-19.5894249452,-25.4816143962,-29.8426170834,-12.4273063283,-13.8374498186,-34.6692202494,-16.1899554817,-47.605239384,-18.794304884,-23.4445497249,-22.2466745563,-42.05514818,-26.6827809628,-10.6026921948,-22.4790441903,-29.0451665743,-47.8539490063,-63.0265805328,-36.5334308989,-47.0658106986,-6.4908633015,-75.0272940527,-42.797387213,-25.7997080706,-6.6436006667,-44.9374442563,-25.9640075265,-9.9169554952,-14.5618374287,-37.0914379535,-20.7448591086,-29.9351291528,-5.8978669209,-22.976133528,-12.3231592818,-55.2495190454,-24.9161633347,-16.4348922719,-12.2243271911,-28.2845774217,-18.086337821,-7.0566174172,-42.0762660662,-4.8979685783,-12.5806709005,-9.8528115943,-39.2803423361,-46.3296154857,-18.5028454481,-5.1191578164,-27.4881511588,-9.3777224523,-21.1973400287,-4.534092631,-12.0634188726,-4.1357394809,-11.7814672807,-8.4660090264,-19.2298243629,-23.2686900965,-27.7455265949,-25.2547419341,9959.0012467417,-28.1255622325,-32.4537180714,-18.4094875124,9972.1455618873,-21.2540053974,-29.3294371057,-34.6189727232,-25.8588592505,-23.2465882434,-8.4473903778,-30.729021653,-32.9495261423,-11.0326320251,-21.9282644013,-8.6762576267,-32.4570612572,-38.3561979365,-12.0537364848,-12.9309190021,-13.2966708161,-6.3982495747,-25.0127647168,-29.823284915,-36.620071774,-11.9539127549,-39.5225017694,-8.2293755359,-45.4696706108,-12.1402948832,-21.0206824856,-5.5196150829,-105.9468101634,-34.3085186982,9936.510707593,-8.6053084343,-41.3540266879,-3.5002809964,-21.0996568583,-7.966865442,-36.7440381771,-21.6248707704,-14.3760709991,-6.9517798676,-14.3992009345,-113.3432375772,-116.5521838119,-48.1872011416,-12.6559645081,-24.6405643712,-19.7309761604,-130.362970621,-23.4252118022,-19.8919823001,-16.7251145564,-35.2439221343,-24.5912682048,9972.3445610414,-16.5680174314,-5.132574675,-27.3165784037,-30.8361685518,-19.8416427068,-53.4426527594,-29.3866663854,-19.249716606,-21.5256071153,-10.02458191,-8.6096279147,-34.178239946,-33.5758297066,-7.367514515,-14.0347035344,-13.747563579,-5.010108198,-37.9588536881,-15.5082467168,-11.6686620927,-17.919851772,-9.2618138365,-25.6208063925,-58.3217514227,-32.226419799,-6.0942498355,-43.5507759528,-46.7098448478,-63.9364737158,-27.8558306273,-30.2278391665,-15.617140972,-17.9296377352,-22.7904821821,-39.3429671301,-20.5245387535,-15.0686571058,-3.0957344172,-8.5710076934,-7.7500474721,-11.040074114,-9.6833793988,-4.2515042418,-13.5048574974,-37.7518523704,-28.7625359877,-73.3124775826,-21.8951317614,-8.2252804689,-24.4557320388,-22.5829322981,-7.4162429343,-6.5349941211,-11.5380611057,-46.7366152689,-13.5742319592,-8.2214942103,-52.8249114334,-14.0189849988,-24.802381852,-112.0646349253,-23.6891182467,-28.1068304182,-21.2697431137,-20.2461106454,-14.475236833,9942.2738592793,-49.8487414622,-32.9337903441,-24.1285640029,-62.8651811899,-27.2967935722,-22.8015551664,-59.0134974173,-25.4672480958,-11.9501706118,-51.5786051454,-45.7061640827,-36.0406495332,-11.1918543652,-40.0157588149,-20.6181843988,-29.9751092817,-17.8328330383,9996.6968921607,-12.1324384925,-23.8235898872,-28.1279444682,-6.4357784176,-9.4608168268,-13.3614572684,-83.3575712705,-56.3693251675,-22.4202804593,-4.2079852846,-8.4297077446,-20.6675975671,-127.1960702702,-15.9119474297,-45.6827828809,-3.8777406739,-5.363958424,-9.6454880418,-32.9539990678,-10.0139558347,-25.8495393769,-8.9701760207,-8.5243239303,-21.4053061326,-16.0823942811,-20.8543038482,-73.0967855163,-18.8741980094,-23.907858117,-9.2650476927,-32.6810758038,-6.2967053412,-29.551199845,-15.4019936359,-38.7275236449,-6.8589800886,-10.0442765925,-20.1997299366,-40.5214276535,-17.8264305402,-19.5391908455,-35.4810428131,-25.5025845914,-11.9110440215,-46.5004517041,-21.4769304836,-44.5992531058,-33.0487130749,-16.523984433,-6.3606996331,-4.7342905752,-6.6361796766,9975.9655860933,-21.3718723567,-19.0867847299,-22.6330263791,-12.3589369321,9927.6749437528,-43.2695110279,9948.4775308377,-40.9238106564,-31.1865816069,-15.5152323063,-15.7191954105,-41.8312678979,-45.367903882,9951.6042036294,-42.7389284543,-11.2919216893,9968.3886707624,-14.0164684987,9958.1148958779,-25.1847076583,-9.8353917358,-19.9203945842,-22.7386675976,-20.4006874342,-32.5849596919,-23.0192228388,-92.1124637726,-45.468418115,-9.5122631431,-25.7303086741,-15.8156740365,-46.5569482832,-7.9076087686,-10.7269789147,-2.8495566395,-7.9836485032,-5.3045885848,-19.7390761452,-39.4442869501,-13.0429569644,-19.0408912093,-16.354057377,9932.8370009916,-16.6844573509,-15.5625413583,9945.4781043389,-33.1771543217,-18.4240724721,-6.5245368355,-14.5511020237,-8.4609664358,-5.2235503751,-21.8944853738,-4.7123536757,-7.0640729325,-28.7317107789,-29.353850226,-86.7137903057,-30.1091819648,-14.7677109247,-7.8589685802,-11.6819619494,-78.0951570799,-17.0171379031,-12.4801643397,-4.9414798632,-10.390993538,-20.0445221047,-45.5087761025,-5.3060731665,-9.3439376706,9961.5995350613,-22.2462353196,9992.2208343963,-16.1295575601,9981.5381972882,-21.9561760706,-8.2745421101,-7.7951008806,-51.3463083979,-8.2341611059,-25.791374082,-20.1031899325,-25.049493727,-75.0154384982,-21.4091326706,9924.1038861897,-22.7667096952,-7.2625637996,-36.8272399632,-42.5599788246,-46.2559790854,-20.7358077639,-17.8373539154,-9.2032917817,9978.9186875071,-15.3664442352,-6.1275589373,-7.8873309946,-91.374724518,-50.8982083363,-64.1866353127,-31.2354270282,-19.4514950351,-11.8341373219,-17.4621460452,-23.3149576396,-17.9732199885,-17.0692593779,-19.1540991908,-22.8745892945,-47.5010827472,9935.2372645337,-43.4824257374,-4.5618124939,-42.4447472855,-41.0835796447,-10.6149064272,-19.8391837486,-34.9545457161,-9.2633386975,-34.6406391757,-25.0899054203,