{"seed":{"0":1871883252},"gamma":{"0":0.5},"cost":{"0":63424.2360000001},"time":{"0":45.0473124981},"rewards":{"0":[-27.4131126537,-20.5654031099,-26.1952397484,-35.065465447,-90.8051285199,-28.4777744318,-6.1734198508,-26.0551232452,-75.3751369018,-74.1516766758,-47.1264023446,9983.288981297,-11.4528760413,-58.8138135143,-45.8121045192,-46.3984241185,-5.2485216521,-14.5958005904,-15.5748265591,-4.4826424786,-18.2125541134,-7.019289971,-41.929242614,-12.3666149429,-9.1223993448,-16.5724443234,9987.7597183515,-21.9013290266,-16.936659768,-86.5083080948,-15.3035796831,-25.3747705516,-62.1759229245,-12.2604999626,-33.607541061,-53.1201379472,-33.8171931433,-33.2138468886,-3.7079728172,-4.8703427005,-21.5238693491,-32.0318015034,-46.0319913917,-20.6023220084,-73.9136449165,-14.0407991422,-26.1310574863,-68.5563517653,-20.0202854463,-7.7271400321,-30.6387230296,-25.9469731989,-11.0805280047,-2.9047297544,-22.3574926298,-29.7591678671,-97.64800646,-33.0067496677,-35.209490965,-17.1766230179,-46.912524767,-9.1026586287,-60.8027079229,-5.6393655811,-22.6614424993,9996.6968921607,-10.5959348549,-30.9765727646,-74.0571448848,-10.7015204494,-42.2467934763,-11.9898169975,-26.275942297,-38.2438991175,-82.6791174603,-5.3076651597,-13.0787077618,-12.6577463897,-27.0823348211,-48.2759883305,-37.2005451138,-13.124827614,-6.1133058027,-9.8130942402,-18.1615873132,-120.0855226437,-8.9261737114,-12.7517775659,-39.0776240556,-32.1516440687,-63.2001039591,-13.6563673016,-17.1919023168,-62.1276183973,-10.881571048,-17.4477337113,-22.9216854413,-38.8492881105,-9.2357320004,-47.8214454915,-25.6525158288,-48.8804700792,-9.8115175915,-75.1632828819,-35.6275387976,9980.4838700396,-31.5357057229,-24.7726192508,-9.8130175177,-17.9018967736,-8.7787014322,-20.499371834,-26.3030522155,-32.7249265861,-24.4970126151,-85.5474481116,-18.5543032728,-6.3757276656,-18.0036117148,-17.7003178232,-19.1675620829,-47.5239268911,-20.0310879835,-9.9860901989,-14.2021793045,-43.3237960791,-12.9918309648,-43.257732196,-5.6003809275,-27.1060842912,-26.2913251713,-8.8985363253,-79.8028920571,9911.8223182107,-41.3386169607,-3.3897621409,-17.3675682207,-5.4330969639,-46.4728334986,-21.2792720563,-7.6953270203,-5.9150009878,-27.4868372849,-59.7299557503,-3.9756329132,-90.3969970788,-34.6348888194,-88.1736883798,-14.8871238436,-47.3861523442,-19.0405133507,-32.7916291845,-72.2496149486,-32.5277745277,-26.5255284746,-46.5413218147,-8.0875193485,-39.2191004663,-43.570637507,-10.6070270198,-5.3368369972,-41.9229705443,-36.4586724311,-20.6639992788,-17.0964997248,-29.6590775262,-36.3124411394,-15.8097951699,-38.5003634732,-57.9780515921,-24.4611601603,-25.9879507211,-26.0097955535,-28.6812944631,-70.3679690962,-16.1477408082,-4.6364117623,-14.4342612288,-19.7557211058,-27.3204701559,-29.8911345158,-27.3645415155,-39.6378541466,-8.6617800786,-9.7458200587,-18.1704123262,-10.8706208198,-36.0775434969,-91.6252735639,-14.130209702,-43.7688655993,-20.331477926,-59.5805826695,-83.5773545676,-13.3144474345,-23.0453890697,-16.2590326435,-65.7157313866,-71.3888932578,-10.5430423182,-77.8028249249,-15.662420712,-61.419762582,-10.5547981333,-63.5106289524,-23.4315471681,-36.9434401248,-12.2567194582,-87.4115513495,-43.8321617158,-69.8446713301,-16.5267694621,-38.5387266739,-43.5580204811,-21.6964567601,-20.7895039694,-42.8635757702,-22.2939414108,-9.9999347858,-7.9139326261,-41.7051417545,-50.3822030501,-13.9836197323,-22.9900241484,-28.6533482687,-23.9362761552,-8.5610855476,-15.5036932325,-19.3702285757,-44.022667682,-75.0089343427,-13.3691525417,-29.4540825036,-20.7611607357,-36.8162072583,-21.935553045,-46.0032511187,-28.423798189,-20.5590850067,-2.5048383168,-20.1210432734,-37.431215343,-6.319545649,-11.430497987,9971.5586496061,-47.2699195756,-11.6946250089,-17.4675588222,-24.5510003664,-13.332734258,-113.5718746583,-5.1513429326,-13.8900757444,-30.1088558939,-22.2567712459,-4.8281836508,-42.3690201953,-7.7754599038,-21.2248220516,-8.7060048834,-11.1425581989,-66.7699454694,-32.4025978261,-31.99001264,-16.9971861999,-13.2078932175,-30.3404295313,-18.6497001107,-16.9492096617,-48.8786862795,-32.8124708694,-33.578173581,-62.7404533153,-31.7236932709,-16.8912438454,-4.143459689,-31.2598996085,-16.4012168199,-17.9123291245,-31.409293788,-34.0674947589,9960.4561827838,-69.7815938729,-37.2564624376,-21.0889770772,-56.2290667275,-43.3083825157,-13.3291666587,-14.9216566704,-10.7604663965,-46.2310384975,-13.9984770571,9994.5415749992,-100.9470192324,-59.1355668551,-10.0636049248,-24.9857487835,-65.204828151,-50.8635297367,-12.4048841585,-23.3153450885,-8.1253857706,-30.8327850867,-9.474788006,-57.822389179,-5.8806369507,-19.5490247603,-10.7642871802,-25.511154502,-139.6975692373,-61.9530841512,-86.3324427122,-28.6886866823,-39.5905067334,-6.8192454719,-19.4553311634,-15.4718533678,9960.3542280847,9956.0223243485,-65.0091760188,-35.3293968264,-20.756175687,-10.59136219,-26.2656077674,-42.5206489195,-48.6933763491,-58.2301005641,-25.2629742653,-40.3575751066,-42.9134070765,-7.6877142238,-20.5747632629,-50.9787938829,-3.0247065841,9984.5310390729,-21.4544277552,-50.9661922015,-18.4690645026,-36.2281172858,-11.7196193026,-47.6249551653,-12.8717390512,-56.4967038068,-11.5181285832,-32.3582771181,-27.4420466512,-89.7812927369,-36.5979603306,-105.4784937059,9982.2656902442,-6.3046710616,-31.4710439448,-67.6317182594,-13.4306725308,-49.388271805,-87.1083629514,-27.2279523323,-63.9130656611,-80.0166909941,-71.1926503618,-14.122675546,-98.6850442785,-15.4488922221,-32.8538396767,-38.6113906157,-56.5938000495,-12.4291476698,-20.9950418042,-31.1685038524,9900.7300305548,-65.7691667354,-56.1410697811,-33.4287583028,-6.690261413,-20.5717403939,-110.1673223249,-11.5594993085,-138.1766652153,-5.6045565532,-17.7818202045,-6.5470932697,-133.4701788978,-24.6514302045,-27.1309308941,-43.8290007461,-53.9186875071,-57.1716955112,-17.7561411618,-6.5267828886,-7.7834256242,9934.5097389706,-36.9461944649,-14.2955161415,-15.989293366,9976.8765131128,-17.1542948333,-67.2640733161,9966.0459453083,9991.9395675533,9928.8829558903,-55.4973789654,-11.7896785133,-45.7897149565,9979.4298535174,9963.2472653201,-23.7719613548,-14.2022387645,9971.7573284435,-87.0515172846,-18.4427314001,-37.522939088,9921.7456090717,-29.8786383279,9929.6996465008,9983.8294936886,9950.6847872579,9959.5139472034,-6.7038259625,9983.2597423273,9938.5557782641,9962.2339980704,9994.209880332,9975.3001559386,9964.9272228925,-24.6274639931,-8.238052858,-27.1674757701,-16.028650124,9984.4482880319,-17.2240548259,-45.4859588115,9987.0148438984,-26.8295684931,-69.0735961209,-16.8499440884,9936.6707086672,-42.6314017788,9990.0759668482,-26.2518437392,-30.9701165608,-27.2816140126,9879.4134233801,9975.9848703101,9904.2924951905,-31.9551556605,-18.8809764481,-13.750076243,-3.2694803389,-82.6844976302,9939.1093507545,-23.0649590781,9949.0853116567,9933.9126321786,-44.0461582134,9989.6523393669,9971.1758059226,-55.7687984671,-78.7133376426,-9.5350976966,-26.4911701917,9988.6434951732,9933.8671184347,9952.4663446876,-26.4827805792,9982.9365581106,9973.7600731933,9953.8184533114,-17.3058065556,-84.9384282232,-53.1463099323,9989.11723208,-84.5042091917,-84.4656503484,-21.9540431833,9982.8248922527,9941.4529776987,-23.655063018,9969.730665434,9974.400204082,-30.3575520898,-30.76715085,9984.107242802,9985.1073828207,-29.4697319889,9985.8195811332,9971.7596224483,9957.7821386032,-9.6767217982,-36.7278343713,9981.7394712664,-22.0207112565,9940.4419277312,9981.8581303862,9963.1871244191,9933.3436269442,9967.0216319273,9965.4564781657,9942.2320320547,-12.1489741234,9963.5637631651,9938.9060071851,9965.535320192,9963.1843911777,-31.4893192599,9937.5313517173,9970.6984534649,9950.945480945,9966.5821324653,9958.6951409681,-51.7305330876,9969.8809668578,-55.3595430404,9979.2840979057,9958.1573445553,-7.7297620258,9984.9785963223,9983.5846585558,9969.2990799046,9943.2784472887,9987.0382845602,-49.6175725364,9991.6596778803,9981.6693641042,-15.773342361,9951.2819017222,9983.5778590184,9977.591392879,