{"seed":{"0":2125204119},"gamma":{"0":0.1},"cost":{"0":63424.2360000001},"time":{"0":58.7083947659},"rewards":{"0":[-19.6152785317,-17.8255501487,-6.961421976,-11.4708636467,-13.4152896565,-35.2644703554,-9.2923551718,-11.3469969829,-42.150608314,-8.0179492442,-23.3568059629,-54.1863993908,-8.5590562357,-25.8672316005,-39.1043561155,-7.6415828632,-9.7232597884,-30.0956864656,-12.0428668154,-86.1901779772,-52.7241919675,-25.829835104,-9.6622787753,-18.6071747107,-38.5565339814,-45.0558118302,-90.0432504282,-27.8387291674,-30.1881007137,-29.6765683531,-18.8534541458,-35.908458471,-35.7503409359,-12.2412502709,-12.9849681314,-9.0827778939,-14.1556374782,-52.3264468437,-42.7219363241,-76.3210187222,-20.9776641431,-5.6027554909,-40.071683811,-44.9872276109,-4.5980850048,-36.7569103056,-39.6017139821,-21.954812327,-17.2633981575,-20.2288365598,-8.7176667133,-4.5044758027,-36.4903895396,-13.3983435598,-16.538550212,-38.4948586291,-33.1873680132,-12.9872928251,-10.1987593961,-9.7246906642,-56.1508941056,-5.734403741,-15.1097804008,-14.2213599458,-54.9481892516,-33.4324313956,-22.9132440411,-23.7576506783,-23.5910783165,-28.3170464114,-26.7902155712,-36.0196735838,-4.7618474027,-28.1432045865,-26.0670574403,-14.9142778776,-49.8913570112,-7.5917266222,-18.4945114595,-59.9387447037,-10.0172664134,-62.6924710228,-45.4238327141,-32.75554848,-33.1707921029,-11.2866144058,-10.5961266613,-43.6923751196,-30.4431073406,-26.0980399303,-5.2821127093,-8.355166018,-12.9855435506,-12.1461066175,-12.2908820985,-10.520186666,-27.6004749127,-13.1785219014,-15.9082417298,-55.7925498553,-31.2395719648,-20.1450900435,-27.6233881069,-37.2907555063,-36.6113330738,-61.1516785938,-23.1975874589,-5.2777529495,-2.8949629718,-79.851426752,-51.6103030733,-22.5828018697,-8.1149668463,-46.1648748751,-14.3451096078,-11.2311996149,-12.0539647345,-17.9581862018,-57.0973072298,-27.1956137709,-39.3926354009,-23.954812327,-18.2471348917,-12.4235219877,-14.6664313841,-17.4267059742,-40.8350733372,-9.7410670958,-17.4344875604,-25.1346327579,-8.6614655161,-56.1463809007,-28.8110649284,-38.1687704633,-51.5020149264,-11.346162625,-5.3794525461,-12.0202336586,-4.5103374067,-32.6001891211,-2.927268926,-48.9228305256,9991.5241359601,-13.6568161286,-43.7535997269,-45.984239267,-12.5682360907,-5.9694087951,-18.1963157824,-46.7931444552,-17.7021821816,-45.3899827182,-69.0212272158,-22.7903383273,-26.7337822882,-18.3601549029,-20.3369386546,-10.5276594439,-19.5280699096,-12.7646707931,-35.6551742657,-5.8136428066,-8.4309813392,-4.8106928239,-12.5148141684,-32.8796664103,-13.4437863353,-17.8348182347,-10.2617582127,-5.6354949277,-39.2670098723,-16.3186115517,-12.5115400329,-14.3480078027,-13.6958621602,-12.5385713107,-38.7990808637,-59.6711651664,-45.9516360128,-12.1180817824,-27.2393168623,-32.6583908593,-11.8492650937,-39.8219633688,-58.2280002839,-31.9334930441,-20.2979616732,-24.4718552859,-3.8130060093,-44.2661793505,-58.4821437819,-10.8412399134,-20.6723428578,-21.7595207909,-22.2869040335,-36.7630404385,-9.8208950071,-2.8220266649,-39.2679420514,-8.1496665445,-8.2650898901,-62.7829614527,-19.4548152041,-44.3083825157,-4.0345961228,-21.2178690691,-39.7528209928,-22.1688702027,-10.2473132717,-8.1230227156,-9.9076950815,-17.6577636523,-47.1225105925,-20.793857975,-38.0129066536,-48.159517722,-17.6482443,-5.7271630489,-7.9345268807,-9.4729313199,-24.2408704942,-52.2592455487,-19.6544511555,-31.0870686034,-17.0325322858,-28.2303460763,-8.8205957891,-35.5076540349,-20.1037289085,-18.0753108702,-73.595639473,-75.68251627,-8.8081475528,-5.2084091768,-65.0465379901,-35.0223914807,-13.8895233419,-19.7594766754,-14.9658335235,-15.6503848596,-31.5927355239,-42.7589319452,-37.6290368057,-5.4618353188,-12.1711200919,-17.0121451821,-3.0942613439,9953.3771048356,-22.4723923439,-4.0077029456,-5.9447060471,9967.6845858612,-43.3082444151,-6.5025769192,-13.8330152544,-25.8507707741,-56.6128445083,-8.9752569726,-70.2053537006,-33.5284803753,-20.2455716694,-28.3324638109,-8.9116827368,-9.5720990718,-22.8916773279,-84.5996002754,9960.9097953617,-34.7726595302,-46.2660028886,-16.5669107084,-38.0538362242,-31.5101839615,-43.0401393282,-10.1210777986,-14.430169998,-5.3805726956,-11.8389900241,-19.970661291,-13.0912883445,-32.3354828439,9972.8660251381,-14.1795634102,-10.032984949,-5.141336392,-65.9439388214,-28.7791023076,-24.7026885505,-33.2384844224,-32.0566327617,-13.1330292562,-30.3360294922,-39.3496650101,-7.1730726812,-16.1482932106,-33.8528192666,-38.5943102545,-15.1979020214,-9.1000941769,9990.6820137372,-33.772116718,-123.478229013,9960.6240306583,-4.116574184,-33.2653354023,-14.5360739912,-28.0606913854,-84.3445341885,-9.2302386647,-15.3602603964,-32.541509785,-9.382588581,-10.1817864466,-10.7016105985,-39.6022587123,-23.2403909782,-9.1159066977,-60.710270658,-22.8838343637,-27.6991056067,-22.2857244241,-10.7154513493,-34.9920342796,-8.6662434138,-39.9032969604,-29.9982775784,-13.9856605525,-40.2527337209,-11.2211758117,-66.5664100936,-29.9537094401,-6.4877713821,-64.3937919936,-26.4368889767,-3.6937503716,-5.0327854703,-38.720288707,-3.5110873697,-87.8288741539,9935.0501861481,-56.3742008865,-65.680751651,-15.3570265403,-28.6208735248,-50.900979939,-30.0298258973,-36.040582401,-4.0012141346,-13.7748231065,-15.3488575051,-39.7101037865,-16.7403209689,-76.6907390109,-13.8370546974,-64.1799911385,-25.0426865174,-14.3386917652,-5.3712892652,-11.1116735301,-23.0795171849,9967.2000444991,9955.6663028738,-97.761110866,-19.4872573409,-33.3516041729,-53.8348470056,-14.8529554491,-31.6498957532,-47.7653900671,-17.6046006686,-11.0583551833,-31.2550008727,-60.1405192967,-43.2290935804,-3.4652533091,9936.1997491172,-10.3906156794,-6.0277639784,-18.0889847495,-7.1128301228,-29.4585995447,-15.2137279686,-12.5155027534,-28.5117548561,-5.2448926747,-7.4963470469,-21.1606877411,-54.9917561603,-32.7193642001,-6.4014431515,-47.8935282598,-28.8240463865,-4.4338603534,-19.3801564757,-49.8599659735,9921.4069249788,-8.1292257351,-31.3321914458,-120.2710473973,-37.5617722145,-79.3519686051,-8.1078086309,-28.5564073892,-21.2526608345,-23.7949205826,-22.7941763737,9987.9280860213,-6.3073103178,-26.2274325369,-14.3735391544,-13.6651808063,-16.3444939092,-43.340661617,-45.0351063279,-18.2627709505,-30.1349933539,-9.2750101178,-50.9463325655,-14.0014558107,-40.0304588585,-6.281924739,-70.0108140456,-32.6767601595,9966.1249311894,-10.978557961,-38.0871683427,-18.5292610274,-62.8849410867,-6.3774424149,-36.0846249897,-26.1920768607,-7.2003513893,-6.1138025813,-15.7078749959,-51.7625321516,-5.382139754,-27.0419116194,-33.0731377036,-50.5599673162,-12.647348564,-14.4178406818,-12.3960054396,-6.1937168055,-27.4482803596,-53.8367152001,-24.7825951024,-20.6737334543,-8.676265299,-5.5945423403,-63.3040572811,-18.3452515445,-18.4378115655,-22.1718048408,-33.9103516003,-14.3471063125,-25.7535421849,-9.9168538378,-6.7376913029,-68.4783997207,-13.2458900681,-10.873227469,-9.9743957618,-61.685266774,-7.3570514751,-8.4686808898,-20.3985123495,-16.0673873473,-3.7956993166,-19.5362005835,-22.0183386112,-68.4512725397,-22.1165223963,-108.2007867899,-25.3548821445,-38.7876453653,-17.9815597314,-17.4863999662,-35.9037227707,-14.3790574249,-63.6661801177,-110.4375315282,-23.0383133311,-69.9471630872,-33.6045277822,-29.179016762,-22.9329444778,-27.9778904747,-39.9941057889,-17.396525235,-86.9804990419,-12.3114034667,-24.9808749825,-10.9726445693,-57.8239351387,-53.913719721,-9.3885614327,-12.2425257836,-52.5306458697,-44.7864254765,-16.4526362833,-61.1195702002,-16.709760453,-11.7457471723,-6.1947161169,-11.6848409637,9978.409742615,-17.1398824994,-4.3525056631,-23.5058702353,-40.1406900044,-58.2266672293,-42.0671629338,-21.3251905117,-32.9694030409,-6.5774677334,-47.4554903627,-40.1860541393,-66.1417775468,-4.1652335531,-13.1744767042,9975.8171471098,-35.6083332214,-20.9257018676,-10.2129549888,9954.1516421506,-5.9568186221,-18.2926889149,-27.3311096576,-24.3951423108,-6.1910142531,-23.4605406256,-72.1625425091,-9.5951676292,-44.3001041509,-40.3517346013,