{"seed":{"0":186872697},"gamma":{"0":0.1},"cost":{"0":63424.2360000001},"time":{"0":57.2750999928},"rewards":{"0":[-17.9800866581,-25.9975141889,-60.1577531029,-45.108349525,-32.9963537601,-21.3613536929,-13.134458214,-31.9572770394,-33.1014195593,-35.3716939767,-9.7136157619,-11.6945962379,-26.1700862553,-45.1063892634,-18.2935750606,-15.5415596547,-14.230336486,-30.4339140592,-18.6584196302,-39.1212312437,-29.9719866733,-18.5355426875,-18.7409673565,-52.4922519799,-6.229739968,-4.9029056754,-13.8408889076,-42.6112832041,-64.4298803703,-4.6527728494,-19.8452179784,-16.0899035022,-36.1441060766,-9.7958968772,-47.9356911456,-13.533613115,-31.8275698703,-7.9147056059,-8.9277829672,-19.4421732434,-19.293766867,-27.1597862509,-65.1459263195,-38.8246851018,-75.6368299003,-26.5783768958,-7.2903354502,-26.6005535533,-14.7524220355,-33.3667875686,-15.9932138891,-15.7133587413,-60.6097602612,-17.7971954066,-30.2686306365,-14.0168943089,-28.6885850249,-11.7802646545,-44.0145465984,-29.1876538048,-87.5630592356,-36.5687501319,-12.3775555807,-10.0964345106,-16.4020166526,-13.280908165,-21.2129952681,-42.9920994938,-7.536037548,-23.3013451384,-32.255936888,-23.9865946498,-36.7311219333,-8.1076091522,-36.6092711548,-35.552933775,-26.4848022188,-35.3260402141,-44.6446690284,-86.2384518154,-27.5955109627,-26.5669989393,-9.8678262004,-8.24768154,-15.8145308703,-7.6226381438,-30.1286004461,-17.4535780527,-23.0478154209,-12.3524749741,-9.7828137617,-42.6378407201,-7.3322815948,-10.3926488274,-17.113971371,-12.4467516625,-55.0843718052,-4.0052017899,-8.6182572853,-17.7366593844,-11.2332116641,-39.7858443031,-17.0821545231,-10.0333263644,-33.8097280377,-8.4362195723,-12.4383409512,-9.5068024145,-19.3613709555,-3.8977019674,-8.4825926089,-25.2760803976,-27.4619945182,-18.0772250983,-6.0924948068,-26.8821445491,-48.7443565758,-8.867784003,-16.8301592569,-36.8176151174,9982.526886464,-11.7761599972,-8.4483091306,-28.8768123309,-30.5125872959,-17.0354151362,-4.1573886708,-38.1509727462,-14.9198556081,-19.1412826862,-11.7808592544,-15.9266973429,-28.7247904035,-43.7261388026,-65.8965971624,-15.9051172033,-2.8539547605,-4.946409288,-26.2017611665,-15.7189594886,-27.7101594103,-26.373556417,-16.8066840699,-20.7700701436,-21.9823096945,-40.32896718,-18.0624866934,-60.4847159059,-17.8749268738,-5.0038840799,-6.3571492964,-8.0927211384,-27.5513456179,-17.7912570801,-16.142322277,-20.8131786351,-10.8869339553,-10.9661998738,-26.9618381959,-4.8912591899,-36.6983134462,-39.13027108,-25.4180363243,-58.8634721948,-23.289581651,-13.870356127,-87.631077626,-3.9450301999,-29.8241020103,-31.4423266885,-17.4418279918,-19.3321281497,-5.4478085158,-50.1542929152,-45.2627651963,-19.8626167382,-6.2805245522,-53.1568784657,-47.5377062638,-105.6825085977,-14.1206634967,-32.1213271469,9977.1654234414,-10.0397787321,-10.1112841631,-16.3936462207,-10.304055363,-29.197468539,-43.6669741963,-8.0967874344,-31.7417786976,-21.5727531317,-7.0117999306,-9.8176362161,-26.8009682388,-30.5539292503,-29.039356758,-13.3649308826,-6.1668581534,-40.0569377339,-45.8198189731,-6.379719157,-9.7852381948,-7.9548219173,-25.1208533851,-20.2393839945,-3.9787305868,-5.2722481054,-54.3980750308,-24.0302171824,-8.109694088,-20.6837802742,-25.898049137,-28.9890574441,-37.3978966509,-62.1530691903,-25.8521882235,-13.6759603268,-36.1029904538,-35.8023588353,-45.0693476088,-55.9387370315,-82.9537267027,-23.720647385,-26.089508381,-8.037532679,-10.6236432094,-13.0469542101,-11.407590547,-17.6193275651,-70.4427064652,-24.5531390079,-30.9023398464,-34.0604784803,-7.1744229984,-104.0647308285,-21.5359800061,-13.1769164817,-25.4554558375,-10.5258161842,-25.8570850412,-5.8746698532,-42.5508181503,-46.6268195236,-27.9575877658,-17.3360774438,-27.1358794995,-39.9266493913,-41.3704644976,-12.4056513842,9951.2658149183,-34.9114026995,-67.6128771154,-47.8246486586,-25.6201561688,-13.2578031644,-26.0449670956,-17.7374400365,-27.2494787661,-7.2910854133,-11.130689218,-42.7220916873,-46.9754871403,-5.0480686053,-12.8837077714,-19.0320450975,-7.4640046494,-4.7889112876,-28.4663657863,-24.901041317,-25.1202626213,-9.1112342935,-21.6733517595,-16.0133650709,-9.7593673457,-29.8224870003,-24.8374670812,-28.1608737933,-22.7558994858,-54.3805746137,-8.901459455,-42.8122694727,-52.2755529299,-85.6844285799,-33.6360108869,-55.991357203,-56.7824301489,-13.7352937228,-9.3589446044,-20.1185344456,-49.6775254671,-85.2653373203,-7.7371638353,9962.9590800197,-23.9498215241,-15.2936537012,-33.5392330429,-6.9813295637,-5.7057267641,-7.126204784,-10.3511956253,-30.6848965876,-23.358902407,-12.276452502,-17.1674546713,-21.1937551668,-24.0723973308,-17.103744253,-12.0824383966,-20.6754501217,-19.714127885,-6.1005621846,-14.3747724696,-38.5933416322,-27.7939692227,-29.4255781525,-18.1640692881,-6.730876421,-28.8503027664,-7.6511329046,-37.7428144522,-28.956966313,-36.2017074607,-59.8745816223,-50.9911922495,-11.4738807616,-19.6343421711,-15.0471287539,-35.1068495988,-19.0404749894,-10.9146001124,-41.9270023151,-30.4729121392,-23.8001722422,-24.9344674207,-15.6684204166,-26.683981671,-26.9847724888,-34.7622674587,-8.8687967408,-21.5906256533,9972.9290546437,-21.1284067217,-41.4451577512,-38.7070003587,-39.2581618424,-12.1655711324,-11.5439476445,-40.8640994018,-28.7333200348,-30.996620371,-45.2984565338,-13.3503651035,-11.6194023696,-17.3940931297,-8.1999677765,-96.2031383365,-17.2155462934,-19.233177139,-35.7336595321,-4.9666793898,-21.0525645477,9969.1375865766,-26.9609789032,-16.7662800489,-7.226719017,-6.5138225292,-10.3215749608,-13.4700791585,-49.9836638478,-28.0764962339,-2.794247342,-73.7775525118,-69.4832351604,-20.1351832423,-35.9634781408,-3.3912352141,-8.1612880952,-13.5887095073,-52.838955499,-15.0279404403,-20.9092678941,-91.936659768,-18.6387978341,-56.4599939773,-18.941652489,-7.9289357238,-16.8291887164,9990.8566381323,-75.3247992266,-9.4128211079,-15.5392464693,-18.2601643014,9963.092170654,-7.8912476815,-55.6696307151,-15.4431629645,9915.9063965521,-10.1309117134,9980.6535784364,-13.145105388,-18.05538602,-18.8375284593,-8.3472904467,-68.5150347457,9971.1897924463,-66.2144529969,-65.32896718,-6.3357763077,-28.9067552301,-20.1955830819,-4.6685738618,-24.8406836748,-5.89275528,-18.8652080428,-31.8116250031,-13.5127618397,-6.284226416,-58.5479180373,-41.617770097,-16.3035336496,-13.7061660008,-47.8456150177,-5.9159408392,-5.8835178831,-30.642860294,-7.6355678141,-12.808391147,-21.6236643081,-65.1230706672,-11.5812923533,9989.6475346163,-25.1668696618,-4.633112692,-47.9125708005,-12.1961086315,-56.6980429992,-18.1617465125,-33.0021635763,-5.2456004404,-28.4973041609,-20.4445612332,-11.1455350344,-51.39410272,-30.0720981128,-52.0590552767,9929.6159210832,-11.5124741301,9959.8741078604,-9.7532314586,-25.3191466916,-59.4445861681,-3.1144643135,9987.2262452552,-21.45439323,-39.5486890991,-42.7486472853,-4.7119719809,-7.5160800907,-18.8336156084,-30.164184372,9979.0321467549,-61.9555162566,-22.5916479815,-45.9713901553,-46.7912052923,-14.8241250271,-12.5405200639,-18.4552429324,-3.8468042174,-32.5168588247,-17.4342324579,-34.1946950182,-15.8069410905,-9.3814281522,-35.9387619663,9958.9801346097,9946.8437660038,-49.8519465474,-50.3964389221,-115.4712721944,-6.0061205427,9972.7514879383,-6.9541908742,-20.6361298069,-18.3132754973,-11.1879760395,-66.4367930735,-11.7761580792,-29.3512704298,-3.592349993,-15.1410793714,-117.7030203756,-4.6908675212,-22.5989040182,-16.5773046979,-16.7255576292,-10.105209654,-16.6548865561,9952.56043916,-11.774119177,-25.8185568869,-43.7747502201,-31.4375353643,-12.1058138442,-3.3657403056,-14.186495294,-16.9836293226,-36.5297021822,-80.5938307385,-87.0496663527,-29.9606566684,-8.7849677478,-15.6550802806,-10.0970655537,-4.4425089046,-68.4522334898,-17.2616047675,-13.6680195412,-18.6922619539,-16.7496696135,-23.6911801657,-94.0467835023,-14.3355557303,-20.1687282659,-67.3784762515,-6.7002756258,9987.6749456708,-39.7001356071,-6.7668286152,-56.3507525525,-11.6412778911,-11.9581420864,9976.9630830196,-11.3388471284,