{"seed":{"0":1871883252},"gamma":{"0":0.1},"cost":{"0":63424.2360000001},"time":{"0":60.4135394096},"rewards":{"0":[-27.4131126537,-20.5654031099,-26.1952397484,-35.065465447,-90.8051285199,-28.4777744318,-6.1734198508,-26.0551232452,-75.3751369018,-74.1516766758,-47.1264023446,9983.288981297,-11.4528760413,-58.8138135143,-45.8121045192,-46.3984241185,-5.2485216521,-14.5958005904,-15.5748265591,-4.4826424786,-18.2125541134,-7.019289971,-41.929242614,-12.3666149429,-9.1223993448,-16.5724443234,9987.7597183515,-21.4097541234,-31.0718295838,-45.2178824956,-46.6049670189,-35.2507235897,-42.0384514317,-9.2076553776,-18.7398069277,-33.1210356012,-39.5704130935,-12.1088635662,-34.6220090187,-20.6792306261,-18.1942481093,-28.4216998268,-33.1926484438,-71.4601013889,-26.8269867788,-16.1634996231,-15.398826912,-14.0407991422,-4.9619954772,-51.8573631605,-13.0599817017,-54.6682612173,-130.4928983675,-28.1821221078,-109.1644663274,-20.9557483423,-7.4007603206,9983.0623927083,-9.4181322275,-11.988426401,-53.6579803935,-26.8065478873,-12.981519452,-11.7561123909,-39.4264892329,-18.5443830451,-72.6894021202,-21.7568144024,-37.975717308,-8.2692060557,-25.1390308789,-18.1978195447,-22.8996488025,-4.4882969317,-10.5100880583,-48.6034555843,-27.4877464473,-34.7784213949,-29.292004166,-23.7653248529,-13.7899259435,-67.113762302,-85.6370351332,-9.8439769909,-9.3566064842,-4.0761605727,-15.8472338638,-34.4953438993,-25.3038194411,-13.8518007745,-52.278903788,-8.5146300342,-31.852562246,-51.5924382239,-6.8159042042,-11.2831177749,-36.5082198639,-23.5490918925,-12.7803221964,-9.6478664414,-52.0389271116,-4.3091497413,-57.2519952662,-16.6034881914,-16.3192291684,-69.8105643136,-29.9329137888,-9.4795659037,-51.9099161998,-22.7596186121,-37.5538851348,-15.1500885187,-14.5324200791,-6.1448848107,-6.6018424924,-10.9333338448,-25.1949443665,-57.5182014696,-23.8493207176,-15.2736866535,-42.0290299007,-43.5995926032,-28.500328948,-22.6264493372,-46.2866450948,-48.6340295267,-27.207218059,-14.8938504946,-20.944404911,-37.5836860973,-20.5042571434,-15.1584992299,-15.6703039556,-12.7415849731,-4.5376199509,-5.571983988,-9.8972550584,-28.3688897669,-10.1640405172,-23.8395155737,-40.0767743532,-9.1814776382,-25.5569214303,-20.3617603225,-21.073300739,-84.6342002344,-43.6821077223,-17.878701624,-24.0782244097,-6.6568161286,-27.3178213093,-9.1647348564,-38.0975297252,-20.2473171078,-12.5889684459,-2.715234608,-26.0109866714,-15.2176389014,-6.3474458099,-30.6555502063,-21.4400959799,-17.9832476278,-13.4033075098,-4.0474701693,-13.3019435744,-14.8745912126,-11.1648691209,9968.7569640114,9975.7019309152,-10.9135029797,-8.1087906797,-14.4294948394,-40.0928496487,-43.3096983077,-6.8893066006,-17.2283800606,-11.9947329959,-8.4543893939,-3.634487944,-49.1632195857,-10.7142583134,-68.7910806182,-4.1637106102,-7.9852117255,-28.1781229441,-55.6129384934,-19.7523146239,-23.8677571501,-3.2629013789,-21.4657213168,-18.2555590294,-3.0487859613,-18.1622643898,-37.1962237153,-36.1885169336,-16.1958803818,-9.3894936119,-25.3623702669,-10.5443849631,-13.8819067092,-68.5997115232,-21.5452653546,-19.0825860875,-14.4413619023,-8.9156761464,-57.5403877175,-18.9728018505,-20.1086544972,-7.3939627013,-39.1306374303,-35.8358904325,-24.1633826212,-7.7873825905,-56.5086533464,-32.8603706851,-28.3364917456,-26.2201554016,-10.7248306829,-40.9603344337,-7.8443625218,-18.0051979538,-59.4186616132,-29.6424690089,-3.3404602203,-19.5563517653,-18.685328152,-9.8391300428,-41.885280584,-41.9108963306,-39.1768186605,-6.2256583276,-27.0304550224,-13.5195172616,-25.0773497724,-24.3090653465,-53.0732451152,-12.4122629512,-79.7170433425,-8.1903295042,-32.8552456177,-4.8345919031,-8.2961395123,-33.7038892586,-8.0496299095,-16.8309859425,-18.6183608608,-43.2753496151,-17.1662808161,-20.0730322101,-35.5711246953,-37.0677191724,-20.6692777913,-33.3907422716,-5.5262822738,-26.0696314823,-52.9804376639,-6.7898779919,-17.3632468222,-3.5261652719,-5.6815572379,-12.4771702416,-28.9265074546,-6.8868610689,-4.2284587012,-44.1546189861,-18.0894297404,-34.5692238937,-24.067736435,-19.3736312215,-5.5508948728,-17.0416143195,-19.4165498246,-14.3344796963,-20.6821134765,-22.5183721773,-24.9484347638,-28.2585262746,-18.1257099235,-34.102698908,-36.5753962241,-54.5283940624,-34.2708018851,-34.4486620544,-40.9888502932,-15.7180982778,-36.3940528503,-40.9507345227,-39.3067732599,-14.5906390798,-15.1223859183,-19.8983617814,9969.5349711044,-4.584785148,-29.5758028537,-19.5074641466,-13.0350833111,-18.9384800109,-45.9586369469,-27.2227831494,-68.2845064533,-8.4492719988,9977.8980337925,-24.3079336887,-18.7496427606,-25.3566832068,-10.868532048,-34.0260645735,-8.6612449387,-56.1487247751,-51.5475881303,-36.8760297607,-43.4241434405,-15.8821023517,-25.6341215938,-11.1792450116,-75.2347768045,-20.7774546905,-24.0345980409,-33.6420508709,-25.3030522155,9988.0669212577,-11.7525965793,-37.1993098805,-43.1972844048,-18.0564294469,-22.4406982521,-31.7738237951,-18.1044596909,-23.6830590821,-24.132006928,-10.6840104419,-18.8316093134,-16.648154151,-58.0751785238,-2.8539547605,-14.8467562658,-36.6686793553,-30.4961974378,-8.0550637852,-10.0587809935,-43.788803876,-8.5218285289,-9.3327112412,-53.1980919098,-23.6148258685,-7.1300198136,-19.3720047031,-23.1358181215,-5.8989870703,-20.8240847477,-7.8985612601,9961.5182897006,-11.3307049461,-4.1485617396,-13.9794786318,-17.1847613641,-7.664425089,-14.8336904129,-14.4204223961,-10.8844711609,-8.5538736264,-59.1902355191,-17.4038119607,9987.7188712576,-20.4053579204,-41.7637597126,-83.0733812977,-17.4079664876,-49.0776317278,-45.1127092848,-29.1064122802,-7.5231040416,-8.1226199222,-59.8751934847,-29.4832428327,-38.0484867433,-23.5120675005,-42.499789972,-11.5175454917,-33.0205309585,-6.804624069,-6.0733218377,-9.8854455375,-29.3122589233,-16.2575538161,-39.0533471178,-33.8050978309,-122.2435788008,-17.7635506436,-11.0309844081,-30.5210075975,9975.832077321,-45.2863938284,-37.0428802418,-5.4970778293,-30.3333672191,-13.1203738691,-18.6642639717,-25.194418817,-9.9647152921,9974.1976948705,-11.0052267248,9979.0986786456,-56.7092924453,-12.9668731143,-103.7737106293,-32.0671360809,-18.4716404627,-55.8737587727,-16.4407346953,-5.519559459,-50.2927867362,-26.4253671654,-11.3591287385,-8.0833398867,-56.1261510782,-13.7320483582,-66.4960344024,-54.0161654445,-3.5313785702,-7.6928661441,-97.1671420269,-4.1238896806,-15.3462009863,-4.5492146486,-22.1097113505,-12.4791324212,-9.0889195353,9972.2993656962,-5.7803298687,-6.2997454729,-8.7826315456,-4.1932603062,-13.2249697425,-5.6946902231,-23.5564112253,9941.3580680491,-44.7233326748,-5.3835514492,-22.1769107275,-25.3601453125,-6.8606871657,-28.0334567927,-98.3206773068,-32.0891055875,-12.9932273155,-30.273312631,-34.8662879129,-24.2645854392,-26.8926056709,-15.0216089106,-15.5381838618,-52.4825120502,-26.1868904152,-21.3038002605,9981.5871251863,-15.8862031729,-20.2456253752,9918.5549899398,-4.8761851239,-26.8387694468,-15.3149384589,-7.9271154809,-11.6168686069,9978.2219756444,9982.5981655635,-59.1439276967,-6.0598781262,-23.7431098341,9964.2732665975,-7.6596165023,-11.2613956985,-62.9488164585,-9.0613722982,-18.5526403112,9986.4873340635,-19.914707524,-20.3810004239,9963.7584466749,-3.5822398769,-16.1966802146,-4.7932346042,-79.2175564247,-9.9468024912,-18.0547262059,-6.0956615307,-38.90740929,-46.7598104185,-15.9963134807,-20.1928747753,-77.5599481355,-5.9752723172,-13.0244246287,9968.7192011646,-69.8503622264,-52.934118333,-26.7922257024,-22.9227729837,-79.1317211365,9968.5257643965,-12.2982052674,-28.2625216022,-9.0368229953,-30.7126087782,-51.3458749154,-48.5016178871,-22.0292408878,-15.0552555916,-7.465636922,-19.8819623331,-15.0457247309,-8.5167744299,9900.5348867095,-22.1093871977,-34.34870406,-5.419014537,-39.8585983938,-5.1574769017,-52.7615712014,-78.0473359048,-4.9557118991,-23.89437029,-13.3687267315,-39.4114842172,-12.5979219693,-20.268975888,-17.5098770713,-17.5374741781,-36.8386908061,-7.3075826829,-28.7583162466,-78.1799585315,-24.3789557675,-24.0630314236,