{"seed":{"0":694388766},"gamma":{"0":0.9},"cost":{"0":1715.974},"time":{"0":14.4557874203},"rewards":{"0":[-3.6620658702,-44.9782491527,-66.4489536001,-4.5956202924,-39.9443205162,-51.8215912644,-18.5907810165,-82.5833465999,-18.7148298965,-33.2164190126,-15.4329953065,-30.4001906556,-74.7159136027,-17.4838719577,-23.4715503137,-8.4087011061,-31.717179525,-10.1789477117,-18.8022341611,-36.4733360314,-2.9817726365,-16.6905683032,-12.3053270395,-32.2668717717,-11.9985767964,-29.4865035417,-58.4758448593,-92.3577880117,-22.3798495854,-11.7637347778,-10.4613404583,-5.0067957012,-32.5316336728,-14.0803726415,-38.061427922,-11.5394670467,-21.2691504319,-20.7576967119,-9.3396680598,-25.1555473292,-14.6074739287,-63.3696915177,-8.8913128957,-25.9276487027,-17.5905968824,-36.7897034481,-13.5631858278,-16.960165644,-37.9619245088,-17.1405135425,-11.6785228604,-12.7777174653,-25.2516404244,-25.5058951701,-7.1412596694,-22.7524527245,-12.0410695893,-38.1134861007,-82.5629901853,-27.5814170274,-14.7639150758,-13.0780134226,-25.2293908804,-9.2743982553,-13.8647189365,-16.38255981,-4.1400915684,-22.8166503312,-10.6992590518,-28.4430229458,-6.1615988215,-15.7688099755,-30.0843718052,-45.3191390194,-25.3886688443,-24.4134598233,-6.0134763186,-35.6696844209,-35.138944566,-16.0484292014,-9.6322783341,-8.8702889947,-46.3478447672,-12.3526859611,-12.4523217207,-20.68712346,-18.347359497,-7.0486382704,-24.684430498,-20.0889809133,-17.7431117522,-7.8325760177,-3.1394470988,-14.8108923026,-8.5986412434,-8.3547977497,-29.8216775773,-53.0129948845,-32.5761327607,-49.5612620095,-6.725851093,-14.5644536682,-4.3099419018,-4.1962313876,-2.6530317881,-14.4596755786,-12.9050941865,-3.180842759,-18.2838523935,-18.7853686232,-21.8385891487,-49.5857748691,-35.6994968918,-5.3595814017,-31.361595369,-25.8451259113,-2.0912097039,-10.7116861894,-25.8909120203,-7.8729551039,-33.8313465386,9989.2059693992,-17.3702170673,-24.3565220894,-30.7689288954,-9.1418370067,-4.0865929235,-38.6437426035,-7.5648334449,-11.0082131506,-10.3527473392,-32.8863086664,-38.9950513945,-16.4775442641,-2.6926513209,-7.9074207983,-20.6254116645,-25.7222106073,-5.5123648005,-14.3572451996,9953.1288689751,-12.6064228296,-12.3877251568,-17.9045916537,-10.0511624428,-21.31120207,-20.1947161169,-26.3066198148,-43.9634743047,-24.1237343174,-12.2895145188,-34.7081320165,-11.9746489463,-15.0943591652,-4.7240903101,-10.690023573,-75.7351556221,-6.0319472763,-20.8987415581,-4.5276958871,-5.1037883685,-6.9400796764,-23.7475961861,-9.9015994737,-24.6653323334,-5.8349755159,-9.96722412,-19.3835380227,-28.0442037061,-30.4106268425,-9.2036926571,-22.5660878588,-27.0571084416,-20.6200564294,-19.9154709135,-21.1427078079,-13.590316845,-10.6533866299,-9.5882357454,-12.5826771956,-35.2673877309,-25.4583156712,-39.1566540522,-15.8475407541,-6.7062350511,-22.3094163523,-3.3481631659,-12.522160354,-2.9866080762,-65.9313639929,-16.621836393,-10.8005481827,-16.2734679942,-5.7428297967,-8.4495443639,-61.8185242798,-14.9425520611,-14.8418728745,-10.3303520223,-13.2583843379,9942.5777650333,-10.5180844677,-3.8538665296,-7.0885378405,-14.6653822031,-6.659069854,-26.3704587434,-21.7863947875,-3.4134137897,-26.5824086666,9971.4233455258,-26.6149236898,-9.9710103786,-15.9372754666,-27.7143196914,-9.1349185494,-42.4320420286,-38.9474661414,-40.7709812241,-4.688586943,-24.0803764776,-24.4188821906,-6.5839987417,-25.006189593,-39.6842559542,-4.5777055733,-12.0915300206,-4.3524884005,-6.3409685073,9958.3204701559,-45.4033669698,-3.9380254297,-16.8839839727,-33.0416450085,-44.3689396366,-34.3898216009,-20.3779085045,-4.904777706,-5.7031431317,-6.4288369434,-9.8710696468,-29.9007842964,-24.1969449074,-18.5654894228,-18.327680159,-31.8762541742,-24.2798935091,9979.9140112667,-25.7424135768,-4.2059061031,-7.9689350332,-8.4493717381,-16.0096747155,-20.7846512672,-55.1016880882,-21.7234400864,-15.3931609505,-9.3422516922,-3.1144643135,-32.0945049381,-15.3202246437,9989.3954396107,-5.3854388243,-6.0443935944,-20.8224505571,-6.707848143,-9.7218058957,-23.0527295012,-6.9278846246,9986.8618092332,-9.6157043419,-17.1454372131,-3.2209034466,-5.0986786456,-4.3846159748,-10.5349979573,-12.8667808554,-13.3014659764,-19.5929580193,-3.0798144848,-14.107152653,-9.0376899603,-8.7132839368,-6.561904561,-25.5273966691,-17.5498974795,-17.3702803634,-7.5305173594,-22.7673656732,-21.3015829783,-5.8599410387,-31.4719051556,-8.6045066835,-5.5264127022,-18.3218665066,9940.8919420208,-11.8906760984,-17.8363852931,-7.3373989899,-19.6458352114,-8.2559752493,-5.0281495093,-16.2111635169,-9.8373807683,-31.9470614298,-20.8185683953,-32.5111506659,-6.7540006023,-10.0216606983,-8.3275132874,-14.2017707568,-14.5958044265,-22.2518533295,-3.5303274711,-15.5846700642,-10.2273385517,-7.538099467,-25.0995014951,-15.4861333553,-9.5648679701,-5.2786966371,-19.264819443,-6.6551953644,-18.8472070109,-9.0442363132,-3.8389708435,-10.2611233334,-9.825319981,-3.8975159151,-113.6292171038,-7.2620056429,-9.9492345965,-29.335068542,-8.2201784183,-10.4295696439,-11.2414785206,-8.963006297,-8.3733991357,-19.2759039357,-35.51468374,-60.8019349431,-25.1902700442,-4.3951519011,-7.1302001116,-9.4090482758,-17.4988999902,-4.1556681672,-16.5181017303,-10.344367317,-8.3027549155,9977.989383515,-5.8427513479,-6.7541598016,-5.72815277,-27.0134763186,-31.3626675669,-13.3487232406,-5.1531363226,-4.5928736245,-16.3385575007,-15.6075257164,-9.132933353,-18.0817018599,-5.2087410019,-6.480200783,-3.7406585481,-11.6784538101,-4.4820728136,-5.5394229312,-12.7090565234,-6.2409165278,-6.6583793509,-11.1721769453,-20.7032467072,-6.7854645264,-24.4071685729,-6.8142719316,-21.4325637421,-7.4273235908,-17.552665246,-6.0351926408,-3.5292322565,-14.3085628137,-39.414558874,-13.4172249832,-25.1859678264,-11.5659785292,-15.6196421276,-23.0344599403,-35.1207843348,-33.4415019209,-11.4453284589,-6.6636943066,-7.2488362146,-13.6779320967,-5.1699213018,-4.0412940028,-23.5527227879,9971.0400357527,-6.9677592599,-7.3928732409,-16.8350177133,-7.1915052776,-15.9731317576,-6.0237974217,-7.9625766506,-6.2394722255,-13.6631476583,-11.1757713974,-17.6050456595,-3.2346080148,-37.3715788929,-5.0022287905,-11.257281451,-13.2547898857,-3.9947195694,9988.6018520827,-5.3848096993,-23.8011657994,-19.927508684,-38.5256934281,-44.8529170878,-9.8827410671,-13.6306863409,-7.7378581745,-15.3812977238,9949.9695142886,-10.6660573616,-14.9961926427,-57.7572881642,-5.7297313368,-11.942371763,-26.6099386411,-7.7848680084,-9.7032850684,-9.1396389052,-13.4738577449,-14.125454821,-16.2559618229,-13.8990120052,-8.2691792028,-9.6911667392,-17.9541390865,-37.692685846,-15.0016783061,-2.5213720296,9972.1344006721,-9.0393471677,-6.8548082991,-32.1320894048,-9.7472950501,-15.6762614628,-6.9201356455,-8.0015152707,-26.3633082003,-8.7860936514,-10.6803910549,-64.4137187619,-39.6001910392,-27.613136054,-20.9532414325,-3.2640426271,-8.0834511344,-19.306209349,-9.1450114029,-24.1554245731,-29.1144777399,-12.7889323863,-14.4855675264,-5.9296396533,-12.7866940055,-20.4870233371,-22.118818319,-31.7843808201,-5.8116672005,-71.4077535825,-9.3143745481,-18.2745919798,-17.9644812883,-8.6191568574,-21.8225387881,-4.8557270518,-13.0136163373,-33.1802174701,-15.7574185926,-23.7808918615,-26.3665382203,-4.8818184782,-80.987858654,9987.2653699274,-5.4342036869,-7.2887300306,-3.1759632039,-10.425593497,-35.7279283565,-4.4263511323,-56.354057377,9987.3499028501,-12.1026797274,-7.3997897802,-11.4624548536,-17.8473451115,-8.7673867719,-21.109995224,-30.7899432061,-33.9843063992,-20.4662775554,-18.1202280962,-5.5329916622,-13.7698553204,-43.7365462186,-4.6477590298,-33.1528524491,-19.0148592429,9979.0484445459,-6.7897935971,-6.1047435644,9988.0829447655,9982.0443590693,9975.6458371295,-6.0532377882,-14.4642041281,9973.6243106957,-28.0079810649,-41.2717820158,-39.7306270727,-31.4398140245,-13.8799157586,-21.6178583279,-29.5571381716,-29.3681493942,9956.3789442591,9988.2145182111,9996.7144884811,9954.9192705986,9981.2628400008,9991.8318701701,-8.63526476,9994.1686266085,9994.6034670927,