{"seed":{"0":2041095833},"gamma":{"0":0.1},"cost":{"0":63424.2360000001},"time":{"0":67.682921648},"rewards":{"0":[-27.7652749833,-18.4035184969,-26.2216073761,-28.2929382633,-44.0211754281,-7.908366404,-75.0471210816,-7.2461221538,-24.7999152216,-69.6473102028,-65.9559343945,-5.3714868258,-6.1095502331,-53.990668618,-17.1970964345,-16.2845524869,-6.4057338609,-61.9211234485,-22.4628672374,-47.3939013233,-23.3646028936,-15.2850320029,-16.7172159683,-45.5145149504,-34.2267842312,-21.2657688848,-38.5277323303,-6.5693792569,-68.314942295,-5.2442309426,-12.36006859,-80.9037285249,-37.7127718137,-49.3030829045,-4.2004760635,-26.5475823761,-7.2765790943,-17.7462784761,-24.4345220855,-9.9013616337,-36.4916631342,-8.7300554896,-66.9651315121,-42.1667891031,-28.7035555155,-40.6321824309,-14.9789185571,-3.6314267136,-4.6327329153,-7.3136399295,-17.1790225162,-14.6771399362,-40.7040005064,-56.8944527667,-7.6955821229,-18.8607619702,-7.7728417463,-11.8882152221,-26.4161566214,-48.7830592739,-46.4516734151,-17.7251509996,-34.8253123088,-50.994945901,-38.2532554344,-92.2369307905,-34.4423458692,-109.7090085718,-80.5652803538,-3.7717062523,-8.971979001,-42.7809263866,-8.6707700452,-37.0280612783,-28.9422585972,-15.5646128675,-51.2402241066,-21.2377267871,-40.6344073853,-12.1758883994,-16.3893094777,-20.2378054277,-11.7011828702,-28.0752245574,-48.7811834072,-40.4143402147,-8.2911218565,-55.7098678646,-30.9202277126,-38.7809014518,-26.7602937707,-98.7436315476,-54.530563393,-35.0507385506,-114.5492913712,-35.3840463097,-28.2163729791,-21.6733920389,-26.5391275493,-19.7408407642,-12.2747319985,-21.9769928207,-49.1669904998,-22.068693549,-17.192834496,-17.8326930196,-6.8295876738,-130.8270443207,-8.0328487664,-10.8185050992,-16.117260851,-58.8479608101,-11.7508089435,-42.6619239334,-43.5913736984,-21.0637967312,-3.7663241643,-20.6971875426,-19.189665854,-21.9108618054,-10.3562382159,-16.6722047572,-5.7550152582,-11.6326216676,-17.6515989942,-16.9853402358,-17.6749552612,-16.3614687768,-65.6220972497,-35.2947911132,-39.5379172509,-41.4239420438,-7.6168839514,-18.0194031368,-8.4803619003,-24.9646826851,-9.0351504434,-6.4338872063,-40.9051402201,-58.9061817289,-20.2236175073,-3.0831519164,-15.9843198257,-18.4274501831,-71.5343093722,-11.9960718046,-41.2497357867,-9.202584016,-21.7943374911,-8.8421970274,-12.671930474,-42.9990313776,-19.5579149876,-10.8855049975,-73.2372031556,-56.4674303119,-5.5020225986,-19.7919993709,-8.5500605149,-49.445362984,-10.5674861276,-36.2329469713,-17.9091336296,-46.6872231994,-47.1634497534,-31.6972738554,-18.0037881767,-8.2930073136,-12.4492681626,-3.3358434399,-38.3340481319,-31.3938783065,-46.5038639402,-64.6008393449,-21.097343673,-103.194627886,-72.9120030536,-33.3041953817,-15.0899418635,-11.4232572949,-23.849274684,-49.2275207678,-63.5504096026,-10.7535210862,-53.3752980192,-14.2130873352,-13.3485371884,-28.2681281037,-64.3200174927,-20.835725479,-32.720975374,-18.4224459537,-42.4003479368,-20.5769019044,-6.1213789347,-4.6411455446,-8.3712317232,-25.637088839,-65.4836494623,-13.0385396627,-14.2763776975,-22.6372787273,-7.3148981796,-31.0917870412,-12.3297650947,-3.8843157978,-18.5582813378,-11.1687685453,-47.5854200273,-93.8410423528,-32.131349032,-17.0061512317,-20.000329907,-10.8086980372,-24.0917199089,-57.1426119047,-7.9793923189,-30.9426249475,-18.4541419636,-68.4506779398,-49.6044146164,-41.7279245203,-17.5964412238,-4.2075824911,-5.7603474765,-26.0524494638,-55.8219230895,-7.3084074505,-89.3901937053,-26.6905855658,-68.7529264864,-79.4083347559,-15.8556253944,-4.4927103973,-39.1490546821,-45.1246549882,-98.3039537056,-7.2183600935,-61.3431934617,-19.0768050422,-5.9216720149,-22.5654855867,-43.2693556647,-39.2140655479,-31.5366858537,-22.277768294,-7.1617484305,-27.7036993703,-11.7332241315,-16.6656641585,-20.9053569613,-19.0687664354,-30.9268718867,-11.6228606392,-9.8367190362,-4.5155430327,-7.1462140291,-17.5565608343,-15.3444689744,-7.6199605262,-22.8592754705,-24.5320671553,-25.8969961198,-81.5602473536,-31.8961387451,-9.6948820295,-24.3489380638,-30.1751115834,-21.4273101644,-43.8991251709,-24.9339341989,-26.8630924181,-94.5554809642,-63.3684869735,-12.0047913242,-27.9346304562,-19.7925383469,-43.0810919156,-31.2893745001,-25.4101223917,-22.3332924146,-33.7935319041,-14.387372233,-7.5005629518,-54.899723607,-64.1676138707,-63.6611432813,-43.5256071153,-46.9911423798,-55.1610483371,-69.0127148472,-27.0991025378,-3.6020036098,-33.6188614755,-45.5217652328,-21.730933963,-49.6402536448,-53.683532844,-17.2371609582,-10.1708669074,-49.0206287798,-28.4052332462,-6.5421868616,-12.2056164754,-10.2588926249,-68.0516093517,-30.0799449132,-48.8443893747,-29.8416292804,-2.8160058616,-54.1687282659,-26.288085561,-29.8113929174,-30.4357132034,-7.5000546648,-13.0000997393,-40.2201343029,-8.5417226901,-16.4857631689,-22.3232724476,-8.0303380204,-30.3405446151,-25.8334544911,-20.5136729202,-39.0929033545,-34.3271392649,-3.4679213364,-21.6492282669,-8.1891920922,-5.7646631208,-15.3252058562,-14.3149749021,-31.9797912763,-9.372839061,-11.2332500254,-9.1328067608,-26.829835104,-16.0547933382,-33.9324515353,-37.8602613554,-8.1845714757,-93.2436037356,-10.4962799146,-4.0329657683,-67.3561250501,-57.5081373871,-60.8762867813,-12.3102142669,-32.6946998134,-5.8206993645,-14.5756379002,-5.5238693491,-69.7921393896,-19.1670231069,-12.3370652468,-72.0600756868,-23.8670263676,-22.2853983532,-15.2312226316,-54.4978086117,-32.2394645532,-31.7866748248,-8.6440974453,-13.6504635002,-29.8643353236,-6.8138326949,-74.0217834544,-14.0269027676,-21.3718589302,-64.7449377492,-8.8039872717,-5.7746408904,-54.331270775,-18.6705705665,-23.4636363811,-34.9595652899,-17.817542231,-32.2092588792,-34.293260498,-14.6828193241,-5.7407659597,-27.8230892725,-19.0700438661,-35.3515427949,-23.4916381994,-10.1007885162,-3.8269656801,-52.7755347083,-65.7287895673,-39.9908527521,-7.6528534081,-28.2351105476,-22.2452417624,-24.2342876981,-23.3370249674,-37.404688516,-20.2924645014,-82.5135041306,-19.6975558109,-58.251540685,-5.0093735794,-63.4063265427,-15.9738222607,-37.3088543595,-19.6784998437,9973.1707575778,-30.8139880581,-28.5694521433,-9.2520834972,-10.4492662446,-14.6167669495,-12.7131304917,-41.9602462027,-12.1384976571,-21.1607356927,-10.4805191816,-76.1491179782,-27.1893532096,-16.5891966956,-52.7147953713,-18.4700695682,-15.2827188176,-40.1280768146,-117.27675172,-71.7894157385,-39.6615288122,-16.4799264998,-9.5749397248,-39.2334379957,-10.345445269,-77.8685051951,-16.383576384,-16.0583628555,-34.905257222,-14.5342614206,-75.57180369,-3.2570282665,-22.5652707635,-55.4101549988,-32.963334286,-41.1563816871,-9.6562541358,-8.8938255597,-75.4216864003,-28.7329306677,-15.428524299,-43.3335187462,-13.4329837981,-43.3812958058,-12.7520998007,-44.0058558498,-12.4950676981,-33.710777027,-120.8422679958,-38.8727249362,-33.1731474857,-8.0972765407,-20.7486281046,-7.8924081103,-11.1346922178,-57.2462583364,-47.0504412507,-34.4932263565,-16.7469306179,-16.8987856736,-18.2092742237,-23.1035984801,-28.112177981,-48.2711030211,-23.5805692431,-6.6404013357,-9.1902662081,-10.8716450661,-43.5785591119,-16.3429153424,-36.107095111,-3.9507172601,-19.186343767,-48.9889193435,-7.4082081637,-115.2083535529,-27.7084676777,-17.5417533791,-7.7069178819,-12.18745049,-27.396314248,-44.6429446888,-6.7571308829,-17.0372679862,-13.2152221406,-110.004814341,-57.277110398,-51.080926962,-37.1137277768,-24.6518560148,-32.8351327972,-77.4732612269,-25.8760220884,-88.9638176381,-4.604552717,-13.2439528233,-13.8777521823,-11.9689062623,-7.196900792,-4.6868338323,-24.151594199,-18.1186418571,-12.5551913365,-20.6803872188,-6.5736814748,-51.4301968509,-4.694300856,-49.871821528,-11.519887448,-3.9897326027,-32.8223527358,-66.5697014917,-47.8809035617,-42.8052838831,-75.0962158513,-16.2206272453,-42.3570265403,-5.1379510088,-42.2450883173,-3.3375140738,-40.8591968298,-8.1627381516,-47.1946317221,-69.3033149902,-15.3330430663,-85.5676645076,-25.6583601702,-13.0098454232,-31.3066831109,-36.4278779114,