{"seed":{"0":358485174},"gamma":{"0":0.25},"cost":{"0":63424.2360000001},"time":{"0":60.072104454},"rewards":{"0":[-5.4433624432,-12.0281667718,-67.8993131412,-36.4821246013,-5.2386723927,-18.7787052683,-13.5730216607,-11.1264502962,-11.239727328,-49.6301454468,-57.2402854847,-7.3310195086,-19.3773177408,-16.1246569063,-15.1601909625,-28.8686970015,-29.0055508776,-19.6133527953,-9.9555776346,-8.5846221126,-54.8484997861,-52.659160003,-8.3146641757,-19.039774896,-53.696782831,-25.3241259861,-19.1729614335,-22.3679058,-7.780489068,-6.9367058016,-22.3477239292,-10.4485699873,-3.6733076441,-18.2757198015,-8.4370443399,-32.1639868114,-35.1688280053,-28.5161222881,-38.8781434674,-70.9579905593,-38.3821186553,-11.1026758913,-58.0602080332,-49.3918643392,-50.266491995,-7.4978546453,-32.4596698244,-25.7165005303,-30.9182022368,-31.9034312249,-29.3020260511,-31.9343216478,-14.8395155737,-5.9583223844,-19.7101095406,-17.9998945065,-29.4353161641,-26.3915516947,-35.3369942784,-13.0531399669,-34.2807834908,-71.4093896912,-6.7828732217,-14.9485939631,-6.1352561287,-4.2720984964,-26.8215030334,-13.6384161394,-16.2476566051,-13.2556242436,-6.7392871323,-8.4163196569,-10.0763945765,-49.9691767093,-28.2476374245,-4.8446617398,-6.0638101577,-7.1866007876,-22.0233543489,-29.5837570657,-48.8855069156,-10.8076411839,-10.0657301399,-28.4948605471,-11.9966568142,-39.2967206857,-15.6514896645,-11.6284728949,-7.6273431551,-29.2115586381,-22.8187793823,-25.8269695162,-74.1584858034,-98.7942089808,-10.9548794593,-52.2637971148,-10.5220778772,-3.3389871471,-31.9393738288,-28.5187289373,-4.2496034402,-29.0927633358,-82.0967030396,-6.5848848874,-23.8490425983,-56.6371904964,-21.0820490296,-20.7725482825,-14.9139786596,-12.6185143059,-36.3861926235,-10.2750024455,-46.8299616963,-32.060440119,-45.7438502069,-29.207816495,-6.9581401683,-69.5826023911,-3.2328376416,-52.7549577163,-33.4223500505,-13.6944063496,-35.5920853001,-10.3939147497,-18.6242147925,-22.223279928,-11.7992285546,-24.6227743263,-9.3510229995,-20.457293343,-5.7498211405,-10.9178742479,-38.9262254991,-39.7237220418,-17.1020467662,-54.0130946239,-12.8869492998,-27.9566747673,-51.5867319831,-8.2877844249,-6.430647596,-13.7646266776,-18.6283693194,-16.4054097081,-35.9359903636,-43.7221147041,-25.013426449,-19.913272812,-15.883067138,-42.4003364284,-23.2029024147,-12.4961437321,-43.1950364336,-42.9216029646,-75.5776211785,-20.1662673896,-20.4492854252,-29.1477331359,-71.4345988081,-8.0595865805,-16.8904977185,-10.237214664,-4.5630573175,-5.8518928416,-12.3915133334,-19.8069967144,-6.9743017767,-43.8284771146,-36.3629782933,-65.3438072422,-16.5959597897,-19.7544379209,-37.7786304638,-47.1505833792,-49.6674268594,-26.7090104899,-16.3649960967,-41.4700446334,-3.4942947182,-59.0797550248,-29.2364225035,-27.6601094447,-46.4527014974,-57.7803548035,-83.5038754486,-23.816166979,-34.0863416571,-6.5296043609,-19.4880456653,-17.6708678665,-22.1752669466,-59.6219399684,-17.806507608,-58.3209746067,-32.8032910144,-55.6175188306,-39.5538851348,-26.3356343709,-18.7993839178,-22.6227474734,-5.7272282631,-6.1559884839,-17.9960929034,-46.4425702827,-16.3580853117,-20.1018031721,-41.2102754532,-49.077756402,-24.0133305457,-31.863180649,-18.1627745949,-33.5350535811,-17.8925558013,-34.237722951,-14.7632053921,-64.1193803118,-12.5399580711,-36.714396414,-28.8277482502,-30.0168041599,-25.1725183607,-35.9034504056,-30.9943858263,-11.8188963843,-6.5269727769,-29.0097706187,-5.1067095802,-38.2901244632,-44.3686385005,-80.6108708203,-22.3512570033,-62.6569964266,-52.652281825,-23.44931036,-15.6940668522,-21.1005506762,-14.0748256,-40.1127284654,-22.2747013095,-46.8571003857,-21.3230595425,-39.9792216112,-18.7778095324,-56.0129852942,-14.2224685869,-41.560350929,-35.0879106336,-9.5541402373,-33.7399469463,-21.8551554687,-35.6470627725,-8.1720254182,-15.7216505326,-15.0768338132,-24.2088023799,-10.9043749125,-25.1374599844,-27.6861452473,-9.7549040105,-44.0502187552,-8.030535581,-15.3858991597,-13.7618896001,-13.4831507656,-46.0409602596,-74.2746149966,-89.1771389772,-13.2714214198,-28.0578334698,-52.1212312437,-53.6907543554,-4.3666111067,-25.7538797642,-14.9035865881,-5.2972347269,-24.4430632251,-86.4265889723,-40.739009013,-40.2414382412,-74.1880316634,-33.4840733544,-34.7552281633,-4.7671316693,-3.5908769197,-13.9328255578,-14.636551781,-14.1652546518,-31.5628693472,-10.9259608063,-48.7031431317,-12.0093639891,-48.2491565313,-35.2734507316,-67.4758333509,-63.2324521107,-21.5723637647,-22.6638419975,-18.4335323645,-18.3927984364,-35.2517152289,-39.4881952743,-30.4571360617,-68.1137239407,-55.7856448244,-18.699293577,-52.0490909335,-47.2156383605,-25.7426073013,-57.8592351911,-31.886297158,-9.9389269198,-11.0608045512,-46.1096173654,-6.1743616203,-54.9797912763,-43.8876474752,-22.7763767385,-24.1102023749,-12.4612579815,9933.9679376399,-45.0205136959,-15.6083121227,-26.0260914264,-60.1757944142,-56.0845923826,-12.4437863353,-18.9561894971,-76.4065221853,-7.0923049185,-14.5607076889,-12.3438225867,-12.8938006249,-25.2976394385,-9.5195115074,-32.8685282118,-76.983401073,-19.3200788708,-126.2665667995,-44.4358896653,-22.7977689078,-21.439829369,-21.9957802589,-42.3531961662,-10.4248262713,-6.9552630721,-23.4185753003,-16.0090091472,-7.3393841863,-20.8769293328,-18.9045417841,-26.4961245514,-33.9215396684,-14.3290630832,-18.8264631473,-15.0197618148,-94.7737336461,-13.8290621242,-8.4945479027,-85.5967442779,-6.0455003174,-38.1641076494,-33.1319129429,-35.6378004408,-35.3106822746,-29.0805817105,-17.7274143153,-25.6846913547,-10.5403666188,-43.5792553691,-58.9924562538,-43.7853436883,-84.4319959951,-37.915396109,-21.5192122894,-9.3129149012,-28.9906973889,-27.3056224214,-9.2488860843,-87.0386144672,-15.540640902,-9.8088476462,-28.195677067,9964.3042107262,-22.8888520194,-30.9665221086,-15.9267203597,-28.1482088158,-9.7076237295,-31.7698284675,-39.3870576704,-26.5948971822,-39.4664386728,-18.6730295248,-7.5033594893,-31.3231535276,-27.2803634348,-111.3045502236,-8.017195445,-28.6871100336,-14.8782086815,-13.7237757476,-82.9851752823,-41.7926112333,-36.7897341371,-39.383516924,-45.1157839416,-12.5551855823,-7.1974436041,9967.333992508,-70.1206750051,-51.6760312951,-19.8048273838,-32.641933869,-13.8425326886,-37.0725546121,-16.626353434,-58.9853709248,-30.2725127983,9963.3683028393,-20.4262322124,-27.2408436413,-40.6291960051,-48.1994249644,-32.8587978725,-48.0715687271,-13.5184412276,-27.4557435472,9976.2011895834,-18.7836212667,-42.2262759442,-15.0890403733,-15.0000978213,-23.6726861913,-58.4173554115,-41.2886686525,-19.9728421299,9974.9401659893,-10.1672513566,-33.0740296034,-37.0724567908,-31.7848430736,-22.1487401196,-22.2977641126,-22.0512372473,-32.8095170506,-17.7722567367,9908.1752957175,-35.7646765473,-10.3289729342,-28.5149676135,-36.3582119039,-39.7984555748,-14.6384103852,-31.6309356892,-4.0929858313,-49.2899652639,-14.1324653454,-22.3525593689,-18.9267874919,-12.1557103646,-35.9738970652,-30.3253420388,9974.4870003203,-17.0114565971,-9.8843579952,-13.7264993987,-29.7061295576,-32.9092832386,-40.1972402893,-8.5319252185,9977.3013355481,-8.6538316208,-13.2207730182,-20.0948501896,-20.2112709285,9977.2603062381,-18.0909047317,-7.6003694192,-42.5717634106,-33.910909757,-75.3101413805,-8.8804087011,-75.6770958207,-40.0720022096,-23.6257454077,-74.6442221195,-5.3460820663,-29.5433223556,-30.6939345058,9936.8093866223,-11.5865823741,-51.2937534405,-11.6654071379,-31.8158428262,-21.7351671305,-46.0689006999,-52.7711691944,-85.1383633926,-14.4493046058,-32.2789114602,-29.3142709726,-59.7670185036,-24.7550651279,-17.6922696261,9940.5765413084,-26.5792419427,-104.3886707624,-49.3963890525,-25.906843461,-28.6568640802,-26.0486210078,-9.4407730566,-33.4967862835,9975.1952109775,-85.5861699904,-58.8874422423,-8.0876210059,-24.8534714084,-7.9606988658,-34.1277622521,-48.8218175959,-31.3321243136,-47.7705036261,9960.7106811238,-24.1116907927,9951.2728388692,-57.2972423992,-13.4700369611,-76.9215761117,9958.6983920868,-62.1249388617,-13.6840622297,