{"seed":{"0":1277478588},"gamma":{"0":0.9},"cost":{"0":1715.974},"time":{"0":14.5969572067},"rewards":{"0":[-13.0271578701,-88.074704762,-12.1864684411,-4.855374128,-21.5805692431,-42.9718428185,-33.6436754712,-14.3391003128,-50.3658055198,-20.6921526242,-25.9553992546,-43.7319351924,-26.2584131088,-10.4863405063,-11.9667963917,-16.6605621079,-14.1634439992,-12.2052040916,-24.3395318773,-6.1563567523,-75.0117270441,-45.4478065978,-7.7258261582,-12.998356219,-34.1846597067,-12.5242376175,-21.9854092861,-9.3636994854,9954.4201903103,-10.7737873519,-15.1299699439,-34.0395639089,-6.9954043183,-43.3884156598,-20.4911874543,-25.4356096279,-16.3352123968,-28.4784956239,-26.0286021724,9985.0622699522,-13.6298980165,-59.5048517432,-29.8974123397,-13.5031293216,-19.4851225355,-52.6714720567,-12.9135029797,-24.4754631645,-11.1677922506,-15.0444051028,-10.0065367626,-15.5515450966,-47.6695865996,-17.7687696961,-16.6829324899,-25.3451498871,-14.3528183075,-25.4297384336,-19.3880531457,-61.7417786976,-60.4512610313,-16.6194004515,-8.3306646668,-2.9047297544,-39.8654420467,-6.0872009498,-45.0597994856,-22.146927549,-46.5683224036,-17.782432067,-26.1584742951,-10.9159542657,-15.1115315934,-41.6435220261,-37.8536056729,-72.6982981017,-18.0878818626,-50.4376120869,-70.4756127735,-13.6769807369,-9.3421653793,-28.2205601131,-3.1708323823,-43.7533081811,-69.5273199465,-30.8393908996,-23.307195234,-16.4496709561,-30.2827955401,-18.5498476098,-14.1243212451,-8.7112354443,-29.6832489705,-6.7930140268,9943.3882027547,-51.4840771906,-34.3808719136,-10.4618717621,-52.4333290497,-31.4542167681,-9.5388513481,-8.4809948615,-41.4735872978,-10.6557650295,-27.0584798574,-16.9232946971,-20.5192775036,-9.5530488588,-9.380584204,-5.3278489486,-5.015072148,-6.1982817981,-4.7926112333,-5.8494166208,-49.582331944,-15.8769082341,-12.4653894917,-27.7906068563,-7.7466544166,-47.4747247098,-10.7637271055,-18.0080673778,-44.6811180012,-42.8276254941,-17.7957913837,-14.5328727422,-24.8064212951,-13.6150061666,-12.4014162986,-24.3740551137,-17.7381535564,-6.7293477239,-3.0957344172,-18.5726016047,-12.0942172284,-13.1466225768,-13.0328871277,-48.8103725072,-6.633830048,-6.3404295313,-7.4830855514,-3.3876388439,-8.2611137431,-26.3180131157,-19.5694348808,-21.5032233068,-28.1571700115,-14.861057352,-10.8758149375,-7.1512451113,-18.6203172862,-12.7173559869,-21.4012340825,-17.7619049446,-9.8668901851,-11.1831674528,9976.8536248535,-21.7595131186,-25.067916733,-11.8316611011,-8.479485345,-32.5176931826,-16.3862463293,-19.3689703256,-6.8750496299,-9.7834217881,-3.7629848147,-23.9007842964,-20.8547929546,-9.4041552941,-92.1819705807,-15.3709727846,-21.3586664851,-12.0398286018,-23.3404410397,-6.7924961495,-121.8228706131,-30.3047650467,-13.2060480398,-21.1385724616,-13.5403474381,-15.3604042512,-8.3628152578,-10.9975794031,-47.5998074264,-23.4610700113,-51.7633684275,-23.3207060778,-38.2089961044,-19.9849067533,-17.9178665756,-19.0682773291,-6.6558321617,-7.9898093252,-6.319935016,-7.3053097769,-10.1774381952,-4.3046327003,-53.0188373079,-31.4416668745,-8.1426771188,-9.630120512,-42.7447018273,-29.6475231079,-10.6930330156,-19.5883469931,-17.2218624786,-35.89072405,-26.1362707846,-30.2117888058,-8.5370713846,-20.6527229798,-7.4597638096,-13.2955276499,-68.0665836784,-3.8903097482,-2.794247342,-36.1392668008,-17.1128588938,-49.089510299,-5.6756189113,-6.8419649416,-9.2032879455,-46.7376356791,-15.562384077,-30.9774052045,-42.4080106031,-13.7103320361,-18.8275487716,-5.2958479666,-61.2857033253,-12.3132793334,-57.7066608613,-4.5506531967,-32.3388298658,-18.2003130281,-15.3612002478,-44.1158836809,-43.4141503264,-54.2549721018,-32.820473033,-2.9765689285,-37.9991138544,9990.5710997604,-8.2223496669,-5.6490153618,-31.9468734596,-21.3714216116,-10.0855725134,-6.3444708924,-5.4772066848,-20.4659016148,-8.4017346972,-14.7495909728,-18.7654226742,-5.284197645,-13.8200913382,-35.0377839454,-7.6143367622,-11.6415099768,-3.2284567831,-3.1109274032,-15.075633105,-36.5740305624,-3.1479824842,-9.1641671094,-10.7621120955,-4.4071225394,-8.6869891955,-5.4994121133,-2.8423217016,-5.2548761986,-19.4905928544,-40.5108840549,-24.7341754914,9987.8760431871,-32.2682930572,-11.8501454852,9986.6531430358,-20.4553349995,-16.644655602,-8.7833278029,-4.4238039432,-14.3565067449,9988.5097888403,-12.8399279575,-15.4512955564,9979.6085211917,-15.7453021814,9926.940008708,-24.6502410048,-13.4323911163,-8.5136268867,-31.5945749474,-38.2365145706,-20.1567154303,-22.6734936963,-11.3542990531,-40.5036836422,-32.9030361037,-5.683024557,-45.4963489649,-25.228631327,-62.2448082799,-10.8791044175,-19.010526336,-6.4732823256,-14.4580528964,-4.9631923492,-4.8063177197,-39.4724844109,-5.0668291906,-37.3461146734,9978.220318437,-24.5753521086,-19.3198276044,-14.2481859908,-18.8874153894,9973.6649563928,9977.7467886811,-17.447187063,-22.0986728914,-71.3229655573,-6.7412493119,-27.6850615411,-37.6443717285,-52.8151139618,-9.4021010475,-19.4407999095,-24.4806745448,-12.5328765783,-61.0898056809,-54.8837000992,-4.4450848647,-21.782942272,-15.9430354132,-8.1303132774,-8.0123350705,-3.2820244783,-8.5526288028,-25.3097136522,-10.3375466809,-4.0171551656,-12.4838968925,-34.0480206537,-16.4134751678,-18.797086077,-48.7035593516,-26.4149213881,-8.2340268414,-15.0662537714,9975.233357437,9940.904480406,-11.839016877,-5.4725783961,-13.6306825048,-16.9870588213,-13.3340442958,9977.9665623879,-26.3053443021,-33.1269873542,9973.9532471867,-19.9581842838,-7.717687812,-47.1787290523,-19.7232233451,9988.5592422879,-25.12871553,-3.5851745151,9987.5503712413,9991.1290550273,-7.1939469732,-25.2309253317,-46.7977900065,-27.4848827775,-5.6741669368,9971.8559457111,9978.5314495386,-6.8152961779,-29.6852897907,-12.3209343274,-14.0040029999,-5.5110547626,-4.3555803199,-38.023087738,-21.8508110534,9987.3963717899,-59.4233858052,9979.4151879991,9987.7469114372,9976.273042184,-9.8823823891,9996.3297689308,-8.8822346982,-13.2638949361,-15.5985453402,-2.5870139386,-8.0408931274,9979.4371786044,-11.8931925986,9956.0153790382,9991.7212630836,-8.8829060206,-6.5335479008,9994.0300483928,-9.9946812082,9988.6382224149,9996.7144884811,9947.9685725191,-39.3866452866,9982.2029331037,-6.5385118508,9966.2916972758,9995.2786601938,9986.6609284581,-8.9466413738,-12.4142750005,9987.9714611237,-9.2589693474,9979.3745499742,9992.3403259558,9976.7914891658,9964.6076101113,9988.139899762,-8.6844726954,-6.6227743263,-7.1827109535,9986.8485880171,-15.9546473735,-17.3507928318,-64.3658093559,-41.3398848011,9991.3846370735,-10.3969663898,9982.8165486738,-14.8762292394,9970.749119129,-8.9080882847,-11.6045028474,-25.6455359934,-16.4095680711,-4.8658179872,9961.7013343972,-15.2203989957,-9.5649370204,-17.0221824117,-4.7743493447,-5.8675499991,9991.510615526,9983.328430122,-9.0491810825,-12.9650164282,-8.4189800119,9977.736229738,-8.6663642519,-4.1060919635,9992.99192495,9991.7115480887,9973.39733274,9989.4751697007,9991.8823689627,9983.941623718,9989.1707192165,9970.4670236823,9937.6474137782,9994.6507358653,-8.6209310667,-18.83061192,-17.3276744048,9967.2378936587,-8.106226228,9990.3412907421,-26.7319601273,9985.0809212078,9978.4765622153,9968.1902355191,-24.3684965638,-32.9108483789,9988.2453012224,9990.8137578904,-12.6196344553,9978.1124004764,-8.3657690766,-27.9777945715,9982.997069198,9996.7086518119,9987.853550049,9994.2284260941,-5.6604220892,9988.4321034067,9983.4314052313,9973.2733471562,9992.1661350432,9994.360486728,9991.5931613341,-23.2503898465,9979.1797475444,9992.3080180835,9986.189155649,9989.669688257,-24.2232147139,-27.4038733387,9978.0982931147,9985.4697223986,-14.9140093486,9991.1694897374,9970.8725139491,9994.9978345056,9985.6155892581,-19.8021075689,-16.0826417114,9991.3754955798,-28.1943574389,-10.131049814,9989.9148724775,-12.1922475684,9991.8455287048,9990.5791594659,9984.8614390468,9995.9506328653,9996.7144884811,9986.5263992757,9990.9656397991,9987.421047685,9986.739248771,-5.2433025996,9986.0499329637,-3.1405231328,9994.5776940649,9992.0437702236,9991.4835957565,