{"seed":{"0":1822174485},"gamma":{"0":0.1},"cost":{"0":63424.2360000001},"time":{"0":56.6052820683},"rewards":{"0":[-64.1943938821,-44.1186725462,-51.5088298083,-52.9473798285,-17.8431292066,-23.6061504645,-26.2000732701,-16.5714239133,-21.409353248,-35.899545227,-6.0309000132,-75.0859081746,-56.2389044785,-29.2999794767,-88.0639866196,-10.8709929243,-23.7609650932,-7.1303995903,-26.5172501098,-21.4696897915,-18.3586568948,-43.6879443915,-31.9163244521,-14.3961243596,-29.9110823828,-7.1003914769,-21.2832271045,-45.3511591821,-11.28494569,-22.6430194933,-65.4251465881,-42.6944063496,-20.2968626225,-22.9606777671,-23.6687695043,-43.0251956905,-20.9971861999,-13.6822880203,-56.3498357178,-50.2852679248,-8.2045385234,-35.2642900573,-15.0576244008,-27.0978174348,-44.7775429215,-16.9456152095,-18.9825532886,-52.9296454075,-13.019468351,-9.9919805738,-19.0911425716,-14.6472219718,-17.8626781162,-14.4440203392,-26.3911546554,-34.4721046342,-43.6949434075,-17.5914849461,-15.4154987254,-66.8084544431,-27.6824222848,-35.9039663648,-15.331059788,-23.1459819433,-18.237782411,-22.1307851212,-14.5046522646,-6.9134953075,-11.5861565639,-14.1319493861,-6.7126509756,-24.9026390644,-17.4103276245,-21.7097278459,-6.1879856299,-34.5354813094,-67.5351935998,-82.3120345098,-10.7832625887,-55.9462251539,-35.6330071985,-26.2529907415,-48.6183819595,-42.8439635645,-64.9776833238,-26.1481915532,-14.6778304393,-43.0575783673,-17.1802961107,-34.9389365102,-3.2313645684,-47.1860809922,9963.7503294275,-17.2016518368,-10.1728214148,-11.3238114236,-74.0092162982,-70.9564100744,-42.5440377935,-11.924516504,-9.2144184717,-10.0370819339,-36.5866341619,-18.2473151897,-23.2307738046,-12.8920110711,-26.4468245489,-90.240413995,-29.0133554806,-4.841826841,-31.1939373829,-37.5982307776,-16.6188998368,-81.7922141941,-36.2778737875,-9.7866441358,-13.7957606946,-17.5233303731,-46.8104089505,-8.9523322701,-13.0759534217,-17.9615888476,-19.9214782904,-24.5299304318,-36.9501322505,9969.4473328359,-17.8419419249,-11.9216048826,-15.5434930633,-14.3294428599,-19.6891508538,-74.2410450381,-11.1415646416,-41.5407003619,-7.9079674466,-21.5010405498,-11.5069251706,-20.3300719849,-7.3035643386,-30.6718978669,-11.1085144785,-21.6253349419,-19.6504328112,-6.7201486883,-29.0242424126,-18.3092207097,-25.6759104571,-38.4734856404,-58.7829441901,-29.4216979087,-28.5694252904,-51.4231844084,-9.2282035987,-22.6265222237,-23.3804710382,-16.5512823218,-32.6466043552,-60.5178063484,-32.8227210041,-26.0036615844,-66.9902677426,-4.805611872,-73.5126083946,-6.3169236553,-8.1632387664,-11.2497894925,-29.2117408542,-76.8951701227,-35.0588960774,-33.1564008677,-29.0692267708,-6.5379843831,-26.4755456413,-3.9026448186,-15.820923778,-20.1779733351,-26.8028383513,-55.1623449485,-7.5702251232,-22.9682809734,-60.0803323622,-18.0590782935,-9.3685214986,-5.2872205141,-51.2094353411,-20.497965893,-23.96889859,-3.259974413,-3.1479824842,-7.9682848095,-9.8574207024,-47.8754140621,-16.8157008894,-38.229379372,-11.6794934009,-25.045277822,-21.7477381229,-6.41360176,-13.6690840668,-24.2651244152,-5.9451414476,-11.44602088,-26.6898854724,-60.0683674781,-8.1458131537,9962.8137502182,-32.1282551946,-26.2716189804,-16.8533007007,-21.0854516753,-9.84191699,-37.8234460324,-31.5064552449,-20.7677761389,-9.0084912699,-10.2308006575,-12.3469049158,-4.682815488,-65.6669454253,-41.4246440552,-57.2361597287,-58.9594310255,-21.7962229481,-26.378850274,-14.70345194,-19.8361608795,-15.5060351888,-15.7122059847,-29.5306170988,-18.4531810135,-12.7993282939,-30.3953935772,-16.6838301439,-29.606405567,-15.8056022817,-36.0290356549,-28.0122545118,-22.7169531935,-23.9271097267,-48.8374785896,-39.3879629967,-12.4044679386,-20.771606513,-56.2985390105,-63.3807702562,9966.6857328635,-45.4573086875,-52.2539785445,-30.7209408488,-34.2885247977,-42.8140340917,-14.5563172401,-41.9889538686,-11.0718199935,-9.6781239031,-16.2978389171,-14.3487827006,-30.2039669402,-10.9280668407,-43.0616830246,9983.0347092886,-7.9586503734,-10.2964962722,-12.8065900848,-24.5011920769,-34.5153550624,-57.8855011614,-12.9578735574,-97.9990045247,-32.657694602,-25.799358983,-20.0886260715,-32.5924669949,-67.6705302872,-37.4559276813,-11.9348184265,-26.2633156807,-8.3118810647,-15.4607094152,-31.7132474936,-11.5897663606,-33.3337680945,-50.2995709291,-18.3700099164,-6.8321463713,-26.8908832494,-27.9964151381,-56.8789471362,-41.8531165665,-18.4000678995,-15.0026814537,-27.9264729294,-33.3888970939,-21.8715338183,-4.2523903874,-63.4175510541,-8.24917763,-13.725164426,-7.2141173357,-9.6682669715,-16.9890881331,-33.1690217297,-9.3698449629,-8.0808751743,-28.1920922052,-12.4200330291,-45.0119073422,-17.6385945193,-4.2483298457,-4.0330482451,-13.1285946919,-21.5310908606,-12.0334932359,-44.2594143383,-32.3166570444,-22.7509566345,-13.4847945466,-68.6325698799,-14.2701881045,-17.2632830737,-63.7028726847,-10.8980990066,-9.5549285617,-14.2628860344,-32.4161163421,-15.4131912943,-40.89897748,-21.8573880953,-5.3523464638,-20.1498084813,-45.5611143185,-20.6999265381,-11.6930886395,-23.9023187477,-57.3634252022,-31.3368408333,-14.1953797671,-7.761738073,-25.6220799871,-19.0878876168,-39.006189593,-2.8524816873,-16.5744199295,-18.7493972483,-23.8604953592,-35.0626036953,-27.9754372707,-41.7910997988,-5.0613473633,-35.5496538853,-3.1479824842,-5.3371937571,-5.9474910762,-30.2481533838,-16.4204895283,-35.6218459833,-42.0312836261,-35.2750350526,-20.6716926341,-27.3971927213,-16.3107877681,-15.8572173876,-21.0266821902,-15.0709626188,-25.4668702372,-14.1567250206,-14.3336415023,-26.7825740037,-12.5808569527,-19.2899153942,-84.0662192462,-36.3301256907,-27.4018977327,-20.899305469,-74.9550981186,-4.0759093063,-73.9234615687,-76.3528950301,-17.1157647609,-27.099706728,-19.1971501403,-17.9172527951,-15.2057871831,-22.5888015743,-7.6149467066,-2.6107020307,-35.7776426608,-5.0869995531,-21.3136092405,-32.955050167,-13.9373886324,-107.2609123464,-39.4827652347,-44.5708926095,-7.4663600321,-43.5965237006,-5.3508618821,-26.6807746677,-7.3579836543,9906.2586931462,-22.3839139633,-37.9858523589,-27.9333357629,-73.0061646581,-24.2896219304,-6.9926212073,-18.1601219122,-6.3254494504,-4.2708440825,-10.6388975735,-37.9809018354,-10.7038125361,-48.7298368303,-16.8909196926,-4.2309099872,-21.7138727825,-5.1911715344,-11.4982881278,-13.6535170583,-43.8710869094,-96.4606633817,-8.3757276656,-28.4757777271,-24.1827627412,-52.1882925201,-31.7479299293,-10.3500006713,-11.0798470919,-34.408488201,-21.4097291885,9958.3511035582,-6.308871622,-47.7018407662,-9.5010635666,-23.4918817935,-23.2636877852,-16.8006364137,-22.1290358467,-6.5195786397,-17.64997823,-32.1960568437,-6.2214270781,-14.2742754992,-95.4399041735,-34.1969775145,-26.7109247179,-11.1630373696,-4.8432059291,-4.7284845951,-39.1662443729,-5.6637403401,-50.0516208601,-39.4513665248,-8.5900636605,-11.4554520014,-16.424785992,-9.0477559609,-10.2068191016,-25.9586273566,-87.3282306434,-35.7126816646,-21.2204258486,-80.1878264305,-15.0030324594,-32.2426792287,-18.1472363573,-12.1643186365,-39.354059295,-3.55391966,-72.2243655523,-4.7453251982,-16.7135179406,-7.6158175077,-21.9229705443,-84.2257523127,-44.3769341279,-9.2829969369,-23.0811667201,-66.3252749065,-21.2116315245,-21.9657778997,-31.7797697939,-46.3561001153,-15.051139426,-61.3177158158,-16.7247098448,-92.3052541531,-8.9844387457,-52.3937785672,-17.8895904741,-19.4825484935,-15.1776664448,-42.1288382861,-57.8326949377,-11.6406468479,-18.8063253919,-39.2305417189,-16.8484997861,-20.2855805692,-58.5616187694,-11.8110342394,-25.7635736604,-11.0087482905,-78.2673416974,-28.5625183415,-27.5122823237,-31.3291187071,-46.3373989899,-11.4177217618,-58.2117331819,-14.7015549746,-16.3075174688,-6.1181124714,-29.7160977369,-22.4457600233,-12.8812775842,-76.5320748275,9977.02117351,-93.3224093187,-32.4475380688,-10.1414380494,-4.5862332865,-14.5726246214,-57.5719015112,-37.0407780435,-17.8169169421,-25.400950209,9990.637808113,-54.3482475607,-72.4659092871,-67.2469028059,-38.6461727907,-6.1532955219,-21.3555035973,