{"seed":{"0":1871883252},"gamma":{"0":0.9},"cost":{"0":1712.931},"time":{"0":15.0619752407},"rewards":{"0":[-27.4131126537,-20.5654031099,-26.1952397484,-35.065465447,-90.8051285199,-28.4777744318,-6.1734198508,-26.0551232452,-75.3751369018,-74.2024516696,-47.1264023446,9983.288981297,-11.4528760413,-58.8138135143,-45.8121045192,-36.6384564187,-63.5145993452,-7.019289971,-36.7803854925,-26.6262402682,-12.7150217029,9987.7597183515,-20.399396577,-15.5818294112,-17.5228259223,-18.2513929941,-45.640470386,-4.4672404236,-26.5759716433,-7.3789941288,-63.7254693982,-37.0373370365,-32.3686845341,-21.0229208664,-17.6793687267,-7.0674909228,-27.9445890452,-12.9807809974,-13.0411309673,-113.2736137671,-39.8125840352,-31.5413678483,-48.3298840147,-37.5460690235,-42.5204954743,-3.9514806496,-52.775883796,-21.1129912402,-10.5098885797,-27.1089498791,-2.9047297544,-59.7142199521,-19.4386881209,-36.1934751294,-13.846132895,-55.3011418236,-16.3275458945,-29.2190889579,-36.3230039186,-73.6177758512,-12.6011174642,-12.0257058956,-11.3476376163,-9.9096879501,-10.3417856026,-4.1122278507,-34.5098214474,-5.3385805175,-17.4904163925,-17.242988037,-19.5537834774,-12.1873354061,-15.3711741813,-16.7923254418,-14.3780446871,-19.5691471711,-50.6864291208,-13.8575146876,-46.561455734,-32.3894821035,-22.5804062076,-10.5955013724,-18.1013083115,-14.7331723438,-3.9116040962,-27.4012532631,-18.9563506145,-66.2399824305,-57.1047263018,-17.3917511734,-16.8454922616,-19.4321916376,-20.6708160787,-17.4772814893,-16.7291539995,-7.4127558937,-34.2652701881,-22.2582193843,-46.2771430051,-12.4568675327,-6.2004185216,-27.942789901,-35.1683369809,-34.0457247309,-20.1076532677,-8.3156673233,-24.7544340848,-18.270201531,-3.2777625398,-11.2740760206,-6.2820014616,-24.3055783059,-19.8614313745,-21.8837768217,-17.5586553603,-26.5080779271,-6.9565481751,-26.8813869138,-78.6895555654,-7.0950170612,-5.2485005534,-20.6958794228,-19.0786770728,-14.7571730804,-22.5245694426,-26.7004559238,-20.057599466,-48.5914907003,-32.4749913208,-17.8555275731,-43.2901724148,-28.3811097535,-43.7712670156,-27.5978740177,-4.7961347172,-31.0431391805,-26.9494781907,-39.0803707234,-14.9131097766,-5.0666987623,-49.9918904248,-20.2766251278,-33.9061932373,-24.1594831968,-7.7085770074,-15.9262063185,-23.0306142217,-3.6953903165,-14.7890877495,-24.2443076652,-16.355643616,-51.0647078117,-15.0425695154,-16.2388066572,-3.3007447843,-22.3553981038,-22.2865146665,-4.6617436354,-18.3322585781,-59.3009212462,-10.4478718119,-10.0460795728,-16.692685846,-16.9608292942,-28.9287209006,-6.2829221324,-12.6843729561,-15.6700833782,-14.8286996101,-26.8608367747,-4.3784244638,-54.0458225522,-27.0450821795,-31.3784762515,-12.3535241551,-3.2585013398,-15.7708258609,-53.3642499698,-26.3925874493,-19.6384084671,-16.1411119785,-33.4401113244,-37.8107906452,-23.0745628252,-24.3470027371,-52.5126314114,-4.9130522346,-10.3540708034,-97.6565456816,-11.4814456066,-10.1284201481,-12.6780452625,-2.7957204153,-8.1755891814,-25.2847769004,-8.9439100505,-22.7632360811,-8.7587286304,-15.3552676754,-3.8653998492,-38.3932472634,-41.3303079068,-36.8775661301,-13.9679203773,-23.5167955286,-5.736348658,-11.1647770538,-12.6539428685,-35.6828500131,-4.8901927463,-35.5260559423,-19.149440213,-20.8736878044,-8.6478798678,-38.9200723494,-27.1450842893,-4.7590815542,-25.479124749,-9.8219672049,-56.8268563504,-7.5751487938,-23.0540050138,-28.3071453643,-14.9769026717,-27.892097384,-17.7594747573,-8.7112181817,-31.704316987,-60.9674945671,-50.5934912412,-6.3293316122,-6.4559391897,-5.1509190404,-14.4917379387,-35.6299996739,-19.4083865436,-34.4051546056,-14.7124438247,-17.0136566166,-31.6443794008,-6.1752765369,-18.7489944549,-45.8411555186,-7.7204881857,-7.4878730395,-22.7583430995,-25.6243394667,-31.9937125858,-32.9832399556,-23.411718221,-4.2826651118,-57.7113562823,-12.8564233091,-29.5745100785,-36.3487711922,-17.7622655406,-13.7933938035,-8.9054202574,-9.8753411757,-8.057929373,-18.9158775431,-25.4907232828,-12.0323865129,-21.4176028418,-15.1077606793,-41.2458171816,-13.8636927722,-30.9870051155,-10.4691949309,-37.2775630612,-36.8989947426,-22.3440853615,-16.0571391306,-28.3884233321,-10.7138056502,-33.1498909581,-4.4055497268,-9.8119012044,-16.2374141427,-20.0354477433,-10.7778459756,-15.9222493522,-23.9905765509,-56.8553108319,-16.1423337854,-6.4943733589,-11.0961410468,-23.6202156288,-14.1548338093,-36.8803377327,-13.6566319945,-21.3315354679,-8.9842335128,-5.9841165109,-14.8724525711,-32.001643781,-101.8615790655,-12.1165665118,-15.4425530201,-17.1947621505,-14.6771533627,-6.8169246143,-33.4562825232,-38.2564298305,-18.2530828086,-14.2057085425,-21.2953857131,-9.7658024509,-4.2872243502,-27.0072253476,-14.683442695,-31.5998515418,-45.8021631927,-10.4498378277,-6.0735251525,-20.5856943104,-7.606137038,-8.469436607,-59.8576911495,-16.0822734431,-14.662568403,-10.870956481,-15.1643953591,-5.9858638673,-39.97738986,-35.1417967274,-20.3582253303,-8.0440540971,-27.8129312048,-22.3498587346,-17.6320673471,-34.5998783947,-6.4505513475,-8.6952119365,-36.9442629743,9991.6663738422,-3.4738059571,-22.7550632098,-9.5064168836,-31.6913221024,-8.264909592,-54.4037659271,-15.846341964,-18.5352530598,-5.9072405003,-4.9175002254,-7.2814279604,-6.1042026703,-7.3405292706,-39.7997445139,-8.997757783,-17.7741421938,-9.7922026857,-7.1663057509,-43.9193914366,-14.5136940189,-15.7054831699,-11.2151550084,-14.2876808495,-43.2573006316,-39.965547732,-12.75094129,-13.3524615476,-13.7625014625,-78.5030525991,-11.8349237282,9984.4088852403,-10.6988083068,-6.1608258417,-6.738113277,-44.247683458,-8.3579817362,-12.0527582721,-18.5459846286,-3.1103884272,-20.5412124851,9981.760543119,-15.7302568863,-7.1948618898,9992.8669553993,-11.5849539377,-22.8601980593,-9.8865733592,-27.483133503,-20.4309506501,-11.1559060072,-7.0713423955,9980.243615244,-16.0678189117,-15.1451859467,-20.7303604618,-12.2799721497,-9.3483799071,9966.3205583868,-20.8255424765,-19.7535057417,-16.280369189,-12.4287851557,-14.0957938772,-8.0029116214,-12.0375461055,-16.3461607069,9989.3806762711,-16.0627916656,-7.1385935603,-3.1939814984,-3.3909954561,-15.529636968,-3.7163547575,-12.6898164221,9982.2843625985,-10.5432302885,-35.3347137002,-3.1524554098,-6.8290640422,-2.595518635,-3.6330148708,-23.5745081604,-40.4970068609,-55.3944594799,-6.0264462683,-16.0302593798,-15.7047926669,9985.7366095147,-4.429093964,9982.5490823022,-8.5488425442,-4.8619339073,-4.7839051402,-19.2174605214,-20.7732848191,-56.3685425973,-34.7877144156,-4.7542058351,9941.5627868705,-3.4460266342,-14.4327018427,-37.4639720423,-7.0811993271,-2.9267088513,9987.7779457149,9951.5168051189,-16.4110219638,-13.8250514521,-23.0404155294,-22.7444256261,9995.0232469373,-11.8056732501,9971.3720660811,9988.341319513,-14.7389821601,-14.5794586839,-5.3876580245,-7.8480490411,-27.449876189,-18.6096298328,-10.9212653853,-31.3831755086,-14.6595455339,9987.3007332759,9971.1500789283,-9.0211543294,-27.7318239447,9984.9674696322,-34.8897324109,9995.4220163074,-16.9652235791,-20.6493318424,-103.0878108942,-6.5690857931,-4.4583003266,-10.93324945,-27.0790626037,9988.1670231069,9990.388839552,9991.1693976703,-84.3567599293,9990.89760031,-22.0181659854,9992.3103178424,9988.2145354736,-21.6301339384,9993.6987219939,-23.5051797322,-12.547191091,-12.2894262878,9981.0134360393,9985.5978299022,9995.0441289016,-8.7013478237,-15.0252052808,9994.8680793848,9989.9195314553,9992.1402929651,9990.6616860935,9992.3440143932,9988.8466872155,-21.718345708,9964.8871065811,9986.0884802986,-15.6509238356,9988.7763594759,9994.2806741612,9985.844786414,-11.5146453787,-18.6921737229,9987.374124164,-12.3766349099,-3.5222274862,-9.7372060327,9973.2811498411,9991.5794797826,-9.8526773298,9980.3152568576,-3.3615244007,9989.6888247829,9974.2290897443,-27.2798167865,9987.3844164961,9973.8634952116,-13.758270213,9994.8095132145,9982.2236405241,9996.1818535788,9975.1688836291,9962.0712426562,9993.739010931,9984.8479761546,-12.9479494935,9990.9162611559,9986.9051939259,-13.9881156746,9986.2976720456,