{"seed":{"0":694388766},"gamma":{"0":0.5},"cost":{"0":63424.2360000001},"time":{"0":45.3768060207},"rewards":{"0":[-3.6620658702,-44.9782491527,-66.4489536001,-4.5956202924,-39.9443205162,-51.8215912644,-18.5907810165,-82.3253746459,-18.8686759028,-31.380047146,-16.4567812199,-21.388688025,-9.1221806855,-66.5475785399,-16.4953976051,-20.1978809227,-18.9719847552,-31.7513402473,-22.6086228491,-26.1363973769,-50.5058702353,-13.8391300428,-21.2770739548,-123.2112939452,-33.5701023671,-22.252975397,-17.0099336542,-44.9845269766,-22.8576240172,-48.8458106602,-10.9237205074,-33.6985359416,-4.8115175915,-27.1461967665,-39.0833513951,-4.9094270934,-9.7673848538,-21.3028853439,-82.3020337234,-32.3261821509,-41.4349267971,-11.4354504286,-10.6868952104,-100.4535109205,-69.15640854,-6.4289462731,-51.2801735464,-33.1826016238,-33.0874944136,-56.8558325453,-10.9017605911,-57.6854758429,-64.0754547251,-9.778664989,-15.5959712981,-31.5756340641,-38.8682539287,-12.100454773,-14.627609766,-19.8894523735,-98.123362213,-8.0150357048,-17.4597523012,-35.3692561172,-30.2150380064,-17.542825577,-16.5318523321,-32.9330001017,-46.034870406,-16.6860071467,-33.782343836,-14.8921971233,-30.6855333849,-6.6134697972,-60.8173063091,-25.0871357356,-57.2063568482,-5.5488904958,-7.9079636105,-20.7285804983,-146.1298721227,-26.7121215899,-62.6886866823,-10.7433572644,-2.6107020307,-79.9488855088,-2.6107020307,-33.3098939502,-12.4182204585,-3.4469012715,-24.4244445766,-42.1342395547,-11.0265901231,-22.0507865022,-14.456606676,-17.1711968145,-19.8999902179,-21.7923158515,-59.7859459605,-64.4534437883,-12.7935069693,-14.9978440959,-46.5236238369,-9.9073901093,-21.6730793944,-25.5207218059,-4.1591724704,-23.9510874465,-53.0158758169,-17.6944370386,-14.7166808284,-17.0249789492,-15.0760090456,-49.2266461306,-20.8229876151,-23.5474557838,-4.246127908,-37.7403382314,-29.2723804519,-3.6300687242,-6.2726355544,-14.2487690823,-46.3008349333,-46.544500047,9969.3457809302,-33.2946510945,-19.1896773624,-36.5719398725,-9.7368089934,-68.086040521,-28.806536379,9985.8624268498,-149.467102323,-25.7315515796,-14.5569252665,-38.5211533703,-15.1727216755,-5.6554101876,-22.3132601528,-18.5013109968,-20.7502316062,-40.9534773544,-16.4896971185,-32.2348842161,-98.9601522176,-24.2969259186,-20.0749330116,-8.1463060962,-25.3250121318,-33.6860109828,-3.6852629378,-11.9941786753,-34.6632780867,-10.2651896294,-34.1030441596,-12.5208579884,-5.8718253641,-5.5723752731,-55.1144240341,-58.9585391256,-30.407262558,-6.049253969,-33.3371860848,-47.4459844368,-20.1824462606,-25.4912891117,-56.2243041743,-63.4466308244,-75.583647736,-75.3007447843,-47.3381719698,-16.4454397066,-39.7478666332,-35.0760378166,-8.3372378726,-26.7053930209,-28.7518178453,-33.1166547427,-56.5699316594,-23.7144040862,-13.7015645649,-54.8679738913,-32.8133167357,-27.9325666192,-35.6819811301,-45.8453062093,-10.9999290316,-23.4281771294,-48.3433680055,-59.7326794013,-17.1535582967,-14.8441496167,9980.5220606147,-19.2615146185,-22.3979733734,-4.2316062444,-5.7866383816,-7.1081136031,-11.6210730034,-3.4852798168,-15.6306383893,-17.6920030152,-59.4798612856,-30.3590424257,-26.1518224486,-18.4431763909,-63.0084414003,-13.3790267359,-3.3107494068,-41.4912852756,-25.3571320338,-47.8187889727,-20.5231711738,-41.1363436711,-32.7543592803,-35.1402373413,-39.7557057613,-113.237036284,-17.1915973446,-18.8319238759,-7.6299440501,-25.5717634106,-77.974102298,-21.3343684486,-62.2379742174,-32.4565990038,-51.9040239068,-22.640437779,9920.9478248194,-30.0952970985,-115.7771573906,-20.1966859688,-22.0431583611,-5.2217589032,-3.0485116781,-25.9809363606,-3.8776908042,-67.3955700391,-31.1621186169,-15.1141555051,-12.1618328254,9946.728962193,-35.0626554831,-82.5928410174,-12.6117224408,-7.7155069731,-7.3880282109,-50.3000216741,-27.9555948972,-52.700640058,-73.7210329159,-17.6866899775,-22.1953682587,-43.7638421894,-33.4777667596,-7.0051902816,9982.052785125,-27.7809436492,-36.814879958,-6.7424941355,-11.8676017869,-86.1290051577,-21.4518230241,-16.2838869186,-11.8718886602,-3.4763799992,-13.1063278854,-45.9959720653,-4.0590917199,-27.1132866221,-102.3663655945,-15.1786120504,-39.2311957787,-14.7987125954,-23.8764076193,9966.5399887601,-18.9808078503,-115.5527074434,-66.8827314768,-7.8128314655,-28.0549467833,-24.7162550181,-19.1028331725,-82.9135259965,-22.4026611222,-49.8268314156,-21.9130272998,-32.357705535,-80.0973187381,-28.3487596838,-27.5429713499,-64.8341162232,-49.2444323393,-52.8025659862,-15.1928862837,-14.3685790405,-12.8074608859,-68.8634395877,-36.5020379431,-45.8976981312,-64.389915586,-37.2102639448,9959.7414142654,-41.1771907649,-36.9138865925,-54.3743907749,-8.7509758151,-30.5037335118,-76.5945097332,-41.1387604319,-17.3102852353,-41.8000820931,-65.0413246918,-19.3838410769,-22.9512044484,-23.2493406655,-18.1434424264,-58.768048504,9978.0535408423,-32.5794721104,-32.8204979678,-12.8079020406,-14.18553818,-40.9717507514,-31.943537946,-66.9769755581,-5.9744034341,-25.0460795728,9976.9814388934,-47.3338889326,-3.7605258565,-7.3842189355,-12.023057049,-22.0862208191,-50.3579702278,9994.8544189321,-47.68867901,-29.6311907918,-13.4985470664,-91.9469329195,-97.8492842744,-73.1551905693,-38.8010296168,-28.7415140047,-12.2725108802,-56.4812116028,-29.163108338,-62.4150633249,-18.5935641276,9988.5978989525,-8.9304586667,-27.9857315209,-32.1599818935,-5.7646477763,-30.3735180557,-46.3864208731,-26.6230524456,-11.2684714371,-15.6987450106,-86.5845895055,-32.0564352011,-20.9229475275,-23.3620748851,-26.9222646967,-40.6085825698,-89.3064165,9962.550181353,-43.5728241001,-18.9030917276,-43.762873567,-19.4525365439,-10.0369726043,9922.9858772938,-75.7177204191,-78.9840551328,-122.644715062,-34.7889247141,-34.6794205145,9981.4807915467,-69.0953450501,-29.7347374842,-34.3033821225,9899.1327549731,-12.2794945517,-71.937106677,-24.5632836491,9861.2391058752,-15.4904202287,-25.1719333511,9974.6146992763,-39.7174499721,-19.2343855194,-60.7564384618,-100.4869293519,-8.3442157899,-15.1425447724,-23.8626838704,9983.4550837331,-13.7651061936,-28.8957282794,-32.849721593,-39.3029870013,-6.2488707397,9977.8693299627,-8.7086652383,-5.4688400891,-77.6695022048,-35.8844749971,-43.607094152,9908.3905063498,-74.5075216885,-42.8703810618,-31.9585966676,-6.2917183745,9961.2962833671,-8.6034709289,-27.4715925111,-25.2145642446,-43.2961318401,9977.10102252,9933.7430733909,-25.6262441044,-18.5890969562,9978.3357686354,-36.7011579353,9959.5542534031,-31.8664356039,-50.497756824,-82.0714804962,9951.8739294805,-23.6035610779,-26.5300359253,-5.4686502007,9945.0118996699,-86.3821646888,9976.0451991814,-15.0566481062,-26.3346101247,9982.1628589897,9986.548357274,9958.0263446109,-30.9774780909,-11.7012921998,-79.7467215489,-29.976584273,9973.212751674,-11.5735261116,9960.6485665348,9926.9241770066,9890.117141931,-74.851367292,-66.3870845233,9944.3004781734,-56.1843566525,-43.5582775017,-10.6644039903,9967.1471864876,-72.645731636,9971.0680490794,9988.6493625314,-88.3926047119,9930.0635665635,9960.6225921102,9916.8988988394,9980.5061464365,9986.8601635341,-65.6289658374,9952.3846370735,-43.9198690346,-10.2051983374,-16.3467418804,-19.2727794092,9967.0085699106,9927.6144614364,9983.6348351136,-55.5060255985,9929.9173582886,-24.8547354126,9915.5733400593,9958.6844458425,9964.5189859579,9936.5072723402,-31.7136675496,-38.08325741,-4.3060942652,-12.3640428189,-26.5612044676,9963.971380565,9965.6346893407,9989.0170189831,-81.6735435659,9952.2278161497,-12.8231314699,9978.2466841466,9979.3092955142,-33.7735437578,9961.8134011305,9987.9501897924,9976.8418441036,-63.8956342942,9987.2633099266,9940.399995013,9946.33554614,9982.4278721572,-31.9855799938,9986.4301604077,9973.0399302592,-52.0116963551,9954.5159304817,9966.1463176046,9973.7643754112,9952.6946269269,9975.0827989926,9884.9150527755,9965.6476573724,9983.7422889027,9969.5917055234,9944.9644870425,9982.9422029734,9976.3146027977,-44.0053456447,-44.6356119296,9982.8040812569,9967.4810255505,9991.9703409743,-34.7641030461,9977.7363755109,