{"seed":{"0":1695858027},"gamma":{"0":0.9},"cost":{"0":1719.062},"time":{"0":15.2161884308},"rewards":{"0":[-3.313325367,-38.6314343859,-36.975266563,-51.1438970076,-31.7419167982,-56.4981039936,-10.070906995,-23.9558941152,-46.8702237805,-22.3768785041,-9.2371225969,-10.0116733383,-9.2753131719,-16.0278828983,-15.1575363617,-35.5047999555,-24.8994991935,-39.5433722253,-18.2456330475,-18.1835702462,-11.6055136672,-6.3375294183,-10.2610466109,-6.1166010369,-62.1778333164,-16.778035864,-4.8423447183,-5.5929273303,-100.1788211194,-40.4427927781,-8.3267940133,-20.0180950171,-11.8042596368,-65.6907351748,-6.7584696917,-8.7460195374,-19.4721199787,-5.0979401909,-70.7517833201,-23.9797260621,-10.0926904494,-8.9958512273,-32.9090818419,-3.8275104103,-34.0416814517,-50.8646096068,-32.6328844424,-28.4504439359,-14.8016395612,-30.712842782,-7.2995076329,-24.611340746,-11.5995926032,-40.9384435677,-9.5688498712,-22.4018075836,-15.0718123213,-105.8186930695,-6.5310601716,-4.6370082803,-19.0608697654,-36.6222353503,-18.6513074484,-6.9488874269,-29.9152522542,-10.4449697809,-16.8809879565,-68.7866172829,-10.3766617628,-6.8514037352,-9.5455127849,-53.1521293389,-14.4412506545,-29.5732959439,-10.908936069,-8.6412011685,-37.8053490973,-17.7195655968,-32.1813165209,-31.7923081792,-21.5418166753,-7.3099956076,-7.8610496798,-24.3284473846,-12.2810827088,-32.0965323318,-12.8738738566,-25.5985798653,-13.7445579725,-31.6322898425,-10.953734375,-18.8171797169,-42.0303610372,-23.6380862323,-59.9670342317,-21.5901768263,-12.4481959648,-8.2582769263,-7.3836550247,-11.2599801672,-28.9368822635,-15.109486937,-12.370148017,-9.8701413038,-16.3919103727,-4.6553277108,9988.086009832,-21.5346661322,-15.196872021,-52.9945105004,-22.4295907427,-25.6381399381,-10.8292750293,-3.2321970082,-18.5979449861,-5.6194944367,-30.2265118661,-9.0697849275,-14.3082501693,-16.0780153407,-21.3832579854,-13.8146843154,-13.7135025961,-52.8919861362,-25.4014565779,-14.1699903521,-13.8612932739,-11.4449026487,-8.380942882,-10.444075963,-18.8858214781,-11.4348117132,-33.1991008115,-5.905226533,-3.8468042174,-28.1013121477,-8.6371061016,-19.0095788123,-8.5717557384,-18.469315769,-9.1127610725,-19.8219595327,-22.258058267,-21.8927898051,-16.4876351995,-19.1552634557,-47.4162199176,-17.7648875343,-45.8486110339,-10.1755028685,-7.1133269014,-8.2641999083,-15.454514068,-24.3141079371,-21.4536106598,-10.6480083781,-12.9289011986,-5.0371778372,-13.8081187819,-9.3602028545,-10.0312299203,-11.1332997033,-10.9522152682,-61.4051546056,-9.6868626033,-19.4757969077,-2.7415485299,-46.0171263947,-8.9896693066,-12.328579731,-26.2044483743,-14.8147552838,-2.9080729401,-9.7487182536,-51.5932227122,-15.2354845701,-18.0050617713,-16.9375459137,-11.5540021367,-58.8336980852,-30.9678168019,-26.3636438615,-12.0454140046,-6.6610857394,-2.9730358544,-8.7424692007,-4.8166215602,-19.5267713802,-11.7897859249,-39.7651905884,-59.016717847,-7.6364961572,-14.1510341243,-20.7801764235,-4.5501890252,-37.1626403304,-5.5221641901,-6.0299678341,-15.7171565083,-25.769991503,-70.6448531626,-18.1933926527,-24.7333507238,-9.2953492699,-9.4743775402,-10.2013046672,-13.5089659908,-14.4532193747,-16.9854207945,-24.6673616452,-4.768677629,-12.8056559875,-8.508881596,-4.6937407813,-26.3078377855,-17.4487541214,-14.5070345002,-8.1429398936,-8.3511534279,-11.815119716,-18.5902746476,-37.5894038465,-19.325647011,-8.0457324032,-8.3922249352,-26.6946978953,-44.2961951362,-17.0134648102,9960.4272967379,-19.6586536341,-15.13188609,-16.6567144712,-16.6182803021,-17.4101530807,-32.3866280241,-23.3333998262,-47.1258365157,-11.5830320374,-11.8146843154,-15.0425541709,-16.2644224038,-25.3728659139,-10.5133180783,-42.9979323269,-45.1693554729,-12.6223408438,-8.9323249431,-12.2591093661,-33.1313451959,-11.8682117313,-18.2501443343,-5.5040595827,-51.0521368194,-46.6519691805,-12.7912954413,-28.3712604942,-4.1573598998,-5.3138911959,-15.8109958781,-23.8662725684,-22.6685623534,-2.6926494028,-42.1116812024,-15.4383601319,-7.8765457199,-25.3296346663,-11.5485337359,-17.5287738391,-3.5052219296,-16.9072424184,-10.7383261822,-36.0803956583,-24.1584320977,-18.0073289231,-15.0225660246,-10.8079327297,-5.9159408392,-3.6405413544,-13.5086706089,-21.1790877303,-4.9785426165,-7.2035583926,-11.3596849771,-3.8206590852,-6.4434238212,-15.2099225294,-29.7716909078,-16.2905579457,-32.5530699576,-28.3491778218,-44.724713681,-86.2544503883,9975.2291511224,-20.1367119394,-26.6480256407,-19.7434896108,-24.6088990504,-6.6494565165,-3.8742171901,-3.294725899,-14.1729729419,9992.8100541086,-16.8218904824,-8.7535287585,-17.6289006232,-30.8321271907,-20.6304868622,-3.0709223395,-16.7237450586,-23.1537251683,-18.3138106372,-27.933159301,-33.7525045122,-7.8381882733,-11.5872114992,-12.9268009184,-6.0746414659,-7.9100523823,-18.5989212807,-5.1539284831,-2.9359021327,-6.1451130603,-7.0563987579,-26.1668217102,-16.1811247144,-42.3364629746,-6.2805322244,9982.8453503248,-32.0307619126,-19.243406175,-20.5690685305,9962.63167798,-19.0600411617,9983.022638911,-9.3023904833,-7.2989820834,-4.3554076941,-41.5085574431,9957.0397998308,9976.1365162968,-4.6188614755,-27.0121566905,-8.9456363082,-15.4312805572,-18.9827278325,-7.9290373812,-11.4901229287,-6.3233395798,-8.0730744075,-10.7107003044,-7.362581254,9984.5889607737,-10.0364163657,9977.578054661,-25.5544164386,-4.2359122984,-27.3219202124,-8.6442029389,-4.4565184451,-11.944076922,-21.6997289775,-5.5367606582,-15.3162120535,-13.2379531187,-4.6405068293,-12.664035722,-11.0399801289,-15.5800014961,9993.9667330956,-31.6747135851,-3.968808441,-50.2379377742,-14.6221202665,-4.4327191053,9992.0647500091,-4.7245026939,-16.9797279801,-6.2698505253,-50.9299369532,9991.0369304069,-13.1692346349,9966.5949719867,9990.6763650383,-6.9243438782,-14.4421943421,-9.0612265253,9989.2209264633,-19.410310362,-18.2369557253,-102.7643504764,-17.6021628091,-16.0940983085,-6.1135781678,-23.5554215042,-4.2322085166,9986.5458561183,9954.7607905493,9994.5562424356,-10.0661156708,-39.4777072996,-13.8699629238,-18.5332793718,-6.7122846254,9955.2751558907,-11.6056862929,-7.9201337274,9977.7493588871,-6.0140939353,-4.9938737031,-5.5667898703,-13.2797880156,-7.1898212172,-14.3111176752,-6.4647891376,-3.831269816,-3.0569147171,-34.4988539567,-9.4281598668,-8.1069205672,-8.6112678596,-3.8248366289,-8.2075594744,9965.7489714381,9988.273431551,9987.5475229161,9984.9665854047,-10.8845593919,-4.9992788079,-7.4142673283,-2.4839141551,-6.4399578793,-16.9901833478,9987.5791748104,9978.7117130423,-28.7141451476,-14.4373819192,9989.2603561078,9994.0809442246,-10.7823687708,-65.7711634402,-8.8354895571,9984.39093216,-12.483014583,-3.5956950969,9978.5213048974,-8.4814168356,9980.3210570835,9980.1541855037,-7.6806384852,-7.8704788831,9990.9097857714,-10.5306612142,9992.2736502103,-32.5682475991,-4.1191558983,-18.062413807,-8.7867419571,-4.0562318863,-25.2259134301,-23.7515262995,9982.5935315205,-6.4469626495,-4.1227023989,-13.5394996538,9976.919314714,-7.2798033601,9986.1561380929,-26.820024206,9987.638556158,9979.2273059447,-5.936030643,-22.4478583855,9992.9806141258,-20.2954969608,9986.4690318955,9989.0980706193,9988.755368182,9985.3592879379,9975.1403965406,-11.9546723083,-9.043033687,9987.6317163413,-50.4608340894,-58.0996837112,-8.6015375202,9976.4038119607,-23.7763518037,-6.1818132995,9995.1672877998,9992.3239322616,9983.3922728868,-4.2098362165,-22.9830519853,-4.4171942941,9985.4353238364,-6.3961281957,-13.1854998187,9974.7745929388,9990.8959392664,9977.5085401806,-10.7851729806,-8.4292761801,9991.0232200844,9989.9261468585,-50.9219117729,-13.3263547767,-10.8094997881,9990.1975778686,-34.9504333866,9986.5840677921,9994.6125299458,9975.0135453689,9989.2241296304,9982.3922728868,9974.9102192539,-14.2652874507,9980.4366914161,-6.8076028226,-11.4156080551,9989.5025519843,9966.6809530477,-11.0897021055,9982.7106197457,9978.9504583214,-4.3145951254,9989.6462245785,9993.8876014416,9994.580208647,-11.1591993233,9996.4087011061,9988.9296952772,9992.9764385002,9988.2746898011,-5.4095162834,