{"seed":{"0":2041095833},"gamma":{"0":0.25},"cost":{"0":63424.2360000001},"time":{"0":58.7670359612},"rewards":{"0":[-27.7652749833,-18.4035184969,-26.2216073761,-28.2929382633,-44.0211754281,-7.908366404,-75.0471210816,-7.2461221538,-24.7999152216,-69.6473102028,-65.9559343945,-5.3714868258,-6.1095502331,-53.990668618,-17.1970964345,-16.2845524869,-6.4057338609,-61.9211234485,-22.4628672374,-47.3939013233,-23.3646028936,-15.2850320029,-16.7172159683,-9.9705500433,-36.6651251825,-14.5246001316,-10.1528754658,-35.7386234821,-13.5887401963,-18.2299662996,-4.1392840634,-5.2564566834,-41.6226343076,-3.123960649,-25.8894619638,-24.0500442114,-7.3903183795,-6.6638726866,-38.127969403,-33.9430239048,-52.4234932168,-17.3678789471,-31.1461775859,-38.4706507416,-5.5914254861,-30.8752797976,-10.565853855,-20.668220938,-29.2222748624,-46.9376053736,-10.131466034,-20.7712996227,-46.7565919069,-68.2845544049,-4.6311562666,-12.9618420321,-4.1900168598,-16.5075734762,-84.4719646156,-74.2030155804,-32.3124967633,-18.0838136486,-29.7088090932,-15.9161479902,-16.492313358,-29.4572185385,-33.013817734,-71.1788422181,-27.2198082319,-24.4788121045,-36.7146994681,-40.0854670198,-19.8865791134,-13.3890447849,-25.2748010488,-34.0971307679,-12.088044898,-20.1389100409,-28.0929992577,-14.5933397141,-25.2817406048,-12.1912981266,-46.5594647834,-17.3699753912,-8.6465295507,-35.3457195522,-35.3105019766,-30.4553004743,-29.5503079452,-33.3327879638,-13.8491001402,-21.0853423457,-51.0104419412,-31.7719268297,-10.4189876841,-21.2142266653,-19.133111733,-48.8748635777,-57.3584631703,-18.4266791213,-6.8603610948,-19.0360864587,-21.5262362403,-46.4369139115,-15.7626913509,-14.5727262788,-53.2076592137,-11.0561705082,-39.8381748469,-15.0017185855,-7.0177747004,-5.0003049722,-11.0349509647,-12.8323573584,-7.5597313943,-15.5161107797,-19.9118918058,-36.9319758554,-4.7349024377,-15.7504656101,-41.7991326514,-34.4128594692,-38.5079743516,-16.5823837317,-62.8832896334,-26.1379433365,-7.7324991033,-24.1487017583,-54.5457640513,-23.2740817747,-9.2073523234,-26.0388043555,-11.476882532,-9.2213867987,-11.7137903057,-37.478587691,-23.240565522,-13.4511382752,-12.7131228194,-46.5957277039,-11.3219317208,-14.2686248823,-7.7148433229,-61.6877161419,-69.0429991618,-25.3143515313,-16.3246687983,-7.7745411511,-4.3283840885,-15.283689358,-24.3681685748,-34.7021572467,-43.4062920176,-28.8224678197,-57.1131139963,-20.583377289,-5.021204199,-26.6824376293,9968.7985476418,-15.1817135601,-17.125007912,-37.0494764644,-25.4814935582,-54.1194320996,-6.39081324,-4.0037287167,-21.8479914991,-39.1393588679,-25.3201114779,-7.5382989456,-39.5109415969,-31.4786145439,-12.8456284441,-35.2210914169,-8.2318939541,-47.019589189,-18.0904520685,-34.3062189393,-5.1867580688,-20.3657594863,-43.279502224,-35.362400956,-28.0275414829,9989.5683914539,-8.4335342825,-62.8820659085,-53.1359965015,-16.6664716635,-18.9995933704,-28.332855096,-11.1403562612,-63.4866109533,-26.1516421506,-35.002631584,-10.8634606864,-34.6785477953,-19.9641283645,-49.9454329934,-16.2638700013,-25.5447743302,-27.6812388393,-48.0097610284,-64.3071990701,-30.8466047388,-27.4956181825,-14.0515518098,-13.1891518129,-15.3501924777,-7.6317048329,-22.1258480241,-31.977781145,-3.146509411,-19.1267380059,-29.109396788,-25.8601616161,-20.4129074208,-14.3153757775,-36.2076285247,-5.4974518518,-21.8060434365,-62.4946016085,-14.7407889765,-31.6510216569,-38.171632215,-16.4777686776,-15.2750810862,-8.4285875951,-18.7384853815,-23.9528865906,-16.9601253647,-15.2102505184,-48.9382421709,-11.3214176796,-12.8417769713,-18.2759691499,-14.0512410834,-6.983491222,-19.0812990665,-18.0313891196,-21.5112331426,-45.1797437083,-20.6496962745,9989.4350227003,-13.0553610852,-65.5353086837,-11.7904649196,-30.4370999637,-45.3171691675,-32.5026133624,9989.1213846889,-13.6117397034,-35.2757773434,-16.4897009546,-14.8812852564,-5.0158067665,-25.2227620507,-53.4935754442,-4.1198272208,-28.2262260745,-15.4775845435,-49.4943522602,-29.268586521,-33.4092266557,-18.2332998951,-41.2510650051,-10.2259268565,-6.4951636013,-28.3837451737,-79.3176160764,-52.9484059928,-23.912555456,-39.9726311428,-21.8451566003,-32.0841627362,-50.3582617736,-18.5287297237,-67.1475163947,-5.4688880407,-23.9384205509,-53.9620089037,-104.9300443648,-52.057658926,-49.0098013077,-4.7753371477,-43.4780448789,-49.8245815264,-14.7527154993,-26.6297484075,-28.8465011633,-14.630690177,-3.4695574451,-11.453136898,-14.2157400179,-26.7787455477,-28.2506986549,-59.722440775,-48.0894431668,-23.9979342449,-11.5920431027,-64.8866366554,-43.5373264871,-36.3324081871,-9.1247489734,9977.122585397,-76.7663069018,-14.4878730395,-19.4661087657,-51.3465596643,-38.7662052444,-5.0340207036,-32.7707587286,-53.6778496199,-37.7840374866,-21.5164310964,-55.4216231042,-7.3941449174,-6.7984421483,-24.0755007586,-41.0336198282,-27.4264738884,-43.0046148623,-36.0625787605,-86.7779955846,-18.7786266277,9987.1142571625,-28.0784660857,-43.3899021595,-27.7948592045,-32.1635840179,-10.3315930098,-25.4795352147,-47.1138121717,-10.4124125603,-7.5695231117,-25.5231251403,-10.2831523,-4.759823845,-52.3558335044,-24.2358720191,-56.1621224531,-4.564298305,-19.2475434394,-26.6272357435,-38.9946850443,-27.0160868039,-27.7861281766,9977.947633013,-14.7005633354,-57.6428200146,-12.3280944608,-11.9708741961,-72.3845469245,-36.541479096,-10.1935863771,-34.4596909231,-18.8516684281,-7.7853149174,-35.4082043275,9989.0858065172,-16.2377862471,-68.9436607021,-17.9232064662,-22.9716625205,-42.439409313,-45.7338321579,-14.1828375457,-22.9546166845,-21.4312421959,-3.8196003138,-15.188706822,-41.4879651066,-10.2435979814,9984.5241973381,-25.8162034222,-17.500777775,9965.033823143,-14.9079540202,-24.4280505372,-31.9570622162,-17.4952403238,-5.0292293794,-30.5271818459,9954.7702964752,-18.9088286574,-29.4825887728,-8.8858406587,-55.4176584657,-16.3663080526,9962.4583828034,-8.6158635412,-9.4277954346,-59.5315320154,-22.764998782,-81.8520290241,-12.4012053115,-43.5004171789,-4.8959296761,-78.270769278,9968.5266620505,-18.045396742,-21.6300265268,9914.6583908593,9974.9347282774,-18.6260216089,9980.8630214497,-34.2423205507,-12.9936128464,-10.4272449502,-44.1585893789,-8.8106199375,-74.9496277997,-31.1906555751,-30.0434460707,-21.8687660518,-76.581674048,-18.4675396416,-38.7627469747,-89.7914872478,-31.1571335682,-35.2299317745,-43.4329626994,9990.7078423888,-24.2698677878,9980.9567821789,-8.3075366494,-57.2884883545,-48.5639242825,-25.1141727677,9959.8381134688,9968.2541569245,-11.1271465535,-49.2022330103,-11.3693328398,-25.1006772684,9951.0214631377,-10.1346653649,-13.8408256115,-13.5429329886,-25.7769348951,-26.8928684457,9993.6756419281,9908.679974835,-30.5292149939,-17.487679315,-8.9638272285,-21.1497912187,-12.5060562875,9968.3352430859,-17.4950101561,-34.0409027177,-20.1629644832,-57.3410164589,-28.7432728696,-22.8127720055,-33.299630389,-22.6156889974,-21.2417969192,-21.72480383,9963.2762319246,-21.1938395616,-6.805310736,-33.196513343,-16.1868673985,-36.8605912625,-5.8894581277,-68.1221845216,-27.2742774173,-28.08002739,-46.234015333,-10.5897989677,-15.0942421633,9967.5538352651,9965.7413759041,-15.0911502439,-7.4397334658,-25.6045450448,-10.8177474638,-50.5560084318,-9.8705728682,-13.9244666343,-69.8310933541,-19.8130904041,9985.7098927994,-30.537800249,-61.2964444845,-13.2333229119,-43.05394939,-9.3736235492,-90.1872184042,9967.1272827361,-20.6269883132,-21.8074839026,-24.6680694109,-11.1089633055,-50.4927832837,-14.3505607461,-18.9600716589,-8.9855166977,-24.1511511262,-19.6101707269,-8.6918399797,-7.083616088,9903.1704142443,-89.8544553753,-45.9304951099,-42.4459268949,-18.1156324145,-12.7397915832,9960.332945245,9980.7022915112,-37.4282269991,-59.6947707817,-30.3670560976,-29.2469526756,-16.9802170865,9990.0350449498,9985.2472518936,-31.5937099005,-36.0892590326,-45.5530373505,-28.2672285316,-29.7615366763,-9.01130507,9912.5618105758,-40.3807779285,-33.1160831596,-8.7079440462,-6.8460542544,-8.058704271,9967.8869512179,-51.7235014644,-47.9473146143,