{"seed":{"0":2041095833},"gamma":{"0":0.5},"cost":{"0":63424.2360000001},"time":{"0":40.6523516178},"rewards":{"0":[-27.7652749833,-18.4035184969,-26.2216073761,-28.2929382633,-44.0211754281,-7.908366404,-75.0471210816,-7.2461221538,-24.7999152216,-69.6473102028,-65.9559343945,-5.3714868258,-6.1095502331,-53.990668618,-17.1970964345,-16.2845524869,-6.4057338609,-61.9211234485,-22.4628672374,-47.3939013233,-23.3646028936,-15.2850320029,-16.7172159683,-9.9705500433,-36.6651251825,-14.5246001316,-10.1528754658,-35.7386234821,-13.5887401963,-18.2299662996,-4.1392840634,-5.2564566834,-41.6226343076,-3.123960649,-25.8894619638,-24.0500442114,-7.3903183795,-6.6638726866,-38.127969403,-24.1612554881,-19.8149509263,-8.617800786,-79.337581206,-17.1532283897,-22.7257571079,-38.6796123209,-6.7829288456,-20.668220938,-29.2222748624,-46.9376053736,-9.7443527397,-22.5506033271,-5.8634357516,-3.2191100566,-4.9501207421,-7.0375154164,-21.172886629,-5.5832545329,-13.134786203,-10.1391593892,-13.5486392294,-42.0545535802,-10.0888888463,-3.9514806496,9928.5474557838,-10.4089677171,-28.3780619496,-16.0893798707,-4.9404460266,-20.6294069921,-11.9700743633,-8.2352294676,-33.4700599779,-27.0539033564,-30.9116558839,-17.5602147465,-26.1546726919,-16.2093988979,-34.1831521082,-13.8192742429,-26.813355097,-35.2707021457,-44.2935021741,-15.289370664,-69.2622243023,-10.7618512388,-13.6943392173,-40.3658342908,-41.9511085452,-13.4798881385,-28.182546,-22.2928864755,-14.7963322778,-51.3553961857,-39.9583127941,-49.7288356008,-6.2911180204,-73.2683601894,-42.333541763,-17.9386564728,-32.2532822873,-8.5696381956,-29.3395011882,-29.7641183906,-25.858841988,-69.8728227574,9989.1674968688,-71.7009546205,-17.8245565915,-38.8708816765,-29.1064295428,-48.1445606578,-43.8458451854,-61.2549375766,-33.0916451044,-31.9229091662,-20.6517831283,-5.5142732743,-23.8601769606,-109.9201068745,-63.7338705192,-38.760451052,-22.4879919595,-3.9167540984,-58.5285033921,-28.2861329717,-7.3134922386,-43.1704986391,-71.9189138386,-21.8126300687,-14.3158226865,-55.8348796127,-59.8797392967,-17.6879482276,-25.5522586164,-11.2030098262,9993.0045400578,-71.155959713,-38.9184496671,-20.5394095048,-57.8487625609,-62.472486329,-72.1972939951,-16.8259088267,-26.2723152377,-35.7635487255,-33.890363454,-81.0502743791,-22.3709133246,-25.5199795151,-70.8908928397,-31.1869057598,-33.4897776772,-30.2387145901,-4.1441578644,-57.3093664826,-25.4854083271,-40.2588926249,-19.9427649662,-54.230336486,-66.8349045475,-62.7066129097,-12.2009747602,-48.2405597678,-30.5953862885,-26.1081231934,-20.2648865753,-24.0095864846,-15.3605883854,-15.0989759456,-6.5597122137,-14.0054703189,-5.3694421694,-46.1222880971,-19.7706609074,-22.9885127139,-30.7738429758,-40.5628194776,-49.2328894294,-24.6117684743,-34.2162176159,-22.460195374,-21.0560266534,-18.0395313018,-24.0799218964,-56.4924591308,9976.5724270608,-44.1269681736,-34.6328825243,-9.2643245825,-16.0934193138,-42.0298393238,-11.2064182262,-15.9562969087,-22.8264746557,-38.3519609329,-4.3251406421,-10.2141039092,-100.6227455554,-22.8592697163,-61.3055552892,-36.3334458598,-49.4775461822,-25.0700668829,9965.3369482449,9984.343770799,-35.1915896724,-42.9372313511,-10.1854403588,-31.1396504136,-33.5905431766,-34.5921773672,-36.4019034868,-32.0402083785,-6.6095953076,-9.0266208121,-26.835875088,-54.6515587148,-14.1683849325,-20.6283194497,-11.3966057937,-10.8519925809,-24.6133240243,9951.9140899073,-6.9595154203,9962.36629079,-23.7928260565,-18.8661920097,-18.9479072961,9976.0569319797,-4.7964646242,-13.2954662718,-22.9905266812,-9.6952790687,-18.5935276844,-19.1166298079,-20.5633622897,-20.2161524017,-15.6455609283,-68.4378691075,-56.5275865574,-32.4410377494,-15.5571362535,-16.4599690424,-23.2664881588,-50.1866468211,-20.078801747,-37.5362542893,-11.6183589427,-28.8339704503,-28.3027069639,-24.2839176076,-7.1832614379,-8.8772822566,-8.3028699994,-8.0697561565,-23.6897761427,-5.0858525507,-29.3702611828,-56.406633433,-5.4465847909,-27.2469545937,-41.6087456052,9936.3002978754,-23.829716184,-35.1919579407,-17.2148404458,-27.2014600304,-30.0544845299,-11.4147334179,-12.8948651505,-41.6051223821,-14.3140964288,-23.4298209104,-25.620370992,-20.3883926431,-18.4667417269,-50.903013087,-12.1306335941,-22.7848469097,-30.2008385776,-30.1274534438,-16.3295560257,-17.9436089144,-58.5758354608,-37.801424738,-7.2211010072,-27.2944516159,9990.205486047,-97.1004394285,9966.3014928293,9976.5031350758,-46.1815370982,9981.4774771319,-33.6387901619,9937.9466586364,-19.0826129404,-40.4458616807,-42.8918557079,-27.1542392095,-5.5421331558,-47.724713681,-34.2272579931,-22.7783159013,-38.7102342148,-48.3012185461,-25.4050874733,-21.7568201566,-35.3260402141,-18.7925671179,-29.0010741159,-13.9432272196,-20.737334543,-25.6809415393,-41.8905878675,-36.6445098291,-48.1483545887,-41.2857800479,-26.928316189,-4.8192895874,-41.898020366,-16.9422106456,-31.9870242961,-14.1996263611,9982.9055410955,9984.9530438719,-116.2508348374,-34.4234164942,-40.7985955934,-8.8875669165,9954.8548562507,-30.8864390948,-11.9063658631,-10.6631783474,9910.5562750427,-8.764939322,-25.5749953487,-19.021653026,-71.8951624504,9942.039803667,-34.8004503615,9954.4594550013,-16.686824242,9947.0723493792,-17.4860470424,9994.4352471138,9989.935821574,-14.5577979856,-18.4301297187,-18.117170702,-12.3210532474,-12.2540207419,9914.1546055597,-82.5335881801,9924.2678672469,-110.5513667166,-42.8083892289,-9.2238745279,-18.964082331,-25.5047366594,9927.8140110749,9971.2046996407,-21.7973680324,-22.7482406557,-30.9044382086,-42.8140072388,-54.0297894541,9932.4732458824,-42.3197911612,9962.6114750105,-61.50164474,-29.4584499356,9977.3786181882,-10.7276617456,-65.7013017901,-13.9834662871,-56.6989694241,-53.4183317062,-131.4756799058,-6.5482728791,9985.2553787314,-25.452329393,9918.3744348904,-35.5677028688,-45.9581113973,-62.8321406171,-16.3929020119,9978.9769755581,-34.9078811337,-20.161823235,9974.0377053048,9977.883337585,-9.682007983,-20.2441427116,-7.1048164509,9921.8614256204,-63.7881076187,-81.1721424201,-79.3818232734,-24.9239641015,-38.015041459,-52.0905920872,-25.6023315988,9979.1440926502,-42.8009797472,9925.4617912034,-19.844038369,-5.5709942669,9971.7893792953,9965.3379513924,9970.9328562468,9987.3079471151,9947.6065302412,9986.4761824386,9927.702584975,-24.3690930817,9962.9281454813,9942.8408543825,9971.8322403565,-24.7057210099,-29.1859659083,-49.8125821171,-37.3956045642,-28.2542854348,9970.1692231265,-24.8289700571,-24.3919295533,-21.8214972792,-38.5482364359,9970.3797268293,9986.364524253,-15.9590800197,-5.814133831,9988.928224122,9970.086397281,9964.4948202678,9976.0310630487,9973.1481531919,9985.7104854812,9947.9253105825,-7.0792237211,-4.0830560132,9936.1464058355,-11.5507836251,9969.9754219262,9971.3762206081,-30.4427927781,9953.1180606837,-53.6708678665,9965.4391925717,-47.4702709649,-98.0984638224,-34.7059761124,9976.5814438803,-52.5003845719,-20.1559021711,-78.5676951966,-91.8758513807,-32.1751096653,-19.0198922432,9978.1396350691,-66.9378815749,9987.8758859059,9977.5937482618,9963.6406219131,-13.178750151,-24.3358472761,-36.786561659,-23.3509213421,-27.0207419456,9980.8638577257,9971.1406593154,-9.674082542,9987.9636507666,9965.1060152409,-73.1416682171,9961.550271502,-8.0563335437,-17.1618903673,-99.5086629367,-29.4582255221,9886.1550428783,9991.1365872652,9981.0173201192,-18.6276327828,-17.8172948007,-35.0414071686,9979.6993664634,-15.7868954022,9977.1786408214,-54.119742826,9987.4501715708,9961.2946894558,9985.809467181,9964.1394681975,9925.3060156246,9954.0088729647,9980.3385651729,9981.5300800408,9980.0894738558,-15.7619739949,9954.1536311831,9982.0561724263,-6.6970091626,-25.5130015977,-15.0934442486,9991.853250831,-40.3802619692,9959.9141148422,9977.7010773766,9980.622135611,9978.515581394,9994.3319171626,9964.1072581465,9962.4980752226,-15.0663074772,9987.1205618393,9987.5236219189,-10.6001948753,9993.1000097821,9983.7925843804,-26.7049691288,9972.8899107908,9938.3377499957,9974.7384451021,9968.6560623294,