{"seed":{"0":1000004583},"gamma":{"0":0.5},"cost":{"0":63424.2360000001},"time":{"0":55.0433666706},"rewards":{"0":[-34.7434148063,-44.6643387762,-10.1214249682,-17.5699470039,-5.624439206,-54.3901035563,-33.657157544,-41.0347035344,-22.3716076638,-73.797087995,9966.9687873423,-55.244244369,-23.937436584,-5.6041173165,-4.6659768029,-11.5213912103,-22.2464827499,-6.3789480953,-7.9917715049,-4.5949988396,-60.6347852439,-29.2324501927,-22.111130718,-39.6379826569,-17.0219579982,-7.8260258287,-44.6584522373,-8.6447323246,-15.7297294187,-46.2470063814,-21.7995373629,-19.2789958551,-125.9624922558,-5.2072660106,-22.9307809015,-9.067826584,-8.2701746781,-19.7890033547,-22.440009667,-24.1041988342,-17.7993839178,-13.0946929083,-4.6749360805,-8.0204408095,-5.0145964681,-23.4922730786,-10.1878034138,-44.6152152356,-5.1557372175,-8.6490172798,-41.1072945897,-38.9674351071,-18.1647904803,-21.3111157571,-49.9679318857,-19.7840394047,-7.253245844,-32.4975726898,-16.0779117652,-7.2135630151,-5.7001778045,-14.029428858,-21.7981371761,-31.0364297921,-6.6325085018,-65.3023636304,-10.6378253756,-24.8118743515,-9.6257434896,-5.6978224218,-22.5421139752,-14.5312116987,-10.6318352613,-23.9203965022,-13.7389859962,-53.8820486459,-13.7194121517,-8.3505032041,-17.3745595645,-33.1986922639,-86.6847949302,-31.8147706283,-17.4845451982,-31.254860854,-21.8181214863,-9.7621542929,-17.1828298735,-13.0714095278,-34.5705511941,-27.0643337892,-10.3313839408,-11.0174965811,-72.4959250727,-6.7308342236,-19.1669233676,-15.6511309865,-61.0514578246,9981.7998653519,-19.482893745,-23.1122393591,-25.2293237481,-31.4746594957,-30.2841036599,-6.4503403605,-15.8237663491,-46.4044046425,-13.1484447377,-6.3223325962,-22.4343015082,-9.9118476904,-27.3745212032,-16.7711442595,-26.0918771902,-23.3314817621,-12.0131521658,-43.1015845128,-22.1390462234,-34.7210233256,9974.8387617745,-44.1777796106,-14.4784630168,-12.4354274118,-41.1066060047,-3.3931436879,-10.1385110835,-24.3912524767,-33.267957396,-11.0431410986,-16.5841886301,-71.5264721622,-24.8438408083,-12.0589497832,-28.7013075443,-29.1451379951,-21.1398268755,-44.6541500195,-12.8639133495,-71.9978978017,-53.3099208031,-26.7713437382,-8.3152012337,-6.3455334999,-6.8083144244,-14.0003951212,-30.4298918787,-10.2766654071,-78.4111236212,-15.6310009034,-31.9596592751,-25.2508041484,-21.5064629171,-18.9268814771,-17.6230179205,-20.3301276088,-11.1387853667,-17.3850283586,-12.2726854241,-22.5245425897,-10.2349206593,-39.506938597,-16.4036028917,-6.0606050725,-25.2523673707,-9.5954764375,-53.9701069704,-7.7360436858,-10.4089044209,-15.0714440529,-9.8468847761,-9.5120732547,-75.2917241287,-20.1751959782,-16.0471939681,-89.1850970253,-24.1422110293,-35.9399530842,-74.3631279023,-4.5653628306,-23.2984469435,-32.8828446426,-25.0772653776,-30.3883696263,-36.4401324231,-93.1966150004,-15.9519831824,-11.2640426271,-25.4161451131,-7.1056853339,-38.7147761907,-4.6235281255,-8.1627592503,-17.2559023629,-38.8134682628,-50.1817653479,-9.6005324546,-8.1177307767,-16.113792991,-40.3522582328,-16.2826305866,-3.189815463,-45.8366941014,-41.2853484835,-40.28027904,-39.9147650659,-4.2490548739,-42.8269886968,-30.729109884,-16.4674514106,-9.596717425,-9.3941103923,-4.5134696054,-13.3708039949,-32.1589116137,-43.3840693265,-65.283838967,-11.1671113379,-49.2557182287,-58.0305796965,-11.215235567,-30.1572064547,-7.7651042756,-23.0460028502,-32.5650732029,-24.4833943597,-54.8713420119,9980.0657109592,9976.4103161162,-16.0219368995,-28.0492098535,-7.1450842893,-44.6792651513,-29.9985748783,-20.0663899539,-19.8111857664,-34.0690464728,-22.6908425864,-111.9859290815,9994.0230301961,-33.6530279519,-7.609606816,-24.7305580224,-9.0810938336,-15.2526550803,-35.0185898776,-46.802199636,-40.8030666009,-12.0226638458,-17.4603277204,-26.510199306,-5.0410389003,-45.8835140469,-10.4368832225,-86.9897901446,-33.8280589766,-23.9395426184,-12.4712223247,-35.3496055501,-15.4325599059,-16.8168977614,-74.1427845304,-62.1117233998,-46.1644874261,-48.954332811,-10.0655306612,-36.092916781,-41.0707631402,-6.1173778529,-16.5750759074,-19.0879988645,9993.566302682,-38.478886909,-33.397541809,-28.8440306967,9977.8808594462,9975.0309345384,-8.8773915862,-22.0300407205,-27.4939264499,-10.322746898,-40.602339271,-17.0530383095,-14.5241397962,-43.1399688123,-50.5055441644,9955.3882238534,-61.9416045374,-93.1077204,-39.2218317896,-18.449669038,9980.322386302,-45.5339698749,-39.7450374886,-15.3507909137,-38.7884394438,-26.6811199193,-47.3819920631,-36.6502716938,-20.5419125785,9984.1313317695,-47.1941541241,-12.3316793227,-17.4474747727,-59.3390331806,-41.549884053,-4.4119387984,-18.6630613454,-16.7345015623,-40.6518214896,-40.2980959377,-55.8195523622,-18.1288708932,-41.9266263745,-49.0304224153,-52.3092475626,-42.5750087751,9982.4529182387,9934.8522438473,-17.7475252177,-32.7560932102,9931.9687988507,-14.0566174172,9988.4476684971,-29.2295692603,-59.1873680132,-56.668880752,-15.0318743898,-117.0084203016,-44.0628607159,-16.1664668683,-140.3736695828,9978.6518291619,-26.3780466051,-31.4044909554,-38.6627813081,-86.4483052944,-109.7006208774,-17.4353238364,-71.8559015956,-11.7557249419,-16.7470130946,-23.762156211,9973.2796192259,-23.5056151328,9948.4756530529,-44.7134469722,-17.6935585652,-27.7253389699,9988.7395345626,-5.9113010421,-14.3981440811,-21.8865023909,-64.1302001116,-49.9446772761,-53.2334149789,9969.6661686093,-32.4889471554,-15.2012720601,-20.6759334739,-23.7820388638,9994.080925044,-40.8536306077,-59.6452060864,9961.8939502339,-40.3803808892,-38.4629995838,9969.7158637331,-51.9138060338,9967.224802871,-41.1431432084,-72.5281485502,-23.3444497937,-20.3367890456,-35.326573436,-47.4333770013,-10.310425254,-6.7351843931,-55.3812075748,-6.1806164275,-18.8787956092,-40.1250251746,-10.055654549,-99.7810990124,-51.2325556862,-34.9378739026,-36.5383066179,-37.9920189351,-53.3555592212,-136.0255524504,9993.6979221611,-74.6209118861,-48.3328090625,-53.2127612643,-11.5773468953,-15.4242297534,-51.5858573459,-54.4601589308,-67.48699073,-62.3818194373,-43.2209341356,9909.8980740718,9982.1598342025,-12.5254133908,-33.3918029611,-12.2598439847,-58.5178140207,-28.8285231482,-16.4578994512,9979.5763053865,9928.7967254809,-38.8311624044,-34.5478413147,-6.3079106719,9978.0189754085,-20.5152112076,9983.9579982315,-15.7628869934,-14.8934764721,-18.1788920878,9985.3026321594,-32.1594314091,-89.7487681233,-12.8542194534,-18.9080134802,-35.9839803283,-44.573627769,-7.5093438494,-7.0623620193,9945.093545906,-23.9901891019,-19.7751817845,-17.4467650889,-13.6167707856,-79.771667891,-54.4577977938,9933.260929609,9986.7463187554,-16.9293155005,9968.3275247958,-31.8042193575,-42.2825385195,-5.8065747402,9969.4487944008,-40.9064579301,9980.2585569636,-35.9682809734,9934.518393276,-28.4815702807,-29.5326099674,-27.4804443771,-15.9515669625,-29.9994648601,9982.0324632355,-18.3083729254,-4.4054902668,-65.6672714962,-25.316465238,-34.1332133904,9922.2268839705,-10.3072144146,9977.1521274208,-45.6363868275,9981.8306656258,9977.2477985419,-10.1602101431,-7.7345149887,-37.5656620486,-50.0487303374,-63.4337395154,9988.832435999,9972.4053847733,9981.7679506827,9976.9832476278,9973.0898478783,-62.5945557668,-41.4313074101,9982.7329345039,-11.0387468136,-22.51324711,9983.5693754208,-53.1812954222,9954.6223005645,-9.7004405793,-27.1143223767,-64.0918234844,9953.4813899827,-71.7430024225,-62.1690255659,-42.9154900942,-33.6176607673,-27.1239836658,-33.150217029,-51.6425706663,-15.5839488721,-44.8584123416,-11.31425371,9967.7055522203,-9.9014076673,9979.3420618039,-55.0638178299,-28.3035950276,-17.3105729449,-19.5599001839,-20.3814761038,9994.1022002114,-10.530024417,-37.4423976569,-24.3786661398,9959.7511139157,9961.5903225992,-50.8466162472,9992.1883097827,-19.8107944813,-36.3501675429,9989.8695946555,-5.332883867,9909.4821054206,9990.5228757919,9955.8314865572,-29.9956268138,-35.5747440823,9979.4950485174,-71.9053799781,-42.2295385713,-9.5903245173,-65.8755349001,-33.2050314658,-23.0670094887,9986.8254197204,-16.8833740283,