{"seed":{"0":1277478588},"gamma":{"0":0.25},"cost":{"0":63424.2360000001},"time":{"0":54.6706075668},"rewards":{"0":[-13.0271578701,-88.074704762,-12.1864684411,-4.855374128,-21.5805692431,-42.9718428185,-33.6436754712,-14.4062785911,-50.3658055198,-17.0148170455,-29.1633845393,-37.0185534344,-17.7118204539,-9.8140647807,-28.8177513,-18.0970828163,-34.3848518967,-13.4246747443,-18.7521228175,-30.5269344156,-23.4217170894,-20.7607541061,-3.8480298604,-14.353280561,-17.4253518209,-55.7162051485,-8.7771458822,-11.6404876486,-29.7107808631,-19.1271964232,-56.2219449554,-17.7178527656,-28.3362155444,-26.6249513291,-5.9694030409,-29.3374104983,-27.7484401343,-57.9091528103,-39.7199683903,-32.8635489173,-30.9318070658,-13.5715773584,-21.267598718,-80.2011301234,-16.8276945445,-36.416981389,-56.5795622594,-7.0848973548,-2.9047297544,-17.8646997558,-34.1130008305,-76.9150451033,-30.9208491654,-9.8510508114,-30.7293362155,-30.7945043626,-13.0530459818,-55.3453953993,9993.4386670221,-70.4430689793,-7.5096986913,-19.9710295593,-93.6344898621,-5.2702571549,-13.1099089111,9990.3761381313,-30.2954451731,-43.4652552272,-65.6579592948,-6.2029906456,-8.9638694259,-61.3080852158,-10.767212228,-32.301870688,-44.4723789174,-14.6839471458,-19.3638740292,-40.163766234,-5.7676361202,-16.5572858625,-46.1488667118,-38.7680676846,-70.3966978608,-14.7378389939,-44.4440778811,-25.3090173949,-4.0241254107,-34.2635995542,-25.9331650552,-38.4031674911,-40.9811550199,-18.8544131779,-34.1448694661,-44.8466373459,-13.4336589567,-13.9309228382,-13.8415525578,-28.4459057962,-12.3377020441,-7.5568542981,-40.2471118749,-14.0005965179,-10.4614919854,-17.4462548839,-4.1743117506,-4.5878137713,-5.1319954197,-6.116094668,-22.8986744259,-28.629343696,-6.418686548,-9.7119834893,-6.7269098644,9996.402864437,-14.8430965995,-6.7846244143,-33.2644032231,-15.7468692398,-10.2006371809,-11.6482538903,-20.4037218116,-60.5488866597,-28.3135919779,-16.0097955535,-38.7751434232,-54.6514570574,-7.0901873757,-62.8463227833,-13.7695925456,-19.6523067598,-13.8218540392,-39.9396461939,-6.9649665586,-4.8448593004,-32.6601593144,-7.6177317357,-3.9961101659,-17.773131374,-33.779382345,-14.0915702999,-16.1597114464,9920.6357615386,-15.1945358189,-12.8344595567,-9.8529899743,-13.9797087995,-32.7409922913,-45.1098667137,-11.9407279821,-25.3063532038,-31.7470955714,-24.3323372187,-7.9360114624,-16.1143281309,-26.5029586139,-13.8880943841,-7.1706290675,-20.8907892642,-7.7145325965,-57.5004996557,-13.6485013206,-37.103623415,-15.7281259171,-56.7339587501,-7.2976816359,-7.3860372603,-22.9458281146,-5.8404439168,-34.5515182437,-5.8138614659,-93.8480452049,-126.6309222628,-24.009329464,-5.1089153539,-39.1695453613,-23.3381240182,-32.0453698891,-23.8446598217,-28.2745555366,-6.4005493336,-21.2500330866,-120.3420809845,-40.2683429269,-6.3945457928,-62.4295696439,-7.4165076272,-23.1997184282,9981.024491761,-11.2362709764,-31.4428426478,-22.8526619853,-39.0518778807,-59.2468280014,-64.4109912747,9983.4977721685,-3.8825761136,-35.5899831019,-24.0201300831,-85.6917555849,-12.7931617177,-34.4243122302,-29.5075082621,9962.8730932045,-7.5482920598,-44.8271785852,-19.3162178077,9972.4678561222,-26.3416973717,-12.7142909205,-34.8655705569,-64.2285776212,-10.9829004582,-44.6422465134,-34.4557742362,-6.3074560907,-8.5138877434,-3.4348443203,-87.0635013494,-12.6536896841,-15.6646437484,-4.6977955689,-31.9003086165,-50.9389173295,-27.377862471,-5.57186315,-48.3104789598,-12.1130698808,-7.8752778795,-41.9665412892,-44.5165922138,-11.2599859214,-43.8154400327,-25.9117095897,9968.9996183052,-16.7118146997,-89.7535863004,-23.2185269651,-17.4205950219,-15.3079643777,-30.8470247948,-31.7721128819,-29.4463028355,-21.0397173541,-16.605448453,-70.0531169501,-21.8203176698,-11.6015547828,-11.4552525227,-21.4094395608,-68.6051358085,-5.2783533036,-16.8183228831,9917.6346778324,-29.8125015584,-7.9476023239,-4.522010745,-20.3730634745,-18.6424536644,-6.2178748233,-15.5133468493,-20.2692482531,-13.6315705685,-11.0076741746,-48.7744164769,-8.0407991422,-15.0329600141,-57.6962419369,-13.3077246197,-10.7868743035,-22.6445481904,-28.6404531235,-21.3455028109,-48.8320140249,-23.8472338638,-40.9059247083,-6.1324289022,-31.1372374889,-13.9251015135,-11.4046865979,-41.401159278,-38.7980125019,9951.1752151588,-9.1195548557,-20.795292687,-24.9254352567,-5.8054507547,-22.279293155,-55.629583454,-18.6766469937,-14.2697872291,-6.1982146659,-45.1413900978,9970.51809214,9982.620461141,-85.0552018858,-9.9901718394,-16.464980944,-5.4174820038,-9.7261368846,-23.2255892773,-6.1013581812,-21.5124280966,-53.1497451852,-36.6875358438,-28.7183687248,9993.0997738602,-45.7568700262,-14.9646040444,-23.4624107381,-12.1311418811,-47.6330263791,-64.5394977357,-36.9735498956,-13.4328456975,-55.0722093605,-3.634487944,-55.6784231211,-15.3170003779,-18.6324720586,-14.8851367292,-24.8373750141,-14.6939575226,-30.8235265911,-108.5508239044,9949.8779861861,-20.9800195259,-18.978346974,-17.4311424565,-10.0750365871,-38.3218243092,-25.3963602815,-18.8102804402,-37.1830715495,9967.0458935206,-112.7131477542,-22.4634906082,-19.9109711351,-23.79980781,-21.622645816,-3.5261863706,-11.7103780696,-7.9066459004,-11.0606357615,-103.1115833811,-11.8927111645,-35.2938071463,-6.6868415046,-14.8249708934,-38.8215471489,-6.4291783589,9960.624857344,-19.802051945,9980.1227618589,-19.1508020385,-9.2506526213,-23.1266286762,-11.4898467275,-35.0214593016,-48.6627371926,-18.214815511,-54.6440149686,-27.5067985783,-45.9309036576,-64.535379652,9922.8897803625,-39.332047591,-40.2601182678,-65.4077324838,-85.4471141766,-18.0841684904,-12.5055153934,-9.620881197,-10.1142034567,-32.9160770218,-16.6443928272,9981.0649993574,-9.7560184057,-19.2226143598,-13.7014207101,-17.4409763714,-33.2388258379,-7.4494964123,-57.7626817606,-20.3115473215,-31.2023174051,-12.0783375755,-31.6219035252,9960.6442834976,-10.5476073109,-34.1822448639,-49.0582247549,-15.1621473879,-36.1134841827,-33.595071726,-51.1268569258,-48.9389134934,-20.6873843168,-18.8370988129,9976.3938399452,-9.3699888177,-21.4702652107,9964.1484389835,-10.2493483377,-12.7226920414,9947.6763247589,-10.7942684407,9987.7597413682,9923.2126212456,9975.3599400797,-69.2742428921,-66.2251366141,-19.7149085371,9976.6084674859,-39.2247741,-12.8908468061,-27.3075078784,9978.6826313538,-12.6980832785,-37.1924623916,-45.1210777986,-28.0402294772,9958.9989182118,-69.4519649608,9938.1339748619,-18.8573497341,9974.895360011,-18.4810428131,-13.1771830926,-91.5020436973,9978.2920214286,9980.7389533891,-5.8252240778,9985.6436025848,9960.6976440418,-8.3861849513,-31.2849840513,-40.1075938077,-12.6310085757,9958.602187744,-29.40379278,9991.5193312094,-28.4877004137,9955.8736091637,-49.7374055114,9994.2045557859,-53.599646309,-22.3719203083,9971.0556698935,-8.5144669987,9977.6702598401,-30.2974994198,-9.2135169816,-24.575603375,-40.1315791997,-59.7205323012,-44.1877554622,-34.4016733192,-12.674771127,-40.0151296899,-26.6200372488,-20.3338601616,-44.3309638848,-30.163407556,9985.5983784686,-27.0568092236,9911.429093964,9959.0094675646,-12.9222934676,-63.879746969,-30.4442581791,9982.1512470294,9979.1221538326,-16.1685575582,-40.177401752,-23.993869867,9961.1315945443,-8.377534482,-17.416770402,-44.233836953,-18.1983450943,-43.0302747243,-14.739935438,-23.3220870839,-39.7036226477,-82.6322936786,-23.5258852346,9988.783899386,-17.0739106834,-53.446348869,-8.8567934955,-38.293170349,-18.5093745385,9966.8890994497,9987.0639904557,9962.5875931939,-4.7415734647,-19.5456950009,9969.1582652261,-34.7958508437,-53.271576783,9985.6363235314,-21.2551907611,-23.9698135066,-36.2100241868,-28.9461369229,-119.7056423693,-30.9932177252,-115.4828707282,9968.4530064696,-19.2984833867,-11.5632625504,9968.2530214305,9984.7134047748,9957.1561745362,-31.6922178384,9988.768915469,-20.3233530063,9979.9686760946,9922.2351795979,9914.9723837126,-47.5750106932,9930.7495046599,-9.1695530335,-30.1804035223,-48.4475054617,-13.0610807524,9989.9019217085,9957.9327910327,9962.2165897203,-13.4093666744,