{"seed":{"0":762772169},"gamma":{"0":0.5},"cost":{"0":63424.2360000001},"time":{"0":46.2245173454},"rewards":{"0":[-37.8297334466,-6.2938531799,-16.4075924651,-6.5178734807,-10.7334907425,-70.892429209,-14.4197510736,-18.8703081754,-14.6166192585,-26.8816094093,-87.2086681154,-36.1778851041,-67.4754957716,-50.5804368966,-22.8841009746,-81.3363172018,-4.0657147954,-9.9414798632,-6.1171169962,-41.2388757075,-5.9434804041,-45.3835015795,-7.9000746127,-20.1320299448,-38.5151248947,-58.2720025932,-26.6639417369,-37.8713055687,-13.5492376654,-3.9820334932,-15.1650570912,-53.6046678009,-70.355524696,-24.8536190993,-16.5139702201,-20.3168315882,-80.2154791612,-9.0979958148,-95.3928617325,-16.9034906849,-43.8779324803,-14.5899178877,-10.3555630573,-7.6462591036,-13.549703755,-30.2846848333,-27.2649134282,-22.0989145675,-8.3352450039,-12.7927013823,-22.8434476052,-18.4620827491,-22.9320429877,-84.1493040304,-25.7533158534,-17.7810759956,-5.4603258024,-16.8835715889,-79.6222411045,-34.794755629,-27.1802519953,-8.2329028558,-69.4271164399,-30.2726278821,-35.6568640802,-17.9960698866,-16.3672843473,-8.7323552485,-62.2694381415,-50.1226237583,-101.4302141135,-8.6910363109,-68.252438339,-27.8307346761,-47.9668079001,-15.2699368381,-15.3896297944,-46.571414323,-12.498564329,-15.8233347847,-29.2834745348,-45.9651315121,-17.5382241411,-13.2860063795,-13.6893906118,-36.2514064205,-33.0226772723,-66.7463551986,-54.3424147277,-54.4744638531,-10.7788376148,-37.3462451017,-13.8414298017,-8.1046342348,-19.4520992253,-17.0443398886,-42.621268646,-29.5923998627,-70.0021348054,-18.1120724875,9950.4887419226,-93.8042826536,-17.8946484093,-72.4847197421,-13.1333956065,-16.0388350446,-60.3274288926,-5.7223026744,-56.9819625249,-29.1035620369,-7.860698674,-43.2998643929,-86.6954190874,-12.975895688,-13.6427854895,-29.8686605583,-122.95454188,-8.4695804618,-37.4765123456,-11.3491375425,-13.0297204038,-16.3809486362,-5.3354674994,-4.7726384315,-40.9760683138,-39.432651973,-34.8640955656,-31.0758345018,-4.7304985624,-35.1074020013,9985.6695271396,-38.8911402699,-98.2327321481,-3.9041255642,-7.2187437064,-15.3442637415,-47.0044288101,-73.8065056899,-28.8846936564,-3.5937501798,-25.6575373207,-16.8028057442,-22.550720329,-19.518450818,-16.8979647421,-28.959688046,-3.1349799275,-11.2932029561,-40.7855834463,-28.9383668451,-3.2313645684,-48.5000738455,-79.0503722003,-82.3538885873,-11.4242988037,-36.4442485888,-35.8722358298,-14.4914809181,-55.8653346351,-60.5971144643,-10.5350957785,-7.9602884001,-22.5588356583,-23.4471391114,-7.9550578392,-5.7226728607,9957.2792221866,-40.378432136,-6.1885763936,-27.9125995715,-27.3757660269,-11.3156270439,-65.3315930098,-7.3680132116,-43.1028696158,-34.9596803738,-8.7749688794,-7.5989078543,-50.8417002488,-21.3331523959,-55.431336181,-50.9374327479,-21.5774159456,-42.4163867891,-6.4811214537,-14.1241562915,-29.84221429,-90.0474720874,9969.72007772,9974.8121812417,-57.2881200862,-28.4904106384,-19.3805093995,-53.5849059861,-12.2539977252,-77.5022815373,-7.6051875963,-95.4662813915,-25.750732221,-8.6734745156,-76.6974349728,-22.2560788248,-41.0340053591,-24.4212509998,-58.2022023212,-5.3140983468,-39.9964496633,-8.334410646,-17.2826938827,-38.9454886172,-69.3579548833,-12.0207476998,-10.7305311695,-23.5157962172,-16.3955930558,-24.0454216768,-16.9629621815,-55.7851096845,-6.4580222073,-70.6977591257,-83.7292230498,-23.8058554662,-18.6034632566,-95.4718169246,-22.2502996975,-31.2746687024,-18.8048139574,-12.9418423773,-23.9603382698,-68.4672500139,-29.5252388469,-30.8119165489,-52.6434644842,-46.1173989516,-41.3218223911,-60.8883878479,-51.9353113689,-15.4981174201,-23.8390629106,-59.193523081,-19.1174488213,-5.1823350129,-30.430526758,-10.2630107086,-19.9825130093,-12.3108606546,-41.8066246099,-2.8717428873,-14.0596230237,-25.2678461482,-65.4050951456,-7.85160705,-35.318588535,-8.2461931222,-39.3407402577,-12.2281268761,-56.8660078756,-23.0059114737,-13.5078458413,-49.7822882122,-18.2871342012,-29.2523558623,-44.7798254178,-62.4188534196,-7.0572964119,-37.9810073289,-29.9134646184,-22.5539541851,-34.6562637261,-7.9792599725,-49.950416124,-72.084216442,-32.9457935894,-4.9364756339,-86.5661147117,-15.6554638934,-18.2667873768,-22.3261763967,-22.7525984974,-15.4515698396,-15.6219380504,-12.4273561979,-58.243496324,-25.0928669113,-55.2187437064,-24.052664287,-50.1488552034,-18.954843016,-22.0320412614,-29.1377553663,9944.7823591805,-43.4513799512,-12.5393097654,-24.7626376451,-69.5482441082,-10.5762555168,-42.0519737839,-11.5813594855,-15.5778225752,-58.4862100779,-8.7940516995,9978.6194426489,-14.8028632861,-31.5083368658,-49.597791541,-15.6004634043,-6.6575085498,-15.1293101299,-93.3117468002,9927.5487370507,-33.0887085482,-14.9305507338,-22.8978132151,-23.7738736648,-32.5622862557,-23.2004798996,-26.5026440514,-14.6769807369,-56.3189568033,-32.7121944764,-21.7620200284,-12.8507822825,-37.8543786527,-35.0797396803,-56.0716147607,-23.0399110785,-59.0587445503,-135.9750325591,-71.9899167368,-15.2154561444,-109.0797396803,-26.041451284,-69.7942396698,-111.5829821678,9934.7577158925,-10.9347934916,-67.6882263469,-61.2342282381,-2.6107020307,-16.2833939761,-56.8749441364,-51.2403219279,-40.2255413257,-11.9745818141,-22.9061433676,-39.6453652857,-89.7390608007,-73.1259132383,-19.3185693543,-45.9192207289,-15.0305796965,-13.1683849325,-80.8708509875,9954.3001271677,9977.4717267756,-47.66277939,-13.9258706573,-43.4256510389,-65.972036543,-24.786977879,-25.0641669176,-54.6842904793,-40.4451941944,-24.6904397929,-12.7779015995,-29.0640441615,9982.0273554307,9968.8895923922,-46.4695190838,-20.8853860775,-60.5988177053,9957.4065164311,-57.5010328775,-18.1431451265,-11.6906891413,-52.9344923556,-21.0001898883,-36.0636797293,-74.0852982302,9935.9385317986,9971.6000375941,-43.9924773525,-32.8626435911,-28.8177954154,-26.2981496435,-40.0235595818,-20.4642175545,-18.0207745527,9981.9321887605,-9.6621771179,-45.5631244498,9969.8910769738,-35.4243774443,9932.6324758947,-31.8431618136,-4.1720407627,-18.8821349588,-66.1412136359,-24.0880813413,-32.5612581734,-27.3162465787,-22.0328295858,9992.5994909458,-55.5799228555,9991.2948927706,-21.4654911491,-27.0987170069,9935.8992325825,-38.4481480132,9940.5232728312,-24.0327720438,-52.9832994156,9988.1494670659,9974.9412305149,-69.2106820828,-17.0692229347,-41.7290369975,9990.684791094,-11.1000980131,9964.1062741796,-19.0944301336,9967.778037782,9976.8837269521,9946.9527638345,-68.5938710179,-126.5928755426,-5.4825293128,9976.9793788925,-27.7636254481,-39.7143714792,-27.4667340547,-20.0524590541,9931.4791458477,-47.1637834966,9992.4708195313,9961.878222108,9921.9035290462,-31.4358704846,-14.2165168339,-9.3569095383,9964.5251621244,9971.0506790906,-48.786889648,-34.550988858,9976.3431877075,9984.6497135371,9882.8217255289,-46.6016756208,-72.0305681881,9967.192834496,-51.8145980025,-88.9375363233,-47.7025485318,-44.9554376159,9994.146568871,-95.6286033232,-62.4365226264,9984.4993929327,-86.1771255507,-20.3234431553,9970.166188749,9968.8483655216,9985.185329111,-22.8751436151,-23.0076204688,-35.0104400231,-27.1795116225,-57.8508609231,9993.1879223337,-27.6659115888,-34.1727312658,-18.7900870609,-53.1135398065,-61.3624987772,9963.5928851329,-48.4546790216,-18.4919604342,9923.2741009554,9941.8836521476,9991.5449066766,-13.7390070949,-62.5943064184,9924.0193149059,9971.2455007011,9980.2268820525,9968.4280773901,9977.9154594051,9985.5937022282,9987.6926321402,-9.5700659239,9974.2009191363,9972.0156897646,-43.1295613963,-45.4064090195,9949.9491118404,-27.8749115293,9983.50971979,9966.3169236553,-30.9564791247,-36.2865261749,9967.8233021776,-51.5991802194,9970.5010041066,-38.4722906865,-43.4845797234,9980.4919661884,9991.5865862103,-22.9765785188,9990.6229181811,9977.1365258872,9946.6927299615,9959.1333879342,-107.1273824754,-28.2665073395,-32.3720814257,9990.5577692147,9901.4264029201,9979.0895179713,9980.4529009761,-109.4716385446,9968.8631902394,9975.6491246914,-131.0631484256,-27.0234866953,9975.5325773603,9921.9652926295,