{"seed":{"0":762772169},"gamma":{"0":0.1},"cost":{"0":63424.2360000001},"time":{"0":57.5712018013},"rewards":{"0":[-37.8297334466,-6.2938531799,-16.4075924651,-6.5178734807,-10.7334907425,-70.7500973418,-14.4197510736,-18.8703081754,-7.259285828,-8.1710069261,-31.954961936,-11.715951964,-31.5677527385,-52.4359798143,-32.6416826026,-22.485943467,-50.4605674785,-20.6889724739,-29.2792394492,-18.3974420697,-9.581163843,-27.7930754049,-91.0903676737,-34.9047220821,-26.3555323683,-14.989502435,-22.165889531,-45.8645712455,-36.5320671553,-40.9517242438,-21.5823587969,-10.5083752271,-21.9716395037,-76.7532276224,-24.004187134,-18.4152014255,-11.3898657163,-24.002213446,-8.5904894708,-5.9772249064,-20.830132404,-3.1071392265,-11.0152850531,-87.3775229736,-6.8487759874,-20.0972362614,-10.3642077724,-20.2519166256,-54.7972299318,-21.1984812768,-14.0118152751,-54.5078285788,-8.6027785077,-13.8994972754,-17.6503503344,-22.4653434582,-7.798791236,-24.0861728674,-16.9498675577,-31.948620816,-49.6147453099,-63.1241716361,-11.0354650059,-21.5931076283,-48.6517255864,-17.2536486375,-75.3399174082,-27.6334368449,-10.2240529079,-30.9430910371,-68.5951944821,-2.8539547605,-60.6127908025,-21.5545046695,-13.0655709406,-9.7496197438,-15.2770566922,-11.8486839203,-8.7835675609,-5.4667513172,-16.4002251807,-5.6327751127,-40.8659273169,-13.969615946,-59.7360647845,-7.74436233,-36.8073879994,-17.5528052647,-8.6233286469,-34.0675503827,-33.3551142303,-16.4762303902,-20.7013612501,-19.9822540706,-22.82223957,-33.2604347484,-37.7893236714,-12.8005443466,-15.411357625,-92.9169823481,-36.9101578759,-51.3386112065,-15.8233578014,-3.784405755,-57.5739365773,-145.1831827973,-21.5509581689,-48.3085455511,-64.8030013868,-26.2570071678,-5.61744019,-24.0058002259,-27.8575799018,-35.8147898089,-9.0780268491,-14.3051141344,-13.580626785,-15.0850488819,-39.999014115,-63.8366787569,-21.2221003186,-15.6069234443,-21.3740225066,-18.6648585715,-16.1297397762,-24.2811977927,-37.7059511776,-19.7746217098,-107.5266236892,-22.4002577878,-84.2229845462,-8.7825011173,-39.9519448211,-12.5156350998,-35.8639977444,-17.4448546971,-20.8005846259,-25.1073904929,-20.1860637296,-14.5091117637,9938.6273450732,-22.4512687035,-6.7745775943,-20.9682272676,-34.382229903,-8.282972002,-23.3455239096,-64.4193962318,-39.0624272334,-43.6663412351,-7.3670771963,-22.1557410537,-39.3645472697,-11.5059699746,-33.6815131224,-24.1762317328,-11.0302900688,-37.2503649117,-11.3299262121,-32.5054597696,-38.2062571088,-20.8110956174,-21.5949412976,-22.0719178148,-18.4576155777,-21.1538709411,-47.2638067052,-7.4291879492,-24.4448086635,-8.888092466,-23.088372887,-37.079160425,-14.244363289,-53.3629456862,-66.1023344759,-3.9903694,-6.5745062423,-10.0769412248,-53.2162617314,-77.0393529219,-7.1985119658,-33.9923680228,-21.8213956218,-61.7276694178,-28.6381111672,-16.6186217175,-39.9657452926,-10.18553818,-18.5358150526,-31.1388294822,-11.1820607297,-17.9768892452,-26.1354882145,-17.1526491343,-27.6937292729,-7.6448531626,-4.0898095171,-34.0786022683,-43.3592227237,-25.5166651002,-12.3372397906,-15.0118056848,-13.6866170911,-4.9531014138,-23.5257970036,-50.6288123922,-23.0792870172,-79.1046687599,-4.1527277749,-13.1117809417,-31.7771938338,-67.2563531079,9995.8587959544,-44.7628658947,-20.7581110137,-25.4633141463,-33.841107567,-17.8488066764,-40.6669876227,-6.9376974407,-43.6437732925,-25.8738719385,-30.0137659463,-16.4148696004,-17.8303702439,-24.8978381499,-5.2435768827,-88.5173229962,-28.2779102308,-13.7277327139,-12.7483001157,-16.549853364,-27.6773087258,-101.4759887141,-91.5719743977,-73.4308547469,-42.2279293155,-37.8475848695,-101.7139456689,-26.7675498073,-13.0520428342,-14.9815367146,-3.6613772851,-10.8591699769,-18.5777784598,-18.1203335897,-43.4119100274,-7.5122362902,-5.4583923937,-4.0844581181,-38.7062849208,-49.3762973306,-22.4816489214,-13.6913662179,-17.0224854659,-35.4034513646,-33.6758797681,-36.1958918902,-34.6940860328,-7.1908780706,-17.0452068536,-42.6100690695,-9.3499757365,-57.6629309171,-12.8569718754,-11.7126222047,-30.1371511761,-10.6900427536,-33.8656683782,-22.7651272923,-21.0267512405,-15.8389286461,-26.6083236311,-23.3529180469,-18.7024296118,-42.9450071832,-5.1497221684,9922.3366643714,-9.2171593854,-5.6134717153,-17.3515005975,-29.0744036259,-63.3860832939,-6.2577782296,-29.4756971684,-61.6860723609,-13.7960599127,-35.8874019629,-43.5474442754,-6.113583922,-21.6051645795,-5.2202704854,-16.2152873548,-12.2781308081,-23.9362665649,-50.8080669941,-58.31425371,-80.5647126069,-14.5814285358,-14.8183669986,-26.2615376353,-30.4960670095,-16.4549955021,-35.5266351976,-16.823375064,-6.1869748101,-31.0326761406,-25.1191501441,-24.0556008432,-39.5884582409,-45.3767365673,-88.900293272,-33.3949217334,-17.9694797635,-27.5751085145,-75.8355988868,-11.6277363582,-35.4039366348,-136.5988292137,-39.4203245748,-54.8338572845,-41.4123895435,9983.9614737638,-37.1501940122,-12.0720559154,-25.1129068454,-20.9164395359,9968.3936519749,-50.265266352,9952.9291332844,-11.9636430943,-83.7421872453,-5.2040398267,-18.376997424,-8.2131602217,-21.4215348733,-4.2837603264,-40.1455810679,-6.2742735812,-10.8426516086,-4.3962586241,-24.0811302768,-36.9090645793,-24.3836876317,-48.4629919115,-4.4419756828,9947.2269702834,-51.8540736805,-13.284585094,-43.6163468934,-3.1269067955,-31.6952656423,9966.4714946898,-60.9463153029,-15.945841541,-8.2084015045,-4.0898095171,-56.3239744591,9976.1847652002,-13.9349987245,-36.0621644587,-25.2236136712,-57.2224532424,-48.8973260268,-19.5514894727,-22.8594864575,-5.0149724086,-30.4440203392,-32.8023454088,-8.0424026439,-13.3860487687,-33.4264796426,-32.5235624589,-4.6822017075,-18.2413250754,-15.5816759661,-59.0672185577,-26.3508369473,-29.0967414008,-18.7790255851,-20.8467159865,-8.0831672609,-19.689185379,-35.1729825322,-4.9292579585,-33.3327227496,-87.1036042343,-21.7740827338,-5.3038136869,-55.1363436711,-14.9666506189,-8.5660283989,-3.5762535988,-3.8356027229,-45.4471352753,-26.7117590758,-14.5785245867,-14.9729015899,-46.3154218111,-5.8165103125,-4.1434481806,-9.8495297866,-9.3491739857,-18.8546893791,-11.2185461457,-34.5226053449,-11.3075961094,-24.1090016668,-32.6083293853,-7.1138639594,-12.9587750475,-6.2165858842,-35.7238543882,-49.0068896864,-25.9474565511,-40.8136389705,-14.111040569,-55.4447568758,-7.732817502,-17.4375679714,-26.1724550646,-79.141904139,-13.5350919424,-12.7585579227,-8.3994100035,-6.8519120222,-31.6584886805,-20.9957150447,-45.2955046331,-13.7372252133,-91.7782353426,-47.3231535276,-29.7011349185,-3.3375140738,-12.0179895235,-7.9061778928,-31.8423754073,-18.1269432387,-13.0322253956,-31.5863790593,-9.0025510253,-9.0164358916,-37.4177562869,-8.8249747295,-6.0053801699,-26.075991783,9930.338567091,-17.7504962991,-31.5238827756,-17.6202290552,-35.0342566255,-21.577306616,-27.4093916092,-34.7544992989,9945.5081604039,-2.6107020307,-36.2491104978,-24.3997130576,-40.3429076701,-43.9343523369,9959.0101906748,-8.8158524165,-50.3007754733,-8.2995632568,-9.2008155609,-8.9589016398,-62.9870358045,-27.0256617801,-41.2676946212,9896.5557072957,-18.3940624407,-45.8827103781,-13.4791132406,-15.1682410776,-37.2700538401,-69.3425163851,-11.3120268376,-52.7966641029,-8.0064734665,-11.1101179801,-23.5253846198,-50.0589037496,-30.5826714414,-34.2269702834,-36.217416406,-21.7836653822,-9.1914208827,-22.5430442363,-37.4868008416,9990.2210588098,-10.6805291555,-44.0800964403,-38.2222154024,-34.3818558805,-35.5799573806,-39.0672396564,9989.1951208284,-59.9630695931,-33.7624611832,-16.1560575343,-46.6314612388,-29.6078153441,-66.828101174,-22.7064076769,-149.0295918935,-25.6924422519,-21.9222282535,-13.8412725205,-10.4835957565,-19.4125640873,-21.5011863227,-5.2828952795,-9.346730372,-40.9760663957,-7.3731171803,-43.3844586935,-27.1891940103,-32.6504328112,-20.5594053234,-48.2319323154,-21.8038510892,-17.0175924843,-28.8789222014,-32.4382412119,-9.6506783234,-20.1989396941,9983.7373383791,-34.4420754221,-11.6177029648,-8.0334069231,-94.6331683159,-10.3732744616,-40.5868528212,-44.1155019862,