{"seed":{"0":358485174},"gamma":{"0":0.5},"cost":{"0":63424.2360000001},"time":{"0":42.6179673672},"rewards":{"0":[-5.4433624432,-12.0281667718,-67.8993131412,-36.4821246013,-5.2386723927,-18.7787052683,-13.5730216607,-11.1264502962,-11.239727328,-49.6301454468,-57.2402854847,-7.3310195086,-19.3773177408,-16.25414158,-15.1601909625,-28.8686970015,-29.0055508776,-19.6133527953,-9.9555776346,-8.5846221126,-54.8484997861,-52.659160003,-8.3146641757,-19.039774896,-53.696782831,-25.3241259861,-19.1729614335,-22.3679058,-7.780489068,-6.9367058016,-22.3477239292,-10.4485699873,-3.6733076441,-18.2757198015,-8.4370443399,-32.1639868114,-35.0818744857,-57.2082883387,-35.2029503663,-36.2849648707,9982.233328666,-5.4556955955,-8.5984762899,-21.5905374224,-65.0215475325,-31.9384857651,-13.9263885346,-48.8762560923,-24.0596863198,-15.7543190009,-26.0605225958,-8.6390989702,-29.4710132557,-5.122525937,-31.5905086514,-17.0581748853,-21.5144957697,-17.0732853945,-28.121449903,-28.0648881097,-9.5467173291,-15.7912647523,-25.8909599719,-15.0599337501,-32.6958372254,-12.9005848178,-14.8162417835,-36.880136336,-3.95298633,-22.0898402061,-28.8616346893,-52.9716107327,-32.9544306323,-38.4242968856,-48.4921273058,-6.4377636139,-61.1691118788,-8.1012085722,-3.4652533091,-35.0489278981,-44.7272819689,-9.1868060204,-40.6976862392,-30.5247478225,-19.2141537789,-20.4733072604,-30.5711381217,-11.8484729332,-15.0838155666,-30.5906716869,-13.9428953945,-32.5217997579,-18.4772891616,-20.6786130095,-3.3360410005,-6.488425442,-39.4037467465,-12.7871927021,-14.2244019956,-15.1994038657,-8.3647774374,-12.5423748319,-12.4237943528,-21.4388914357,-9.8426669531,-19.9485594379,-16.7709620434,-37.0447772073,-31.4435600038,-13.6247748672,-77.8566630671,-21.0310515403,-10.5559815789,-40.9408814272,-38.4908728918,-50.7170970483,-11.84197645,-11.8759568742,-22.7755327903,-10.3387569794,-8.0934634292,-20.8082089309,-33.107361722,-19.4702326036,-25.3335820423,-38.8168996795,-29.8115732154,-9.0664532501,-15.1616659538,-48.5640144315,-11.4931362075,-21.7807077273,-53.4046424824,-39.509420572,-33.8209870742,-12.3412984143,-46.4880418291,-19.7692261954,-32.1466455935,-20.664064493,-8.5471565658,-20.8946906067,-19.8829558903,-29.6077635564,-34.9610345271,-12.4570919462,-10.0076434856,-10.5544816528,-6.7060739337,9981.9056216542,-4.3141654791,-39.0535504326,-23.3438667022,-52.0860270946,-6.4244426585,-34.6969497026,-6.4363193116,-25.3130606741,-13.3158610478,-32.0800082093,-17.9016819504,-22.8240176155,-12.8734691451,-52.7122366738,-12.7121599512,-51.4515871022,-70.5128692513,-17.0022959228,-13.6216158156,-11.9783239572,-30.7901887183,-47.7613889853,-7.5119850238,-27.8210158451,-30.3936040233,-29.6340448712,-17.3554997612,-46.3473786776,-59.551527834,-17.530175944,-30.7126586479,-14.3783534954,-12.2912829739,-45.35498572,-11.6672887588,-11.0464555134,-19.4610585029,-3.193252634,-19.1524707543,-23.6620428534,-27.3183967285,-9.2323542895,-29.2072851912,-8.4028682731,-9.9807311277,-37.8191150436,-14.9656992591,-55.1223724919,-10.763502692,-14.7590949806,-29.1369881406,-11.3345410744,-8.4314742816,-6.4073335264,-2.5822590576,-51.0754106096,-80.3940087349,-17.1215151172,-13.403313264,-31.7463417722,-46.914139777,-53.8299923853,-26.9060397922,-17.5948780015,9902.663226299,-48.1217107598,-51.3811749677,-81.6702425776,-42.2163768152,-36.10257807,-39.6650925754,-31.5998956573,-26.7734881339,-19.0165605658,-20.8385584597,-44.7692300315,-7.4895053121,-46.613701883,-18.903463832,-37.1576322649,-8.8257457913,-13.113075635,-40.6579266878,-43.2084705548,-33.6646092232,-9.024643288,-69.0050962964,-16.1675122133,-110.3108779171,-61.2436420969,-11.4531925219,-14.9224411586,-22.4791017322,-10.5144996058,-7.3965405795,-27.8549674984,-4.5107593808,-50.2023596025,-16.866978416,-8.3992028525,-37.7445445461,-29.8388615139,-18.5085747057,-15.9678685896,-25.6299037707,-33.9899761968,-99.0404193655,-44.3711895258,-62.7708066802,-21.9398686893,-52.0319127511,9983.4157653364,-35.6446709465,9990.810334146,-26.2097096243,-24.757011963,-12.1472325212,-42.0933406731,-114.491626691,-15.8777310836,-14.3008310972,-6.4114861353,-31.9128661824,-29.2866719477,-21.1028542712,-12.619356336,-8.957413222,-81.3425547463,-32.3599515881,-20.0129411787,-5.7713303117,-87.7955132644,9988.476704152,-8.368592467,-13.1997376088,-41.364196264,9963.1758020865,-16.8898935283,-31.8482581101,-30.3395644844,-13.4468629102,-45.1722939472,-54.0706192854,-43.6981427385,-5.5624761441,-18.8585197532,-35.2774709941,-39.7083199868,9996.6959408009,-34.3484604658,-43.5384025211,-39.1218699591,-4.2937726212,-23.0808329769,-7.3583384961,-23.873467227,-12.9109960699,-28.6491860695,-95.2083976684,-71.0068935225,-63.7856946941,9955.5332927982,-19.7889937644,-20.5522355997,-12.3086395363,-8.8430333033,-11.5304636536,-18.312429631,-32.602339271,-130.1282878017,-71.1714173919,-39.1058426152,-37.9344808472,-51.3829971287,9956.717327216,-84.0248466028,-9.0235883527,-24.9862282995,-23.9186050303,-16.4477298752,-37.1343795734,-17.8089071062,-33.3446281737,-9.8526792479,-38.6253311058,-20.3716939767,-42.8287667423,-42.9784160243,-43.2573236484,9993.7787781548,9942.3079989029,-39.2188472818,-15.0645217595,-29.5870024302,9994.4310772424,-35.1666471663,-13.7839473376,9969.421346903,-47.0543425931,-16.7009469483,-10.4923402109,-10.1717760698,9943.8788262982,-14.5602492716,-16.7657046296,-8.4910109924,-89.4706123803,-19.1884056859,-18.5750145293,-33.5149848761,9931.2054496038,-5.894222599,9973.2022598632,9929.7770845042,9950.5386269346,9982.1878858905,-19.4114842172,-15.133948009,-27.408070063,-5.2223937824,-22.0153080699,-34.1589250401,-85.287128447,-26.2874199927,9960.746934454,9975.3265964527,-8.71822487,9936.9879583934,9976.7046852553,-10.9956018789,-13.967490731,-22.1356090525,-59.839224028,-55.9333913867,-30.6552222173,-46.3800318015,-16.1673146527,-5.7861473572,-3.7360743749,-27.7972030789,9984.9080825305,-77.4238384683,-51.1816521821,-11.3733646106,-62.5457832319,-20.1868328733,-51.3478140782,9989.8196540196,9984.0553802658,-27.416561333,-33.7685970703,-19.87469287,-85.486152536,-41.4567140876,9978.6828998828,9950.0799506674,-8.4201979826,-45.8703983244,-41.8989985787,-23.021443957,9978.2384940128,-34.7963898197,-6.025389415,9956.8318797604,-15.050961046,-20.7711557679,9974.1842012893,-33.1614108513,-19.2880740526,-7.2514121747,9904.7403708385,9992.5126985436,-11.3791840172,-13.8869224469,9975.5006780357,-44.8485650003,9972.3061575613,-29.3488766857,9932.6187521458,9947.4015217921,9980.9452546134,9970.0702414267,9955.4348078771,9948.406842502,9899.6573148253,9896.7024487925,-61.4953323909,-3.9717948669,9903.3415381724,-33.8590242041,9975.8853899137,-5.8440422051,-37.6912568882,9972.6370562319,9979.1983431762,-27.5596450814,9975.9694625009,-34.4914041956,9994.6650733947,9977.8210062548,-18.0951781786,9942.3633446435,-82.6174018287,-48.9362262855,9972.5601284336,9921.9445123226,-36.9897210943,-28.8635872786,-35.9248042136,9967.7991690946,-47.7131880336,9969.6244334518,9973.7757476134,-14.5493028796,-45.3831352293,9990.5948108693,-26.9428589513,9990.6767179621,9965.4121171784,-34.8428913666,9986.6668495221,-41.8730548432,-51.8780475642,-23.9354475515,9973.7984555748,-43.3583711032,-13.6655951082,-59.8199820086,-13.8435281639,-49.462798187,9975.4720259936,9993.4422096866,-37.4089178474,-35.5702136148,9966.5318178069,-21.0690886702,9979.7693201805,-13.2224589966,9978.0117174538,9944.0304339236,9976.6814651708,-23.028500515,9992.5678908391,9976.3824523984,9976.7121139177,9964.9965781736,9988.4330451762,9906.089719368,9987.0734023964,-40.0987879753,9975.8897151483,9969.0524149387,-24.969286039,9993.7055483841,-18.2930437568,-106.1815562789,-5.2292048282,-38.9899435897,9966.530594082,9968.9358676075,-53.118129734,9965.3216459292,9959.9922932183,9984.3470698693,9979.5443063225,9977.9392549088,9925.5152706676,9964.7739235345,9926.3906291059,-43.6782792663,9958.7372559024,9976.14971066,-30.2208804298,9967.2948966068,-66.4383850667,9988.9640765768,-68.102250081,-36.857706494,