{"seed":{"0":762772169},"gamma":{"0":0.25},"cost":{"0":63424.2360000001},"time":{"0":62.6639671326},"rewards":{"0":[-37.8297334466,-6.2938531799,-16.4075924651,-6.5178734807,-10.7334907425,-70.7500973418,-14.4197510736,-18.8703081754,-7.259285828,-8.1710069261,-31.954961936,-11.715951964,-31.5677527385,-52.4359798143,-32.6416826026,-22.485943467,-50.4605674785,-20.6889724739,-29.2792394492,-18.3974420697,-9.581163843,-27.7930754049,-91.0903676737,-34.9047220821,-26.3555323683,-14.989502435,-22.165889531,-45.8645712455,-36.5320671553,-40.9517242438,-21.5823587969,-10.5083752271,-21.9716395037,-76.7532276224,-24.004187134,-18.4152014255,-11.3898657163,-24.002213446,-8.5904894708,-5.9772249064,-20.830132404,-3.1071392265,-11.0152850531,-87.3775229736,-6.8487759874,-20.0972362614,-10.3642077724,-20.2519166256,-54.7972299318,-21.1984812768,-14.0118152751,-54.5078285788,-8.6027785077,-13.8994972754,-17.6503503344,-22.4653434582,-7.798791236,-24.0861728674,-16.9498675577,-31.948620816,-49.6147453099,-62.7100865239,-12.3993236906,-63.6705590582,-5.7543535261,-12.9987244873,-20.7415677105,-18.3074829436,-70.0350104247,-14.1114817237,-20.7725808896,-6.4577690229,-36.471141766,-26.1190216338,-9.2910010185,-13.5680577107,-39.5536089336,-13.4476147913,-22.8598796607,-6.8760412691,-20.490429819,-6.6507032582,-33.2392727468,-64.5618259203,-40.446467789,-36.0491503935,-44.4321206693,-70.7171891154,-20.4016042688,-14.1001152757,-27.6293801392,-24.8451182391,-70.5289809901,-6.3038290314,-60.3539058499,-23.4418126473,-30.2225664082,-31.2681434482,-22.748998291,-29.0985367089,-25.8233040956,-20.3760288017,-26.4042627057,-13.4028816996,-66.8662821587,9966.4010480302,-56.3543604311,-20.4826654954,-17.5503156175,-16.1437128735,-31.4420178802,-17.4697147263,-61.6721606417,-17.3314453189,-5.5861316291,-4.9829215569,-26.6098983618,-23.8610055643,-64.2290111037,9956.7431999831,-26.249745377,-8.9187987548,-9.0500538017,-4.4943119808,-7.5524696035,-46.8077562678,-47.2728120163,-16.9066650811,-47.9913130875,-19.5905009792,-28.1678095132,-65.5879135107,-45.852592935,-27.6780356722,-15.177073763,-21.0417255672,-20.4789348606,-16.3092724975,-8.3282574963,-26.9832898252,-49.6338818357,-27.407111031,-67.4491991123,9969.904570555,-4.2795252408,-18.4126312196,-23.7715297904,-5.2489666429,-35.0766170719,-27.9380714632,-25.6726497481,-37.493838219,-32.4424091653,-15.9316248497,-13.6913182663,-105.1900379585,-36.2689068377,-65.6151519395,-19.9741233967,-44.5009350563,-16.7006362219,-7.2977123249,-27.8463285375,-10.781325344,-7.0699633074,-86.6912434618,9956.9275297827,-73.4215578901,-33.2403717976,-15.304653799,-44.3318519485,-64.1247892527,-21.6949012101,-8.3106228146,-5.4554289846,-38.9707360955,-23.0541680493,-16.5014778684,-14.5455607365,-23.8544745559,-4.233416897,-14.4340444876,-36.9091643186,-9.1351870784,-38.3141386262,-14.8348661863,-9.019019524,-26.2984584519,-26.2923858608,-79.1526088549,-11.6827656183,-43.2195550475,-61.2398232312,-13.2799740678,-51.0404960881,-21.7773300164,-23.0751401625,-44.4184698068,-43.163766234,-92.9370069376,-11.8352651436,-31.1787309704,-18.9251628916,-21.4772968339,-16.7844326079,-62.0018183248,-26.058078982,-59.7023471351,-31.9387044244,-28.3687631747,-34.0067477496,-16.3943348058,-56.594083923,-5.0219004563,-8.0889674869,-50.1495687233,-20.0387525678,-13.4390180279,-37.9954810409,-9.2991297743,-18.2760477905,-31.6885600901,-39.8917425421,-87.7431232606,-22.3501521984,-50.2152413212,-83.1952493387,-15.5944924706,-25.2831101026,-57.8643065527,-24.7050707862,-10.5371519433,-5.52419542,-8.4921579948,-4.2574368142,-48.5441758942,-36.0212425603,-40.9114755859,-25.230217566,-42.3027913587,-23.198935858,-40.8763002077,9985.5775866533,-36.7858001876,-5.6659940655,-39.3035988637,-50.5157463475,-34.083140408,-9.8013058181,-13.3384539252,-17.4558183517,-11.4516676609,-6.3154448278,-35.8656357711,-10.4563573277,-39.286740998,-16.2582021218,-23.6647473238,-84.081673089,-15.8604627522,-117.6411954143,-90.7956705456,-6.5670756619,-28.1768838746,-10.4212836069,-35.8099198441,-18.4687058246,-13.7555139549,-21.7410824403,-22.9919057693,-14.3621420173,-53.3400305739,-29.5395898028,-38.3150113453,-26.3507583067,-19.0509399473,-20.990879605,-16.0323366433,-45.3704376447,-31.1713483415,-36.3429901469,-35.0510320144,-6.6082085473,-30.6462840384,-22.1362362595,-22.7532947547,-9.2457462133,-26.7955209366,-51.6106694236,-74.4007833374,-9.6674095968,-49.8061546842,-12.4053790191,-4.1108852058,-29.3849861612,-9.5544643902,-28.058228591,9931.1616851344,-14.194209748,-13.6003675011,-8.4755533136,-39.8253142269,-25.0852291799,-66.6605582717,-38.6147855892,-4.6558206533,-20.9026102935,-18.8021229134,9985.0506579919,-23.4430939142,-35.0639252415,-33.8229511718,-26.5328286267,-36.922870805,9989.4920563374,9919.0273746114,-48.5269248253,-20.1642994558,-14.2148903155,-37.1212504244,-20.9595883067,-66.0055949931,-16.1157762693,9973.0101830025,-38.5277380845,-38.7944909362,-20.7072266902,-24.9982296268,-8.5399676614,-46.7481658512,-23.9338555583,-14.9544152877,-103.2165053255,-25.2345063574,-29.6210864299,-8.6552816773,-54.1367809897,-65.1827723315,-18.6541749543,-10.2545712264,-15.4080777353,-9.2339098395,-27.8686548041,-24.5667323284,-14.2639870032,-31.4208539605,-99.4808490886,-7.16424575,-14.6307611454,-37.9743305477,-41.6134218456,-50.5808454443,-8.6069291985,-41.528620394,-46.3585820903,-28.4919316632,-55.2112824369,-49.3427331263,-37.5558722493,-33.9696677337,-44.465130553,-55.4196494162,-33.2654600765,-12.8593406846,-44.3357532909,-22.6844995483,-39.9274089447,-9.5418550365,-14.6489041141,-52.0402620843,-33.4570094695,9984.9775452232,-37.6122288097,-13.3668834718,-47.6117186046,-10.0484349556,-31.4063227066,-7.8022859488,-8.2835282406,-4.8769197424,-16.1691770929,-13.2661064641,-17.5105829189,9967.4311731456,-9.9298909197,-56.8739524972,-47.1567211844,-21.6796986338,-49.0521425735,-11.9722571203,-7.7741613744,-47.01483239,-15.5887459505,-11.7196461555,-20.8889057252,-22.305879442,-17.6830092125,-18.9180641362,-33.3300623946,-51.2978561797,9983.8327275447,-32.6517697019,-29.902715787,-55.4069652581,-72.261378436,-11.6651079199,-60.1832787005,-19.3863901841,-21.0312663635,-35.1428938601,-11.4398907471,-11.9229494456,-19.7931866526,-8.902865396,9932.2323370269,-28.0024723847,-23.7025926473,-19.8821905827,-60.2869539032,-11.9241808428,-29.6160572657,-42.8364984588,-51.3758331591,9987.3115185506,-7.3223767116,-17.9344597485,-9.0942383271,-54.4861007482,-62.9271883673,-23.546324126,9902.9996624207,-11.9117517872,-3.5786588512,-16.529874808,-37.6819638675,-51.3526782889,-28.5854296176,-14.9495203881,-12.1927366747,-74.1536676263,-26.1335950852,9976.3792607397,-23.5602626981,-107.4570574211,-5.8090106817,-47.0972516059,9988.5625394402,-41.8690192363,9983.1820185323,-17.2118597742,-18.1455657234,-105.9421703663,-25.4907367093,-23.6400944455,9968.7343500352,-16.4348519926,-19.8689636124,-41.5711093508,-44.2142842072,-21.0410830157,-15.1041086852,9961.2097403133,9902.9501418408,-79.6029300348,-12.478198324,-16.6272625964,9989.7807614331,9913.834620674,-35.0870992924,-13.7583833788,9967.0012889391,9959.4435600038,-5.0431506889,-12.2991930704,-3.7969614028,9967.649531321,9967.8715625893,-6.970901049,9976.2481380392,9969.178807693,-19.5466444427,-57.3897640589,-15.0824901843,-56.598570275,9941.9793386131,9905.0916853838,-22.8148550231,-28.9297873442,-38.6920126055,-13.9225063728,9938.5785821286,-77.4125775138,9963.2364589467,-18.3771105898,-9.0822945418,-9.9205211764,-42.914078399,-6.8514823759,-30.6584848444,-6.7843213601,-36.5297654783,9941.0213307913,-35.0685074968,-123.6069771501,9989.6858632919,9979.0824326424,-47.7810376343,-12.9503183027,-66.2179323652,-15.6914218418,9983.1120417985,-45.0667141068,-21.9454982076,-23.8992824522,-22.743077227,-15.3991683274,9968.6671468221,9983.7067510103,9917.1500175503,-9.3211990203,9991.807253735,-22.3175988139,-85.5281255335,9969.5267157563,-86.4071398019,-23.0637928951,9976.9291889082,-34.3526034844,9984.7482713447,-54.7055637286,9970.8002374563,