{"seed":{"0":1822174485},"gamma":{"0":0.99},"cost":{"0":64610.3049999996},"time":{"0":8.4158465862},"rewards":{"0":[-64.1943938821,-44.1186725462,-51.5088298083,-52.9473798285,-17.8431292066,-23.6061504645,-12.9631213809,-13.8786249015,-36.9608158678,-44.3156960942,-78.2799990026,-39.1540934366,-29.3767768467,-15.5006415925,-94.3668009951,-4.8708605778,-18.7516490556,-5.9656781603,-44.2136570003,-27.2949483945,-3.2049950226,-56.4876927415,-10.5053888012,-19.0485922368,-5.6623957772,-15.3831831809,-19.4473405082,-13.8272572258,-30.7546661705,-24.2476777038,-24.081433331,-29.7081857223,-17.0248101596,-9.2052175181,-66.569860691,-8.7375934817,-26.383396086,-9.1552883905,-49.6850749675,-6.9579943954,-8.9913073333,-6.0300100315,-26.5882990415,-20.4618660079,-18.6739214246,-8.2971253973,-39.2822699905,-22.5962705161,-7.6127294244,-13.0181046074,-21.3079490332,-20.1310996837,-18.0279155054,-20.3327323399,-19.1496358555,-58.7214740706,-16.758538742,-9.1776664448,-9.4246709081,-12.555596048,-12.425115899,-18.5676127198,-6.6338377203,-13.0440790319,-35.4752253246,-7.3853678559,-31.1387872848,-7.0312203299,-17.5956375549,-7.9171741545,-94.0433962011,-19.6839452278,-5.2337065247,-23.0986249398,-38.3958289777,-9.1472421115,-4.2881258404,-3.892009153,-7.9656570616,-45.574377732,-18.4599517799,-26.7971148479,-8.4217074991,-24.6444196801,-9.3677753717,-9.4183221159,-5.085112178,-5.8447825778,-9.2986560125,-10.4299820277,-21.4483072125,-20.6200065598,-7.4992298972,-14.9635913066,-23.216668361,-4.5050780748,-21.5303504879,-17.9826146667,-17.4030332266,-6.8386236739,-16.7506056288,-18.4903626867,-22.7263862329,-8.9297125397,-12.2855959138,-5.2972884327,-17.6220991678,-7.107902616,-45.3948641915,-5.3650229496,-11.1454985912,-18.9008552648,-8.9379870684,-5.1433541955,-9.4532845889,-21.2549989547,-15.5450869746,-8.4599671244,-36.2601316943,-7.2927886543,-9.8997447057,-3.1238896806,-13.5047731026,-6.51450536,-14.9536212092,-19.4282308352,-4.0204695805,-10.4428311394,-8.7628908295,-6.3521776741,-8.4688918768,-45.5550647443,-38.5688345267,-4.9369992654,-25.4565606425,-19.0724682992,-33.8581227139,-32.9928782279,-5.0922070972,-13.3323679077,-9.943925395,-4.9279786097,-11.6949951952,-25.6804658594,-9.8766186064,-5.2106437215,-11.3590788689,-28.8316630191,-5.6762863977,-17.2827763595,-4.047042441,-5.83246477,-12.209671263,-17.6504788447,-32.9861132157,-10.5938058037,-8.5542840922,-13.6826601248,-8.434057914,-5.8816170815,-4.4686923981,-18.3103178424,-5.2996265529,-9.2387049998,-2.4974039002,-9.5903724689,-5.8168804989,-6.2916915216,-5.8012406039,-4.2431779254,-20.4113518708,-7.9070256771,-11.7467733366,-28.4592209974,-32.3637512731,-6.5463739957,-18.1118806811,-6.0454657923,-27.6088817878,-4.4885405258,-9.8547795281,-17.0791853598,-17.4957965624,-7.2880663804,-4.3220851659,-8.0250882789,-15.8184513934,-5.629913361,-4.1526318717,-4.0134667283,-20.3778145194,-12.2512817464,-14.0502494442,-9.3071146753,-8.0761644088,-6.0175080894,-9.699623484,-7.5584309468,-22.9947272417,-6.693431973,-5.375321036,-23.357647993,-9.4414539693,-7.6334752061,-7.042914767,-8.0162479213,-5.3955105791,-3.2674452728,-11.2701535794,-12.8910309403,-4.5441087619,-6.1927270844,-8.6585193696,-6.2361175313,-18.1010647174,-27.5881762854,-17.2269472667,-5.4984933606,-7.1942845525,-11.3326939786,-3.057658926,-3.1863591115,-8.35983075,-16.3092207097,-4.2003283726,-2.9477749497,-10.2034835881,-6.358664567,-2.7734689533,-7.7837229241,-3.8366595762,-8.2610024954,-7.1911063202,-2.6107020307,-4.0454446936,-14.1808523493,-5.4734511153,-5.4182799184,-7.5585153416,-5.3155714201,-14.6107461461,-12.9277004904,-8.4766331837,-5.1108717793,-22.4359855685,-15.1897617573,-9.5338797259,-13.4055286281,-10.5787163931,-6.8946273105,-22.1761511741,-30.2235542112,-6.1188585984,-5.9720346249,-4.9284811426,-3.2430801041,-7.7968252202,-6.9707495219,-3.1824807858,-5.3367353398,-9.7203251502,-6.6666231905,-9.4312402778,-9.2931415781,-24.4310081921,-3.916084694,-16.1543063417,-2.8098699744,-8.6108075242,-5.6961498699,-6.3835610395,-7.3271661178,-10.074108244,-11.1569916315,-6.2377306232,-12.7303642979,-6.5289176939,-8.4438151063,-10.260033873,-10.3009979688,-11.2166894597,-9.1457939731,-11.4438707301,-3.877117303,-5.8177800709,-28.6432266442,-6.3969567994,-4.8031989474,-4.901250386,-13.1146676283,-11.2273980117,-11.119951895,-4.2344373071,-11.5156427721,-6.9334815358,-10.6766163047,-3.8671184347,-4.0188603247,-2.6060852503,-6.08654689,-8.5703018458,-5.0554205452,-6.2476239981,-4.3938955691,-3.0375000719,-3.7410248984,-4.971620323,-6.3088658679,-5.2285181612,-10.5976841294,-8.2612844508,-2.3852374276,-7.8459775318,-6.4674418203,-7.6826927319,-7.5233399634,-6.56163795,-7.5727550498,-12.0659353727,-5.84526593,-3.1572697508,-2.199891054,-4.9440884304,-6.0754393805,-6.3197355373,-5.0815925303,-6.1006657601,-4.6715046638,-4.0023515466,-5.4663350973,-15.2565717672,-5.0054281215,-5.2471655807,-3.4403740992,-7.2937764573,-13.2045135885,-6.4384637073,-7.2536006859,-3.9118572807,-4.0922646391,-6.1549450571,-10.3963717899,-2.3480097207,-6.3975974329,-9.0410580809,-6.5461860254,-6.4703265888,-5.1269816,-3.9654767636,-4.2566695885,-7.2454047978,-2.5524676854,-3.7164353162,-9.2531384324,-4.3389967374,-7.6504347292,-7.9639614929,-9.8163185061,-5.4173650019,-13.2521928268,-4.1908492996,-3.2721483661,-11.9343101395,-5.8510143682,-7.2160219733,-10.7855757741,-10.2829643298,-3.8631173529,-12.8674943753,-6.979605224,-3.5962647619,-3.8038395808,-4.7291501633,-2.8800634496,-2.8923026168,-4.9838959335,-5.5373015523,-6.0465322359,-3.7058226673,-6.5200543196,-3.8471609774,-11.2824963221,-5.4230904233,-3.6777556348,-2.715234608,-3.2951593815,-4.1112879992,-2.2151607625,-5.5944886345,-9.1789496297,-5.135714546,-2.6107020307,-3.6789601791,-4.970212464,-2.9047297544,-2.8732466496,-3.5183817676,-3.4006778439,-3.4910109924,-10.3508522918,-8.8324302448,-4.7181136223,-13.4050395217,-4.4098826337,-8.0039435399,-3.658741865,-4.0119361131,-6.743882814,-4.8883571589,-5.6500472803,-7.5591578931,-5.4017922391,-5.8772899288,-18.0653369367,-8.6808360458,-4.5821478099,-6.1121012584,-5.9597820312,-3.7226287453,-4.2737230968,-5.0809960123,-2.8347223314,-9.344098788,-3.7234228238,-8.5413371592,-12.1622643898,-5.2849802152,-4.2012183543,-3.7876760543,-4.3395951734,-2.2151607625,-6.2080524169,-7.4327478762,-8.086876797,-4.1609409255,-3.7370257347,-5.2082883387,-3.8430582382,-6.7526944006,-4.1427500053,-6.2076515415,-2.5777151636,-4.1842051255,-3.1432467839,-4.0388964226,-7.1873392422,-4.0164416458,-13.4574698049,-4.4599306812,-7.240235615,-8.7989696159,-5.1342088657,-4.2616258662,-4.4878749576,-3.0882750657,-6.317664028,-9.1786619201,-8.1482241603,-4.1603348173,-2.8315134101,-3.3039268527,-7.1686668879,-5.0491580657,-3.9885568294,-6.9304548305,-4.5502158781,-3.3774731039,-3.199054778,-6.906335174,-4.052873356,-3.8423293738,-4.5555998841,-4.7422754762,-4.7194006433,-4.7681175543,-4.6107212113,-8.9076432938,-3.6839452278,-5.455051126,-4.3939511929,-3.7111318688,-4.8953465846,-6.0846269078,-6.0130121471,-3.146509411,-3.2214942103,-8.4550338634,-3.4700139443,-5.1691866833,-4.1909145138,-8.859858562,-2.9322769915,-3.2438108865,-3.6621061495,-4.973651553,-7.7384470202,-5.6956224022,-5.1622183563,-6.9156262767,-3.4818541542,-2.7463782154,-4.6020496433,-3.5814074371,-2.4539789281,-3.5354141772,-3.3716632877,-12.3448487511,-11.6832700692,-4.1888008071,-5.8580901068,-3.8769389231,-5.0626650734,-4.151715037,-2.8880713673,-7.3331274611,-2.7909981414,-7.2793583692,-4.5730676942,-3.5646090314,-4.0191135091,-2.8583758984,-4.9123636496,-5.7187120583,-4.4841596673,-3.2417355412,-3.3078703926,-3.6515663871,-9.515669625,-2.8712998145,-3.6640760014,-2.8539547605,-5.1768685301,-4.3704855963,-3.1523518343,-4.4236869412,-6.0904559047,-4.2330217758,-8.3428999979,-2.8539547605,-5.0487418458,-4.5930635129,-3.8559015956,-3.6349233446,-4.2803116471,-5.282314106,-6.1790973207,-2.794247342,-3.1620054511,-4.0241426733,-2.9047297544,-6.8971668275,-3.1479824842,-5.245529472,-3.1257406125,-2.0912097039,-7.1296937427,