{"seed":{"0":437720306},"gamma":{"0":0.9},"cost":{"0":1719.062},"time":{"0":14.8982319832},"rewards":{"0":[-9.6065724386,-32.013069689,-17.6014607976,-6.028738355,-13.5433415363,-24.0472323294,-10.418953159,-19.3577937659,-10.601470388,-15.5480312031,-16.4222234583,-18.6888017662,-18.9197175075,-26.4469971747,-27.4568272534,-31.9905094187,-36.7918382535,-11.4418395002,-10.2054323412,-3.152580084,-67.6031275954,-14.4158382228,-60.1210471096,-63.0751804419,-35.7128312737,9969.8978132151,-43.46928508,-15.4697070541,-30.7583833788,-35.5643443385,-5.0300292121,-34.5123916534,-15.000717356,-22.1548951874,-21.9564944693,-4.0450764253,-22.4582753918,-48.2404561924,-15.5318600043,-12.389884897,-47.7720208148,-61.1906459848,-14.0329945393,-11.4128939943,-16.5977282448,-25.5917189499,-5.8609902198,-10.7918612703,-25.5329686454,-22.7641337351,-6.3154141388,-19.9661135609,-44.7737950242,-12.4508678281,-6.2721215132,-14.9865639607,-17.9914569423,-12.5756973602,-48.6586497979,-19.6311658569,-5.302169906,-11.2368291331,-16.1384592958,-22.8760144162,-8.3236503062,9980.5181803709,-12.3994349383,-12.5067467906,-21.6043494022,-77.0297491748,-24.413630531,-29.4633083921,9978.0533854791,-22.103684793,-76.9653482533,-7.4402590154,-46.846343882,-38.9882729559,-24.2580755295,-47.4528894677,-15.3123778433,-21.1909030054,-13.2823045157,-38.5635598503,-29.5059872372,-23.973292875,-20.8873770281,-24.7487393523,-4.3984739882,-4.8493667511,-11.1690485826,-9.2734871749,-7.9343734356,-17.3397831437,-6.3298590798,-10.3860027352,-13.9994111543,-6.3074963701,-21.431276721,-8.6379769027,-18.0297204038,-35.7401867044,-14.3652684618,9985.5420295804,-15.7406086785,-77.6722239378,-3.2541185632,-54.5943773868,9969.8765303754,-28.8239332207,-84.1201302749,-4.2512644838,-15.2742352199,-20.7908293518,-41.9912056759,-7.4192447047,-15.6233996152,-12.8496563788,-9.7467464837,-2.6655433204,-8.7992860965,-15.90370359,-8.125694579,-35.6086554562,-2.8957877394,-20.9835832891,-12.6096432593,-39.0529385702,-34.6007185068,-9.5992991394,-12.7308303875,-13.7445829074,-15.1938932674,-21.3615627619,-14.825977877,-7.0398209295,-11.0867751396,-24.042615549,-6.4031713272,-29.4624797884,-40.5640719734,-11.4348673371,-12.1343565566,-23.5748706745,-25.1024955932,-12.2796153898,-24.1788019388,-3.3615244007,-3.9036383759,-22.3655983689,-7.7719843716,-13.6366304216,-7.2915994545,-4.554099958,-27.2207557556,-8.1958822999,-14.705513859,-6.7797947288,-3.3881452128,-11.1944648505,-19.7760506676,-107.6840161961,-15.9127875418,-4.334170888,-18.5457621332,-54.9355568812,-32.1356263151,-12.2958479666,-15.2621648423,-26.2692674338,-15.5371960588,-23.3102718089,-12.3145721087,-10.3560272288,-38.1314813785,-32.0852675412,-47.5592921576,-22.4549360422,-16.5039636795,-14.6587303566,-2.5723484202,-11.6877161419,-38.8443567676,-46.0959338958,-11.7160651298,-19.9474987485,-28.0215532867,-23.6393694172,-13.6391584302,-9.7617438272,-34.8672373547,-17.615946018,-3.5942201055,-5.3215864692,-9.0264596948,-14.9065327346,-21.9099046914,-11.3935177104,-20.7750782091,-10.6868357504,-2.6107020307,-32.966476075,-59.3157919975,-4.3239533604,-64.5518097894,-41.2523731249,-30.6697112738,-39.6975251218,-14.4869677132,-25.1372739322,-13.1895852954,-15.0971921459,-44.8093981307,-12.1491563395,-4.9546128483,-9.1374139508,-12.6107960158,-38.5995235529,-13.4302217858,-36.5487504771,-6.1350988474,-11.1277373173,-5.0774533479,-17.8005673634,-12.193133714,-10.5435640317,-10.8492823563,-15.2643149922,-29.5163447835,-5.581792968,-21.8834507508,-30.1779752531,-33.6886348946,-10.0556833199,-21.6493069075,-47.1595464929,-17.2960378549,-17.5377849045,-33.1629625651,-12.5588529209,-7.6740422626,-37.1397885142,-5.733266329,-39.7091485905,-46.9554663869,-7.0097418477,-16.9018353956,-42.5160398113,-24.3469356048,-6.76206798,-4.1407149392,9919.8085810353,-29.8157584313,-3.9247754426,-37.9769774762,-6.1039667484,-7.3065469283,-6.5440704006,-17.1015442334,-4.8820927614,-40.2520221191,-30.8517221339,-19.1261414879,-7.3128209161,9943.3531712313,-35.340302939,-7.0636663029,-50.3054191066,-5.9234481423,-25.1238091219,-13.4217458603,9963.0620666374,-10.5737927225,-13.3090154769,-25.6331395449,-15.7641490796,9973.336025656,-21.6975212857,-10.0898728132,-7.0271118366,-46.9674657961,-5.6232384978,-9.0404270378,-24.534061942,-22.2618195907,-6.8712192558,-24.2415705876,-12.2912484488,9980.9795323376,-22.4632815392,-5.0085353854,9981.883007678,-17.0105224999,-27.679915375,-7.4117891894,-27.7405875798,-8.801453509,-21.8630444665,9966.5536799019,-24.0980169135,-46.0750423413,-20.6385446497,-8.7450950305,9983.0164569903,-16.3472885286,9972.0098626858,-8.6681000999,-13.1125117242,-8.9127760334,-17.5847793939,-29.2528296241,-8.6120772826,-10.0901048989,-30.7356274659,-14.2186554754,-26.5379671205,-7.2139332015,-5.6599559996,-4.13840559,-9.4847389227,-32.4979428762,-13.9620626094,-19.8577314288,-37.8770482527,-16.8781895009,9930.1648652848,9973.7046852553,-18.4390180279,-6.2971369057,-7.2467953943,9973.0945202826,-4.7556520555,-20.2108642989,-22.9140477099,9978.2258156088,-16.6405125835,-22.0838750266,-7.1886300994,-20.162747742,9974.5510674986,9976.4942601931,9948.867667001,9981.0597649604,9991.4880533375,-4.4039558155,-7.0072176753,9981.9901488226,-10.2367620008,-9.3579050136,9992.9403904028,-34.9625804868,-5.1700785831,-20.6539390324,-17.9399665106,-15.4197549098,9991.342903834,-7.7014072837,-16.6881342798,-3.9528712461,-21.6178468196,-2.3513279717,-3.7149238816,-7.5537278536,-10.3942983625,-21.6790426558,-3.6933283975,-15.7639016493,9986.7127200259,-12.1851373046,-9.5494390621,-18.3771355247,9995.1968010526,-12.3295445173,9980.0214343667,9981.9209124615,-18.0458551593,-7.5412220754,-20.2264658326,-34.5770917928,-9.1380181411,9986.9716433398,9979.814193291,-15.3479617691,9994.2065083752,-34.2817290965,-17.7050880487,9991.4656004787,9984.7661898999,-3.431424412,9989.9959413763,-11.6229066728,-9.0018470958,9955.4966405107,9910.8916830821,-5.7527116632,9990.3802408705,-3.1898960217,-5.8654439647,-30.2722097441,-29.9011046131,-4.1299162381,-2.7335847276,-8.4855406735,9964.9598549176,-9.9188908219,9956.4949123349,-8.3637723718,9979.9876860282,-29.9423084669,9963.9603478601,-32.513488786,-38.8585408519,9991.3217533408,9992.7501126863,-19.4301124561,-35.3323928426,-25.6246808821,-17.5686139493,9995.6663604158,-8.7621197678,-7.8680467777,-6.3688974392,9990.4389432234,9984.1299392549,9989.7030549007,9984.6395458791,-17.4681898653,-18.0480839498,9978.1763333902,9986.0320796227,9984.583198909,-16.2021294348,9985.0159237685,9995.2253322567,-6.0634706603,9990.4952211432,-5.1709628107,-6.8225905758,-21.6022721388,-15.3600187203,9973.3935253827,9988.9248694278,9993.0905537259,9989.3263912199,-22.562146237,9989.7657487451,9950.1565965103,9981.1795001141,-11.1971923377,9991.7050631139,-16.8898148876,-2.794247342,9965.0314428254,-15.7303182644,-13.1692960129,9990.6076043571,9993.8489064157,9991.8567819871,9979.2304343073,9989.299597782,9990.9679318857,-3.9961945608,9971.2935539619,-4.0896311371,-5.0687127296,9987.2978907049,9987.7478244358,9983.521711527,9971.9134550281,9980.5764147162,9953.4131586872,9983.532030712,9981.0587387961,9988.8660903523,9978.8254542455,9970.2745938979,-16.2438703465,9972.3507794054,-13.0147978648,9996.7027288298,9989.0073787927,-17.1419770254,-5.9042329757,-7.699293577,-6.3784800876,-12.6588531127,9969.2692233183,9992.2680532992,9959.2803231554,9985.12853715,-11.6868357504,9983.3063493677,9967.1903160778,9988.3542012318,9992.1847498557,9987.130121471,9993.5825659478,9995.2903757296,9989.4697204805,9994.4735738714,9990.1284431649,-11.6503158093,-7.7069984406,-4.0613799704,9962.9364890603,9990.9621105611,-8.0050962964,9990.3672594124,9986.0470769662,9987.323734701,-7.7842849169,9991.5078304968,9984.2379895619,9986.6200219043,9986.3560675082,9983.8521939777,-4.0877207452,9991.4561674393,9971.1878494473,9990.3891291797,9989.640976755,9991.305281006,9985.813295637,9978.638824687,9975.5646684914,9986.4539290585,9987.248310665,9993.5878770674,9989.2775189457,9993.7742112441,