{"seed":{"0":188312339},"min_epsilon":{"0":0.7},"cost":{"0":1715.974},"time":{"0":16.2533178329},"rewards":{"0":[-6.975983919,-34.5771550889,-29.0360154903,-51.8510891727,-48.3107321443,-18.0458973567,-13.9501686937,-156.4218494358,-29.6701121492,-18.5471047781,-22.5631839097,-6.5360912538,-10.1542277011,-4.6739597859,-10.8241020103,-5.8270481568,-25.4571629146,-13.1693343742,-30.1835970991,-47.8185089353,-60.8233271124,-5.861114894,-23.7505960384,-69.9086215065,-55.3163520722,-13.5109377607,-30.2546057515,-82.445391755,-13.4017212708,-52.3765447609,-13.7376893849,-38.9363145165,-6.1195567737,-48.3246975692,-29.0507960925,-30.7652481304,-5.094144342,-27.248937872,-20.3266693392,-54.8037321692,-6.6630133938,-22.9364890603,-12.8985420795,-30.0728538301,-58.6395190262,-11.4923785722,-17.9948097184,-7.9774608283,-27.9347628026,-40.9399741829,-54.2089308902,-22.3399269985,-10.5164924745,-53.6846529934,-5.123364131,-8.4789271884,-17.8969903656,-9.1089000094,-4.3210455751,-36.2556204074,-15.743825272,9976.4403319018,-4.6650484599,-27.738828715,-8.1425409363,-44.6545144517,-22.0617002871,-15.044410857,-9.1646082642,-9.4733417856,-38.6591139695,-12.7653843129,-23.1596423961,-45.2274728162,-9.3169696888,-10.479454656,-9.3864611525,-9.9882595294,-5.173933892,-25.7153305112,-20.3796366803,-8.0244783345,-34.6318506058,-15.7938694834,-47.4562710148,-39.7926860378,-44.4416189229,-111.7778037782,-26.8048235477,-4.5475727857,-51.1889906955,-66.249357928,-14.4736390855,-38.5104256376,-14.4499720922,-11.2336950163,-9.4324198873,-28.0990373236,-21.4252175564,-17.975416172,-23.2610926444,-15.6250127072,-6.865959924,-16.1495648872,-10.0441653448,-22.9668079001,9985.614271548,-28.0885282502,-11.960315253,-16.4188016319,-13.5683147313,-19.203871037,-11.2445992109,-42.7894886249,-15.4006893523,-44.0329235709,-7.6696844209,-24.8041848323,-13.6746924864,-9.6847431424,-77.7150926713,-10.0819339457,-27.8890361536,-27.8888155762,-13.8500591723,-51.939381501,-12.6308014247,-6.9364296003,-8.3850801463,-7.9419248541,-13.4340348973,-85.0416987143,-15.8760451052,-35.3664941048,-29.1857798561,-20.1614818196,-37.0603442158,-6.4315490861,-13.6493260882,-23.8278173006,-13.6707201755,-21.1318496468,-18.2548129024,-11.9230127417,-16.5127906107,-14.0502551984,-19.7252564931,-54.8431081078,-19.4328821407,-46.1960760244,-19.174171732,-42.2990971672,-7.2850991351,-29.3197393734,-72.5471834187,-14.952000445,-10.1242675393,-5.7402269837,-19.7394789387,-21.640857835,-16.7430254393,-14.1820664839,-16.0006981753,-32.5259984003,-11.1312186037,-49.8121428804,-31.3076172081,-37.2681626288,-14.2232569113,-5.5301529273,-24.2914997152,-11.5099557119,-29.8832493541,-12.3634616454,-7.2433313705,-25.4081084243,-5.9589284927,-7.5825582756,-33.4275844476,-39.8461674201,-3.9580481012,-33.1701994211,-10.7777865156,-42.8459410886,-15.4054173803,-21.7577753525,-36.3866222699,-25.0604055938,-46.2770777909,-14.0352137395,-40.2999756406,-43.6014684699,-2.7724466251,-13.0080731319,-12.3154429098,-28.1419137293,-34.0421475413,-32.7518005827,-48.3387167,-15.914139777,-18.6078537054,-8.0171321489,-11.3789864565,-65.3891272616,-9.9971420844,-17.7958182366,-9.8969193972,-6.3206466178,-11.4083098211,-20.0105148276,-16.2851528409,-21.0669327661,-19.1956981658,-33.2808065076,-7.9061529579,-9.6399678532,-15.4035779568,-38.8107120046,-11.2366545893,-8.468001895,-16.0819799792,-18.9687835062,-22.269603095,-21.1920653523,-8.6161474147,-54.5228335945,-28.017912801,-28.8018869915,-10.2943096791,-21.5382260592,-6.2161581559,-13.4633237366,-27.7567933037,-19.5297060183,-39.6043877635,-18.2895068465,-18.1994537353,-8.0707823208,-25.7286572208,-11.8636697554,-28.622885574,-43.5911646294,-24.4876946595,-14.8770424985,-8.6495869449,-4.1902719623,-19.4294411337,-41.0180202126,-16.4791995535,-27.9284868967,-78.8639325302,-19.4459268949,-17.7371810979,-23.1096212015,-28.9940329025,-34.3150132634,-18.2461662693,-22.1214153779,-54.5350420727,-4.4420082899,-15.4618123021,-4.8396229853,-14.7991844391,-47.4517942531,-59.428345919,-7.9489910024,-28.3097558496,-9.7361491794,-6.9867442588,-33.0228326355,-79.020007327,-37.2684944539,-38.1450267474,-15.9295840294,-5.1426003963,-23.8281472076,-18.7382839847,-22.7103358722,-22.5841828759,-19.2894051891,-13.4957792999,-19.7344996442,-22.4702805552,-22.6295144037,-41.8015052967,-24.3289326549,-10.7632782785,-11.1831041566,-10.9321906786,-11.2171095157,-19.4897872675,-29.5718669861,-102.2960071659,-7.9435724712,-19.2807010141,-37.6911034431,-20.4603660817,-27.9443281884,-7.5903628786,-5.8430716646,-11.1102100472,-65.6534038925,-20.1245264779,-12.3988729455,-14.8123960649,9954.5815301932,-27.4326232021,-19.7887060548,-46.7031066885,-29.2730479382,-14.4854428522,-19.821282456,-4.6398393429,-9.5580607604,-30.7940593718,-19.7356408924,-3.0400069818,-8.2752287771,-81.6061581367,-10.787367246,-22.8661152872,-38.4873743428,-26.223907135,-3.7487451065,-42.2914153203,-27.3211491506,-7.5731118097,-33.2291146791,-8.6187694084,-30.8719174312,-6.922542816,-25.9700264117,-19.1461852581,-5.077516644,9973.0275798442,-10.214995809,-23.3381010014,-8.746006111,-52.1278600734,-28.7176379424,-16.7614887247,-30.6042765158,-49.2579086579,-65.8119357295,-12.6450430509,-59.7576583506,-34.6455359934,-48.0063775633,-16.9624654029,-52.2821990222,-18.906005267,-28.5781927616,-18.1877592983,-71.1072600646,-11.8170857317,-4.0287536995,-14.7693278528,-12.7273069037,-26.7227188943,-70.2765695039,-39.853818578,-15.4242930495,-17.4600093218,-7.1221250616,-25.8063215558,-8.5589891035,-17.8368993342,9981.1998104953,-31.0024148427,-35.9742960225,-90.1601909625,9982.1328777292,-39.5924919297,-22.0784162161,-12.9242211221,-41.9846478147,-31.8471628954,-28.4120711448,-8.5848024106,-20.8900546456,-5.4327344498,-30.4671867178,-5.4895858708,-71.8346475269,-51.5070325822,-24.1853693904,-16.981876212,-22.0866293667,-3.6837898646,9974.6257070464,-15.3059676729,-7.9716989637,-19.7975598388,-8.2059156934,-35.0768338132,-18.1736365921,-33.7702255068,-32.6959427189,-17.9775126161,-25.6838397342,-35.1793121438,-28.4257795492,-23.5909977578,-30.8892548129,-29.8572365683,-34.2244499472,-36.5219378586,-79.2125099979,-21.2224781772,-10.2898233271,-6.125965026,-37.9558078023,-16.3067348986,-11.0440847861,-77.7445771532,-7.4274521011,-9.2909185417,-60.6310987247,-13.8467198226,-12.2732186459,9952.3844567755,-33.6827406835,-37.7526119238,-26.3957349926,-11.74741397,-19.4585324124,-15.1353366874,9978.7076946979,-23.5457045913,-30.2473324523,-6.5355541959,-2.6107020307,-11.0606453519,-44.6441338885,-7.0403944307,-5.7647455976,-21.0128702104,-30.3221638065,-69.2355210134,-14.8401101736,9962.9168500016,-12.1603002921,-3.8269369091,-10.4400557006,-21.5859858562,-45.9789243113,-43.0100238032,-24.4957121676,-15.1714442448,-15.2099877436,-22.2890081499,-22.4302754916,-16.5686254577,-43.0184613673,-13.8397073801,-134.1240776509,-12.8245642638,-20.8258014151,-12.8461156324,-40.8860976793,-18.7175247766,-21.6625530584,-22.0432926256,-17.0065233361,-15.3319401794,-47.1922092071,-42.5783519609,-37.6769289492,-27.6433417281,-14.1758500381,-20.1008767471,-9.1104344607,-25.0028905227,-14.2391384823,-27.5670718257,-28.6514628116,-25.4324966098,-52.7120563757,-11.1877746428,-16.3015561254,-26.3944940051,-46.0913746574,-17.0131425755,-30.3661814604,-12.5232824215,-30.9826376834,-32.3230959857,-7.4824698528,-31.3507429621,-48.9493074829,-4.1527085943,-19.4743602777,-46.0753415593,-23.6735608285,-9.5456758203,-6.4788447116,-10.5579667753,-13.1799201702,-8.9413034013,-59.3685847947,-41.7580726524,-13.8411420921,-11.7517660576,-40.9821965287,-25.3180188699,-21.1919464323,-25.4398082703,-34.9581037251,-4.6995908769,-5.976852802,9954.1162289325,-34.230754624,-20.1981974033,-22.1072082768,-54.2877825069,-27.3446953059,-87.3366605353,-22.4265486929,-26.0205846643,-20.2619979707,-59.2641883999,-6.7556463013,-4.8139592872,9957.0040720502,-15.5633891426,-19.9927765705,-45.9776219457,9986.5264433912,9968.3711185575,-28.3466287146,-56.877834659,-16.273312631,-4.7827888269,-88.3344470892,