{"seed":{"0":1000004583},"min_epsilon":{"0":0.05},"cost":{"0":1934.092},"time":{"0":14.6090559959},"rewards":{"0":[-34.7434148063,-44.6643387762,-10.1214249682,-17.5699470039,-12.7846877104,-39.7042709534,-19.7012749372,-42.7789162554,-37.8138384491,-54.9673890736,-13.5715255707,-13.4773889009,-11.5500566788,-11.1226697918,-57.8972262875,-66.757969077,-14.0976850884,-3.0701877209,-22.3672152969,-49.8767164276,-50.8126128061,-5.3198889824,-48.1945300647,-50.5745772107,-30.4499759283,-30.4907712344,-16.4827249554,-5.9309343466,-17.9717603417,-29.8450395984,-26.9987340777,-39.4895781985,-8.7122174931,-8.8611072217,-15.9137887713,-4.2795942911,-24.5481271063,-9.6366131591,-8.2701746781,-13.8528115943,-55.6960462944,-25.5079340723,-5.3453781368,-6.0263388567,-6.9690328545,-61.3786776482,-10.3513989401,-21.3418316362,-17.1632426025,-10.1365930194,-78.9509666084,-20.2851279061,-35.738740484,-12.5129383016,-3.883725034,-54.5977666061,-11.903523292,-3.7657851883,-14.2332289267,-20.932113956,-11.1570760263,-14.3383772027,-10.6761617235,-11.6178679183,-10.5701330561,9984.7648012214,-34.9552496456,-10.8619377435,-23.2253188302,-28.4171808677,-35.43184255,-10.3109603939,-25.1400321084,-41.8748290525,-14.6004116166,-28.8951643685,-33.0165663199,-25.4875738215,-19.2915169777,-16.219748772,-8.0974069691,-25.7481984583,-4.8945429157,-14.5698568549,-6.6245542898,-26.1090208474,-65.7504771185,-34.340690388,-11.7152557067,-33.4046846798,9952.6402824158,-3.0167216831,-25.9844886153,-43.2131525494,-7.3291915935,-36.2819880351,-6.9117345246,-10.112417739,-27.3802638873,-19.6893675951,-16.6714778109,-36.3601453125,-5.330551501,-14.2640311187,-35.0630352598,-35.4044928734,-14.5063670139,-7.2710895947,-40.0972132446,-52.0260377206,9991.3185444195,-5.5545046695,-17.8878143467,-7.0353307414,-67.4787910058,-38.7415351035,-23.5481539592,-7.8988508878,-8.8756557382,-8.6055558646,-11.7676073493,-25.2944190088,-5.5725670795,-35.8949073479,-30.4480501919,-58.9255484225,-4.3985468746,-31.2051043523,-4.2925297156,-17.6677836193,-50.7258741098,-19.9424791746,-31.3088236704,-30.6303410893,-37.7281393435,-27.7739638138,-39.2774441412,-29.0847496639,-26.620282761,-20.4408823862,-36.3171269701,-9.1497720381,-16.9611898903,-22.6989138003,-30.7739964209,-5.7656624322,-4.9708243264,-7.2255355715,-15.7886350864,-21.4896741017,-9.5417150179,-6.0313239054,-17.5806919992,-29.0630870475,-28.4638914836,-4.5944061578,-8.2744807321,-30.533045368,-13.4431974896,-18.6111086603,-32.222021678,-4.0354707601,-27.3975092019,-45.0293924148,-16.3221158549,-12.0976409729,-4.509598952,-26.8412149785,-14.1729806141,-18.5933742392,-16.6729240312,-30.7700701436,-9.5939266417,-20.9729725583,-30.6480793465,-15.2095274082,-7.9487665889,-15.2200518261,-22.3635959099,-26.4726244296,-23.1816579363,-9.0939793885,-6.1286599061,-12.2753285164,-7.1479115159,-6.4744254918,-34.1298088265,-70.8421778467,-7.0054108589,-9.5025500663,-7.0160215897,-67.2000080559,-7.3614169891,-14.1197504982,-52.1717856602,-15.6895172041,-26.397033522,-55.0677153363,-3.926221663,-9.482653987,9993.1358142854,-12.173663445,-11.5522969777,-8.0503184945,-20.0201952973,-52.8999461024,-11.1592453568,-12.4786855123,-3.4792628496,-16.7083525939,-27.6905145974,-4.1431988323,-3.88743457,-3.3375140738,-21.1109638464,-22.979693455,-33.7684225265,-16.1118960256,-7.1722037982,-23.3660970656,-27.7355564975,-12.3557510276,-18.0126112717,-7.6154876007,-37.8380175656,-10.7220379815,-15.4472772121,-15.6173385326,-7.0960969313,-13.8342543238,-24.7381823273,-15.1590190253,-24.0180432293,-13.6003809275,-4.8392949963,-17.3709766207,-9.3535912874,-8.6331798243,-4.3358952277,-15.5889876266,-12.9301901377,-20.1274553619,-3.1644318023,-19.1344773947,9986.6407293247,-30.6918534062,-8.7392219181,-21.6216560949,-9.9826031583,-13.5551337946,-6.6958986035,-4.2190371702,-5.9869533277,-18.7155702692,-26.2259191843,-10.4701501269,-2.6107020307,-2.794247342,9985.5600785639,-5.5964623225,-5.8984308317,-26.5359550713,-40.2319668405,-5.9180929072,-19.0850776528,-3.3070552153,-8.2240011201,-8.0653618716,-5.0049006539,9994.6955360893,-9.24923709,-4.9625939132,-6.643311039,-11.3668297661,-33.4364459039,-17.0563527243,-26.1941004183,-12.8721303363,-4.4124163964,-12.0909987168,-12.9993363498,-3.1479824842,-20.9969521961,-16.5399082015,-13.3780408509,-15.6640702472,-30.8482696184,-17.5531409259,-18.8449014978,-3.0942613439,-51.2757006209,-4.2110810401,-13.0821410966,-7.8561451898,-6.5522777971,-9.7809129602,-29.6921449519,9986.8009835833,-13.9848012598,-7.8486052797,-11.678120067,-10.6481618232,-17.5885157828,-43.5271991085,-14.3331600682,-9.5768405264,-10.3085052718,-7.9177725905,-34.0104131702,-15.5972199578,-19.0614221678,9989.4536912185,-31.2469737743,-5.9807445541,-12.7320445221,-14.7163931188,-22.9166159978,-9.813355097,-3.2589520848,9988.1019623714,-20.8145040174,9977.8109786155,-5.0593717573,-7.5205031466,-19.0912749181,-10.4491760956,-3.0167216831,-10.1160141093,-44.0216261731,-11.0945720703,-22.2078912995,-15.6667306021,-15.871702608,-18.1454755744,-14.6840353768,-16.839582706,-13.9607986052,-11.4569116482,-9.531672034,-21.8335561485,-24.1398345478,9983.8686202789,-30.0184863021,-10.14486563,-17.0149033583,-9.399335199,-10.6872001826,-8.0233025612,-5.6937714703,-31.6448435723,-10.1994345547,-18.7001183446,-8.7418976176,-11.9732276608,-12.4714908537,-9.6351803652,-7.6607366517,-7.0816481542,-3.0942613439,9986.3292491354,9979.51480266,-6.6809511296,-46.6944216941,-7.8036938079,-15.2498125092,-20.9551805953,-55.0101964289,9992.1561937168,-10.4519745511,-19.5633354368,-3.2570282665,-28.120492789,-10.6473121208,-22.2118885451,-14.4393268362,-23.3202169714,-5.9979304088,-20.3875563671,-18.3189932465,-14.8500994516,9984.2196797217,-17.2415072915,-8.7256477782,-3.8733214541,-22.994048247,-20.8183919334,9978.0734752829,-19.7312830506,-43.4124374951,-6.7562102122,-7.8344825734,-25.1822314375,-6.7542096713,-34.5418531185,-4.9368439022,-22.3502845448,9991.8707646746,9979.6814459902,-11.4754343936,-15.3608415698,-4.6428794746,9986.4126983518,-2.6107020307,-4.9119685284,-10.9754564513,9965.6035399792,-10.810813662,9965.7292940181,-14.5491993041,9981.4034360201,9974.0241081481,9969.5480407934,-6.8077121523,9989.9061030883,9981.345654338,-21.4600630276,-15.6489252128,-30.5074622285,9956.0252858395,-5.18236762,-10.4386593499,-3.6642083478,-3.7129175865,9992.8029150739,-4.996470762,9983.8301228136,-17.7183879055,-13.2682009901,9980.9777005864,-22.3517422736,9978.7037415677,9980.7337707798,9986.4315241513,-20.3137991288,-17.4227662705,-13.1219792887,9972.2348401006,-27.6113829434,-9.2690276757,-5.1795192948,9959.6153495001,-14.7326372039,-2.6107020307,-24.9940424928,-8.4519438621,9992.7037722567,9982.0955311024,-8.459029191,-2.8923026168,9968.9561166106,-4.5317046411,-6.7787014322,9991.1679303513,9973.1446105275,-3.2570282665,9991.9763425969,-21.0241867888,-29.1684443924,-13.8691132214,-2.641874409,-9.4030773421,-24.7182613132,9985.2612019741,-15.5821765808,-17.8369376955,-2.5524676854,-3.8398416446,9987.7068104703,-8.0447503544,-10.48220516,9994.9570737246,-10.2782056126,-7.1473706218,9987.181141977,9980.7776599234,-6.7252066235,9988.6049670189,9973.257072382,9990.9860480015,-16.6199586082,9957.1727504464,9993.5998419515,-9.6683878096,9983.5532425833,-9.1057869913,9983.4467152193,-4.9376322265,9976.7863487539,9990.1179245012,9992.3798188964,-2.6107020307,-23.7970726505,9974.99204387,9987.2437380001,9985.2215268174,9987.9728363757,9993.850740085,9987.9330921687,9981.7753198851,9972.1756064439,-4.3924109874,-21.6014665518,-17.5307417729,9986.634547404,9984.2229730378,9989.026615058,-16.989832342,9986.2665054214,9983.6538277847,9994.272384288,9990.4525307897,-3.3360410005,-32.0416277459,9983.0148669151,-20.1680799603,9984.9728037686,-13.1002476221,9968.4219434209,9986.8233367027,9995.746846223,-2.8539547605,-5.7599811262,-11.1591647982,9984.3191313471,-11.1935978855,9995.3619099315,9988.3964389221,9985.8034674763,9985.0335162527,-2.6107020307,9989.1726909864,9992.9086867207,-13.5969610192,