{"seed":{"0":1000004583},"min_epsilon":{"0":0.5},"cost":{"0":1715.974},"time":{"0":17.2637429237},"rewards":{"0":[-34.7434148063,-44.6643387762,-10.1214249682,-17.5699470039,-12.1450689448,-21.5077537743,-19.5541498277,-19.7012749372,-80.1258230893,-67.8493264718,-13.9492748759,-12.9917542423,-10.4226224156,-47.0706844995,-42.507893793,-13.3418354723,-3.4467516625,-22.2464827499,-18.4245289714,-3.0701877209,-35.9308480337,-7.0436091062,-20.3413540382,-68.5716655894,-7.3232417586,-18.4803388836,-27.4208616328,-21.8179507786,-25.1455158538,-8.7410498332,-59.6366668649,-13.350320988,-11.3445111718,-7.5750970061,-19.5102779467,-11.5189955482,-23.9845998631,-23.6576389781,-31.3625045314,-9.834588067,-4.7716889897,-20.6934837607,-58.0463423476,-19.2572852871,-22.1380238952,-17.5737102457,-23.7768217294,-10.928734327,-24.4403702631,-17.6602552176,-21.3317311104,-25.8058228591,-14.4648792866,-25.674652207,-79.9193818463,-13.59614776,-27.7228282239,-34.8548504965,-25.4643978525,-9.3187745872,-9.4195976285,-10.7106446805,-29.6340563796,-44.8501167142,-49.3426007799,-9.5206872807,-21.9657299481,-22.3046384545,-11.5224423094,-14.6347066033,-42.7531432276,-13.6272952035,-6.1303689013,-49.926133432,-13.1316194791,-51.1481014042,-43.7398587154,-6.4479312719,-10.0774495118,9960.8018102689,-20.4415575448,-23.9871854135,-33.7537934513,-27.0118900796,-37.9608695736,-3.4360488646,-16.5215945251,-24.0613185924,-52.6149735595,-8.4066679582,-5.6429772959,-12.0726888766,-54.0418751762,-23.2391135475,-36.5472793219,-12.6931557717,-10.7527768774,-3.6287126529,-11.6078690499,-8.9306715718,-34.8865465063,-45.1166451524,-7.0938010085,-8.9449803303,-26.1180338308,-15.0340609829,-14.9121354,-19.0360039819,-22.0856147108,-29.9186299651,-14.6313538272,-17.5734935045,-4.6394768288,-51.2325441778,-14.2649728882,-22.4069403233,-12.559631655,-5.5764837665,-18.1122048339,-6.5365611795,-12.0721499005,-4.4838834661,-20.1341417334,-22.6787817991,-14.3414921388,-56.4698720076,-14.6326120773,-14.9950897558,-56.551798281,-8.0210411636,-17.1850701724,-47.8683133887,-13.9030667927,-111.2166894597,-16.4690875193,-55.9468485247,-64.6112601873,-3.6991305415,-34.0378357332,-16.2412905503,-31.5957315401,-40.0817287128,-30.9490619707,-20.7966257416,-23.6062406135,-37.9384109606,-15.4920045496,-23.8086098063,-54.1606359533,-31.3580987381,-19.0805548576,-4.9102134997,-24.3309792293,-13.327800997,-14.710926636,-9.1000749963,-23.6893541686,-22.0896982693,-8.5241839117,-102.9384167148,-45.6226956857,-44.0727540908,-4.2309579388,-5.267658178,-11.9547413586,-45.7873231305,-42.1999888752,-6.5910591358,-24.0964306744,-11.2851681855,-4.6995084002,-11.540284142,-55.8798236915,-13.3831102944,-8.4387993686,-64.1768090701,-26.7659079444,-20.9861496589,-18.1468163012,-33.0281399189,-42.2115317852,-61.3723058392,-6.4383217706,-11.4158631576,-15.2673685503,-20.4978527272,-5.4252386551,-24.7680734388,-25.3544141369,-16.626623881,-84.4557205304,-22.4771683236,-39.9417388019,-31.3936807459,-10.1595004594,-6.7970899131,-42.8473681283,-19.3384846142,-30.6464470739,-4.0452375427,-28.5045180001,-3.8613661604,-41.3636611241,-15.6063806322,-30.190981646,-7.5842116469,-13.698756519,-9.3235812559,-9.1571143876,-5.0576761886,-19.4971641422,-37.4914751639,-19.2976432746,-21.4859223683,-17.2995440762,-21.3153124814,-15.523447375,-15.5807744759,-6.8200337963,-28.5970818572,-15.9404901421,-10.6009736094,-14.1714538351,-5.2806108651,-10.3667204364,-5.6319369187,-9.8991213348,-9.254889625,-22.9572290878,-9.3594989249,-5.0889041908,-28.4021835242,-5.3340903293,-14.4914636556,-20.3254187614,-60.519617001,-28.9562566293,-3.0167216831,-3.7643140331,-56.893415094,-34.2046555253,-12.4995406236,-10.5708542482,-20.2645547502,-7.6551800199,-3.1726986587,-20.4699775011,-14.9349622813,-23.7014034475,-14.4597618915,-13.8717160344,-107.2297016068,-13.6469304261,-21.0836103338,-6.5779280688,-51.1721922898,-8.3639430795,-120.6405777976,-38.1537079057,-24.3347942589,-17.8965664734,-16.1385341003,-13.5124089159,-16.7272320992,-45.714158574,-22.9517702773,-18.9932771852,-5.1909241041,-6.5805826695,-17.7609171415,-45.301212792,-4.9774186309,-11.0104764663,-14.1897886102,-9.8726156065,-21.0844197568,-5.3433085456,-5.4437901715,-34.7016240249,-23.882259633,-5.0923432798,-11.950116906,-5.5954630111,-15.1832230766,-5.6074988635,-18.3866088434,-41.0149800809,-9.4653856556,-32.9725045506,-20.0447465182,-13.5665251775,-15.4183604771,-16.7041539515,-46.431184654,-9.7742611137,-24.9525259946,-50.041361135,-30.0175656314,-39.040551712,-6.6172829087,-32.463304556,-16.1129758957,-19.6061466283,-11.8000053706,-34.8208777445,-24.2207538376,-37.664574698,-6.1803440623,-27.9388463611,-36.3064433529,-16.1632426025,-21.3995020706,-12.016627698,-43.7647244989,-45.7148433229,-59.5547751166,-11.0878070581,-12.1220425849,-10.4685542975,-16.2596847853,-22.2948985248,-21.9483637954,-24.3427868321,-11.3344240725,-5.1704084901,-10.9398840338,-34.2014255053,-26.8331495189,-20.568725197,-17.1950038265,-15.9172988286,-43.3565604507,-5.2982934983,-6.4682493253,-19.0265249089,-28.3079221803,-30.303577765,-40.9189637083,-10.4209786347,-58.9252434503,-15.0032281019,-25.8342178806,-4.9722705468,-24.458969731,-18.7272225089,-20.1348801881,-22.3744042013,-15.2136090487,-32.2044848176,-7.7427300574,-3.572969873,-2.4493774923,-24.448562315,-3.7144750546,-8.4630782244,-34.5330549583,-42.2981573158,-5.7905895937,-15.0185611066,-3.4158612396,-16.748309706,-19.4119541429,-20.0591569341,-7.3925855313,-24.302768342,-12.0419212098,-9.9852999565,-23.3512819382,-35.4404757566,-11.4730751747,-8.7327426975,-6.8396018866,-6.3194439916,9977.2735926684,-17.927627604,-32.691009458,-17.1947928395,-21.1693075213,-5.6733594318,-9.777408657,9957.972456599,-12.1661331252,-16.195586918,-16.0607259106,-6.9922126596,-37.002033148,-16.7272397714,-31.3203684985,-13.2697968195,-23.7981448484,-9.3526149927,-11.2826996369,-66.039834356,-41.9471400705,-12.098151178,-30.2320339728,-22.2872070876,-16.1782495363,-74.8854781446,-14.3386840929,-18.1622183563,-15.2749966913,-21.0635895803,-52.7299499961,-44.4426354968,-22.0663880359,-33.3714657271,-27.3500160158,-25.1815140815,-30.6533808757,-30.3591076398,-85.0885244141,-20.4730886011,-45.1113225244,-11.984509714,-8.6304101397,-18.6092634826,-42.4495616264,-5.9985556977,-22.7892968185,-53.8476980353,-29.28189405,-20.8000437319,-49.4938900067,-6.3713199542,-17.3752711663,-7.0725047424,-30.4512706216,-4.6398566055,-22.8133742776,-36.4549763215,-9.873944825,-19.3214867299,-53.9969349335,-11.7947594652,-9.1845542131,-49.9733369904,9975.9353305496,-14.8148320064,-35.8743303559,-38.5879729706,-23.0885877102,9945.3377538318,-16.0373178558,-18.5435755401,-34.4034820536,-17.0275050397,-42.0029384743,-23.3070571334,-24.5254268172,-13.1739991062,-23.086278361,-16.2560538899,-91.1673415056,-81.9084297001,9926.4450944551,-46.4981442729,-41.5897586884,-9.1684405563,-12.4655659536,-17.8475043108,-125.9994744504,-27.1794809335,-76.4749606317,-9.9330154462,-23.3496803546,9975.425862026,-23.0171321489,-17.8493878498,-39.7629771424,-34.8210311896,-4.344398006,-14.4948317762,-17.999879162,-8.9460237571,-14.0329408335,-21.4508275488,-14.4433355903,-9.2909703295,-35.7113658727,-17.7743704434,-53.6687714224,-13.3865896628,-46.6546256994,-57.7895423307,-24.9230587752,-5.5803774367,-39.8149221554,-41.7724082638,-8.8878162648,-22.1234446897,-16.1292334073,9980.823762513,-54.4944615898,-19.584184794,-15.6393195476,-18.6459809843,-10.2017112968,-58.8318260546,-22.8396843634,-101.6614348271,-43.3695131378,9973.5822513853,-8.4883218665,-19.4062402299,-11.270023151,-10.4772508003,-16.8622139447,-32.2262433371,-36.4134463968,-10.224085515,-20.9481374638,9968.2382504186,-32.7214932513,-28.3414441872,-32.0608333221,9932.4272411141,9963.6818948172,-31.0802537215,-37.5575160302,9990.5337435433,9994.0338864391,-14.5111046323,-13.1495188536,-14.2279791852,-52.9931927904,9931.98217543,-47.6257454077,9990.6889571293,-12.0050368364,9974.1050926521,9982.1005123149,9979.050512219,9980.7357617304,-15.0141936746,