{"seed":{"0":1695858027},"min_epsilon":{"0":0.7},"cost":{"0":1719.062},"time":{"0":16.8355231285},"rewards":{"0":[-3.313325367,-38.6314343859,-28.1099261737,-5.8202582098,-52.9648840818,-31.7419167982,-56.4981039936,-9.8347779553,-23.9558941152,-15.5690205789,-28.7360206691,-22.251809214,-9.222292125,-10.4172901973,-9.2753131719,-16.30958706,-51.0392013948,-8.0899341912,-23.2276588685,-5.2679017721,-4.6030623812,-44.7910537653,-18.1835702462,-11.6055136672,-16.9749328198,-6.1166010369,-19.2066541481,-47.7860054204,-142.8728419381,-30.6154281407,-15.8103897698,-22.7926572669,-9.5078631039,-82.5146779858,-3.2745286837,-67.1509689101,-11.2273021085,-28.0325764013,-8.1445875107,-30.6870275568,-4.751898404,-13.0123676776,-48.4673248184,-9.1744095719,-14.2183620116,-20.6984438746,-20.7785192161,-24.2544081909,-31.243914462,-25.764759024,-7.4178905514,-74.8929451683,-24.1145563805,-32.8196904628,-6.0467259604,-41.838178683,-17.6192450883,-10.4288158447,-9.9977405204,-14.6930617866,-11.2820570854,-25.1858987761,-54.7673330661,-34.5109396788,-22.7290657685,-7.7124495789,-4.2647005231,-12.6497269636,-6.5198970383,-46.8786632627,-11.2080850239,-16.4298324187,-29.4282480978,-4.975506321,-7.3110467068,-45.9925905182,-55.632514256,-15.3306339777,-34.1064832486,-39.0177881268,-33.708895406,-12.2247280665,-30.6286397665,-27.5292744539,-55.1107010716,-7.3625333024,-13.8825204897,-6.9265285533,-134.190381292,-21.5753578628,-22.369848799,-10.9371162673,-4.9947828655,-10.1317211365,-10.6032311708,-30.820622642,-19.3831524919,-95.5038083163,-56.6135273391,-20.4619945182,-3.2410584645,-87.4005992032,-3.6104488462,-39.7245007759,-7.7146553526,-7.6417708335,-9.8873578475,-7.5239978594,-45.3195226322,-31.7630039953,-3.985255841,-36.9772536774,-32.9221227599,-5.369670419,-10.7711116524,-29.2043102737,-8.5071419118,-18.4416496119,-14.8186949875,-9.9698959834,-24.3136514379,-4.2871898251,-8.3193998761,-32.7383127557,-42.966295777,-18.829982795,-19.2558640016,-10.0524763167,-10.7229337175,-6.1709014326,-13.2318421663,-7.6122882697,-48.8764689974,-15.2372242543,-5.8055543301,-4.3601951822,-16.5024656714,-26.0743710188,-14.1909874002,-12.4441968011,-13.8130999944,-23.2742333018,-20.8363929653,-22.2890484292,-34.0421475413,-8.6210442325,-17.5312903393,-5.1554399176,-69.6942893476,-25.2190697773,-26.569231566,-47.5128845958,-6.9265419797,-5.592290533,-23.8885662279,-82.6985225152,-46.9837885219,-34.1410736172,-11.463066716,-25.204707313,-32.4630494534,-11.3697317971,-5.7339913572,-23.6182208421,-7.9327929507,-10.2342263201,-33.8468694316,-48.433010651,-16.2891826937,-36.6464163849,-7.0561781805,-14.8054200656,-6.4836609707,-9.6063576154,-8.3501234274,-30.9907683573,-61.1424296886,-34.0892475243,-6.7588187794,-11.616214547,-39.6040942997,-17.8729551039,-23.1016094476,-10.7217387635,9981.5543205354,-22.1970925984,-5.3659493746,-12.4682780963,-8.5300282531,-4.1053535088,-30.8587902002,-50.9426230294,-74.7365327922,-13.679915375,-19.2274555537,-14.7280242597,-15.5236449356,-123.1931452224,-12.9676844554,-55.4456142504,-23.0515767446,-8.8521057467,-12.3324753193,-44.2191714347,-16.1327607273,-28.1514867874,-14.6741113129,-36.5187423637,-6.3401916913,-17.3453071684,-39.2500369227,-11.0669960622,-70.1997299366,-17.1493443098,-4.9852980384,-33.6730237706,-14.9136986223,-12.7849217142,-5.0538515687,-9.5764243065,-24.8133033092,-45.3721696566,-52.4110929321,-43.4912296517,-14.7170433425,-29.9276314401,-14.2884423209,-15.1898346437,-10.8032200461,-10.7830074862,-88.5396320002,-8.3665439745,-30.2932106284,-9.4494772316,-11.1401874716,-64.0204523179,-2.6944005954,-38.1803728333,-27.7352994769,-36.0550196697,-34.2235829822,-9.1513793758,-24.6241879396,-9.9980953623,-5.3316716504,-37.6950680817,-49.2536064401,-26.0945950871,-15.2831791529,-21.187063041,-7.8263212105,-18.2438434936,-19.129195046,-18.8257477094,-35.9592353829,-12.9987762751,-11.2625407828,-10.4838949745,-62.8201181911,-9.0260990987,-54.7681424891,-7.1158338113,-17.0274148907,-2.5702960916,-18.8049328773,-29.1211852102,-5.022667682,-4.5590274648,-2.5048383168,-48.2581944495,-14.4279584701,-3.5661243021,-23.6083082866,9974.9606969478,-13.8663416187,-24.0577337305,-14.0200821315,-23.3123298917,-19.1746646744,-5.1770258114,-6.7091179015,-14.8440326148,-5.385131934,-36.415247459,-48.6349214265,-8.4787814155,-41.7433706908,-27.1241371109,-24.494557493,-26.4799054011,-7.1319359597,-11.4172940335,-8.8207242994,-18.5964009445,-38.602697949,-15.5017540697,-49.732071375,9989.4791132406,-40.1572122089,-41.7332778373,-3.0942613439,-4.1984831949,-29.0414071686,-5.4823912122,-33.9259569701,-21.0555854987,-12.1647502009,-64.4562230632,-41.5218477095,-6.6074355674,-4.3047842274,-26.4523217207,-17.9644333367,-32.0595213663,-24.9536192911,-16.3434389739,-26.2325307514,-6.1700383037,-20.4170044058,-9.4340406515,-20.7410344887,-15.0803956583,-4.231264829,-8.9401640712,-22.3488670954,-4.8963017805,-7.6465813384,-18.0302689701,-11.7484938401,-63.3467073552,-3.9314119446,-7.9625459616,-12.3336491746,-14.7743761976,-4.7701027507,-28.1066079228,-30.3607955363,-3.3984605617,-8.308720095,-15.3139813449,-41.9379774781,-13.1766383624,-18.2978389171,-22.853668969,-5.8146862335,-5.5140718775,-12.5211878955,-2.2151607625,-6.6248113104,-16.4383716403,-24.6379020982,-9.6297733424,-6.2597845247,-24.5410072522,-23.2639256251,-7.1073866568,-16.9464764203,-2.7775045602,-7.4267385813,-39.6494737791,-95.6251508078,-3.7616306614,-2.8524816873,-24.870835643,-6.0890039301,-21.6947343385,-28.9052322872,-15.4168241078,-15.6617743244,-6.3767941092,-3.7577983693,-15.1304859032,-33.8649356777,-14.4068808633,-7.5511806644,-20.1698810225,-40.1534221141,-39.6205436177,-30.272384288,-15.1845983286,-34.5082620613,-13.6020937588,-11.2911199385,-5.6458563101,-15.3608799311,-7.1145640528,-17.5136345589,-13.75387401,-17.0923643785,-6.7132954452,-30.2144913582,-17.3969165201,-14.4569174024,-6.1504088354,-57.298253219,-16.0084605809,-19.7530243076,9950.1247240385,-28.4801317326,-33.9259857411,-10.7657813522,-40.5527227879,9994.003201249,-17.1655845588,-19.6178832628,-8.4794450657,-17.8689444318,-24.5188785463,-26.7608768622,-68.8791120898,-12.4030293905,-4.1368615484,-24.3448027175,9987.1389273035,-16.8756921814,-10.7255269402,-23.7662340153,-24.5981003493,-46.1300351581,-38.1793370787,-9.5202269453,-44.2323523714,-11.6209291486,-7.4363634271,-31.8527214453,-27.5375393922,-28.0192113304,-20.8480605494,-49.5833638625,-20.4753519168,-10.7721589154,-26.437347394,-67.8997216889,-3.5675091444,-20.0962254416,-40.1835510656,-17.7227054678,-14.7336959753,-33.038789011,-22.970661291,9980.9490082649,-8.7107578463,-38.8962154677,-12.6049363299,-12.5113558987,-20.3192042336,-53.6827598641,-57.3558641934,-69.2109410214,-38.7853993122,-29.9411902355,-13.2085530316,-7.7972260956,-8.7009124231,-5.6145304867,-21.0788094192,-39.7359017491,-14.463095487,-54.1289667964,-36.768886698,-39.5993969606,-33.8556925266,-12.6168149011,-21.7423943962,-52.3231324289,-36.9287381631,-30.2249620703,-12.2945283384,-12.4405927585,-11.5117702006,9969.9930335911,-8.9437508511,-47.6786552069,-35.5826560969,-36.3634616454,-12.4335381186,-5.2606399813,-127.2957309647,-20.3042874488,-23.3955623668,-9.4188380751,-60.546473735,-10.3876043187,-108.1704717862,-64.4059314215,-14.7993206217,-25.4677045951,-17.9119397574,-12.1844525557,-42.9502607608,-30.5342000426,-48.2058581515,-41.3612903968,9987.883276207,-53.2154407999,-31.780548528,-65.9895983382,-6.3572068383,-12.1543542933,-6.3961301138,-41.0224183336,-20.4590637162,-17.0697925997,-31.6832681511,-28.4174973483,-2.3120575266,-5.8284847869,-16.4611697506,9959.7575490209,-12.0834396261,-45.9014038311,-18.0291104594,-46.5313095199,-22.4952556684,-25.052217378,-12.7036974522,-17.9097186392,9990.1973304383,-12.3798726022,-13.3870576704,-10.7526195961,-14.7286668112,-13.9607947691,-23.6536820118,-12.9395694713,-7.0641208841,-23.5952558602,-9.6764379247,-29.5730753665,-14.5460651873,-45.3150247718,-51.0383842995,-44.5855830627,-11.7049806371,-10.8090739778,-16.8324110642,-5.2801869729,