{"seed":{"0":1598189534},"min_epsilon":{"0":0.7},"cost":{"0":1719.062},"time":{"0":15.1770567894},"rewards":{"0":[-13.226688328,-17.8296049363,-12.0434940224,-29.5065377216,-34.2207231485,-39.1418350887,-3.0782915419,-5.1008038607,-3.5701042851,-14.2538653788,-41.1652853408,-9.1789553839,-51.5204187518,-3.3758619301,-25.9445487658,-54.8552494538,-64.1947813311,-32.8768928895,-21.3367602746,-31.5479717431,-10.9075282099,-76.6676416826,-11.4247591391,-20.0546514014,-16.0754566431,-39.6934051201,-24.4240283567,-77.8817877892,-31.9616214547,-41.8876263765,-14.0635301203,-9.2002017803,-11.0678496008,-25.9488087863,-10.4448873041,-15.0402486578,-53.6774717613,-35.4204396587,-4.9716529301,-37.3931801312,-20.9703006949,-58.3736388937,-13.8707665927,-23.8925212761,-11.1202856381,-8.4376677107,-24.5509754315,-64.8281529618,-20.2978753604,-6.028412284,-16.6259774934,-6.9745894863,-22.4282922132,-8.187901235,-10.3417031259,-33.609875345,-10.2855019286,-20.6930963118,-9.8302800949,-5.9575206336,-20.7954691489,-25.3852681166,-8.8207319716,-30.6173059255,-37.8171893072,-34.853789807,-7.1093833616,-67.6843365128,-3.5569617097,-5.4770570758,-17.236378388,-31.9452181702,-6.0623063954,9969.5565205549,-24.812160143,-71.7335789734,-16.1446795778,-15.7251989512,-31.1420422396,-12.9117613775,-10.0051423299,-25.1932008462,-39.7265204974,-22.15820193,-25.5003404564,-18.0628472895,-58.0433022159,-31.650246759,-16.5708139689,-5.6092711548,-28.9123387148,-25.0922838198,-30.8548562507,-6.9694260577,-12.7179467507,-9.1220291584,-18.7474178062,-56.3835821382,-6.946766048,-10.449578889,-27.1737804469,-6.9995837801,-19.2963178923,-33.3446703711,-23.1935595242,-9.1876192796,-18.5827347375,-9.5266505421,-6.3083057931,-18.2035238674,-5.770948617,-36.9953832196,-20.6434357132,-9.784676202,-8.1793485871,-17.9579867232,-18.8236838723,-6.8361206002,-8.3086184376,-46.0607623538,-34.9408680007,-17.7922928347,-12.5826426704,-17.5590236286,-16.4410281591,-62.8015455761,-5.198068893,-3.2691120706,-11.205873496,-45.2155367031,-7.1339844522,-28.352024229,-35.4867087746,-11.0658413876,-24.2105727531,-18.5860203813,-17.7378063868,-16.1852811594,-16.1306796277,-9.2308658717,-12.7689001245,-25.8086846108,-15.0854766102,-35.8622005183,-12.9320775128,-11.0448251589,-16.8159732545,-50.6022970736,-27.6669876227,-4.3444478756,-21.0063603007,-18.884712837,-25.4849901891,-12.6996982885,-8.2745421101,-24.5184028664,-66.2571299239,-23.7107271573,-28.7912187188,-93.6825143519,-36.0398113392,-22.4303713948,-31.0423527742,-11.6361796766,-36.0412479692,-12.2684714371,-28.6084348788,-15.7733346888,-14.3318788014,-101.3037024392,-16.3705277937,-31.6653572682,-14.4606192662,-13.1872375849,-39.5859379046,-20.5922253188,-9.6215506014,-4.6427202753,-9.574584883,-30.0870321602,-86.2243080104,-24.0215954841,-7.812578281,-20.0100583283,-6.3266463224,-33.185298422,-22.135952386,-9.3220736575,-2.7034289233,-29.0020791815,-47.398140245,-4.5995216348,-14.5969092315,-17.1275320844,-54.4769630907,-7.8771384018,-75.1261338157,-13.2929516897,-26.7974102298,-9.474998993,-12.7925690359,-38.639929492,-8.9957380615,-3.3375140738,-10.1177154322,-20.4455125931,-41.4572242927,-22.0760761778,-31.5419835468,-15.2560347093,-53.9970749522,-7.5786415886,-3.4197683362,-15.7112814778,-11.1011088329,-33.0897845822,-59.8950473666,-6.8377816437,-18.0979190922,-12.9802995633,-16.7536054811,-16.1978521518,-60.5448203637,-29.1614549667,-10.5520783184,-4.8824552755,-26.8986590814,-13.9093618792,-10.4629247793,-27.87140339,-4.2822872531,-16.0635588913,-23.9169401506,-16.2926121924,-28.4191794905,-13.7348142067,-27.7470495378,-8.3683258561,-8.7720150606,-13.2817079978,-31.5859628394,-24.6813309063,-13.0161980516,-24.512082845,-16.9708837864,-4.9263194843,-13.9803973845,-9.6825949106,-66.7773319344,-53.6184375833,-16.6586152728,-36.2769799697,-12.3697337152,-6.1916452962,-7.3311345925,-45.8753277492,-8.7756114309,-27.5221584359,-5.087624842,-9.478376704,-7.4585458389,-5.9977903901,-10.5869218715,-17.5007087247,-3.4871671919,-12.3816295489,-13.5136633299,-5.901637835,-17.71152699,-24.0146962074,-9.9732986292,-8.8825511787,-30.7533158534,-23.8053817044,-8.5663717323,-6.9642165955,-4.9140266112,-6.4520205847,-15.6226017006,-49.248341354,-6.4067887962,-24.8607773147,-12.3847636657,-8.6723812191,-3.8490790415,-45.4311424565,-7.03092303,-10.529727117,-21.3135114192,-54.7010831308,-21.5849309209,-22.8604493257,-13.57820427,-16.5988771653,-18.499133994,-24.9468101634,-16.1286483977,-22.1588272189,-19.3211376422,-24.4142136225,-7.3527492572,-17.3098018832,-16.0867060893,-13.0877533523,-56.1079985193,-34.4957620373,-28.0502839694,-67.5420852042,-35.5857902137,-12.2322660585,-12.3332693979,-10.6219399684,-19.6567355699,-14.4552141615,-3.8784637841,-25.547701296,-21.6770171801,-11.4773946551,-7.1940179416,-20.9815923385,-56.8787150505,-13.134517674,-16.0245147777,-42.0511509344,-5.3469509493,-14.4239861592,-19.7411419003,-34.8846265241,-38.188557213,-9.0147901926,-4.054728124,-10.8069775337,-52.8502586509,-5.2948333106,-29.9236111777,-29.9135662758,-24.0044652533,-9.6792152816,-25.890156303,-9.2987672602,-9.5289809901,-3.865482326,-7.5079417446,-17.9620932985,-6.3119232621,-25.6481771677,-43.7591295058,-6.6960194415,-5.6519404096,-4.4020204888,-17.0562069514,-15.121507445,-48.2185384735,-6.5681516959,-4.541780232,-27.4876006744,-18.5424688171,-12.5443427657,-7.3815393999,-34.5177277078,-31.2000924507,-23.9793117602,-17.4931304533,-8.1783838008,-29.3171403965,-17.1913863576,-16.4815300014,-20.9751380527,-8.0350353595,-8.6489980992,-11.4893787198,-8.0503395933,-3.8744953094,-8.7505097255,-12.5364614402,-61.4429654039,-18.8544438669,-24.8620413189,-19.539864086,-7.3831889351,-5.3670944589,-6.8361474531,-6.3566832068,-6.1727485284,-4.8611033856,-27.9248272304,-7.0512660182,9952.6676896342,-43.1639657127,-16.3284416304,-5.8637599044,-27.9548928857,-27.7693547057,-22.6997807653,-18.3986542862,-27.8986264743,-4.4123780351,-8.9896040924,-12.7807480067,-3.5591655654,-9.9385874225,-6.9709892799,-9.8938965281,-17.0062452168,-11.2450825631,-22.0934787737,-19.0896215468,-10.2206214911,-17.3572662983,-16.4716673156,-26.5867147206,-37.6027785077,-13.8887522801,-29.8059417791,-3.6816838301,-19.647287186,-41.4682531614,-64.8405973619,-17.2567194582,9985.0679397498,-31.9247581801,-44.9749558366,-39.0449632595,-68.8938811836,-14.1579890248,-17.776242474,-24.6904724,-10.7654034936,-29.840929187,-10.3606919608,-30.6216810298,-10.3562689049,-13.3470871319,-5.6988006345,-4.3909590129,-14.7507667461,-49.2388181656,-32.9507690478,-41.4161451131,-26.6300572159,-9.7343519533,-34.2446682612,-29.0084759254,-59.2200134648,-9.529307061,-128.3957388287,-17.1845465409,-72.9221975644,-3.4637955804,-11.5331815505,-29.8956553929,-78.3946033347,9963.3542280847,-12.1977850195,-11.9424868469,-14.8121217817,-48.7712382447,-10.1793102258,-14.3933757737,-28.1328911556,-5.3296461747,-34.8390015325,-5.2749046243,-14.1940812377,-3.2047053949,-7.5392560596,-28.8632535355,-12.369311741,-5.3614016445,-49.1252956216,-9.0768318951,-26.1648902196,-39.0400837043,-15.096657006,-14.8536939038,-39.7990175675,-5.7427051226,-6.0169058173,-20.1437473986,-24.7495161683,-29.7481236538,-25.8755291459,-13.9494551739,-26.803546117,-9.7509316997,-3.7868129255,-15.4061941963,-62.4802218817,-3.9772249064,-17.3989419958,-22.5296139512,-64.6239270829,-29.6209962809,-30.1715190493,-17.744122572,-3.6852629378,-4.5054693599,-3.1000596518,-38.4366146935,-12.5398813486,-16.7643639028,-12.6019863472,-16.5234838183,-17.240204926,-10.412314739,-2.8279266302,-25.290329696,-14.6378100311,-25.3357321922,-53.3100589037,-3.7285785802,-39.6055539465,-29.1615010003,-22.9583607457,-17.9579982315,-33.3824734971,-4.8293095545,-37.0890921611,-7.8596993626,-7.478977058,-27.721844257,-7.6893388241,9981.069560514,-6.3262301025,-41.988664241,-7.0249233254,-15.3617238793,-11.0522634116,-34.5900579064,-12.8868476424,-17.135655086,-9.0047472087,-17.2919082628,-18.0003107264,-62.9660962983,-14.8962480747,-13.9103784532,-66.4087222049,-17.6046045048,