{"seed":{"0":1936856304},"min_epsilon":{"0":0.1},"cost":{"0":1719.062},"time":{"0":15.9691164494},"rewards":{"0":[-19.4287314499,-26.636791539,-8.6805924517,-21.2692674338,-8.5479314637,-7.40899457,-20.1952953723,-38.7372597385,-56.6007933113,-9.1523690969,-29.5846451294,-24.9689638042,-5.7718692878,-19.3662869539,-47.8776217539,-17.2730632827,-21.8813600609,-35.7128063388,-14.0943860181,-5.2489877417,-21.6052221214,-20.0719561761,-6.0112993158,-9.8848969712,-67.3744022833,-25.5948300499,-21.6963704472,-14.8102804402,-18.0843833136,-41.2112843549,-26.7903325731,-46.0755410379,-13.8786920337,-16.8430371395,-25.8651044674,-27.2640848245,-136.6242972693,-28.8320447139,-40.7790888812,-21.563671098,-27.7461902451,9952.3889450455,-17.9708319987,-12.3528087172,-31.3014256971,-76.6046888996,-16.740683483,-9.9283487961,-19.5453593397,-11.7478071732,-18.7545242338,-28.3119462789,-5.7075086457,-33.064565875,-81.0454485297,-13.1833707676,-31.6482059387,-42.4803638184,-21.7761331443,-39.7616766949,-24.2539344291,-64.89586638,-42.6496981926,-6.6672868407,-20.5868815921,-58.1320606338,-37.739129851,-30.4933280139,-45.8813773235,-39.0757616153,-58.8858272323,-27.0787921567,-49.2687783274,-22.7219267338,-8.1267686949,-9.8458739563,-9.2524038139,-96.3788982256,-17.0213058564,-31.9022094181,-54.7394156426,-32.6580360174,-25.1166585788,-32.3852144108,-9.7018465203,-17.3458288818,-50.3873568884,-35.8297526273,-14.3063973193,-7.3261150186,-42.4168490426,-13.0288918001,-13.0418233885,-5.4863424243,-25.734881339,-6.7907507111,-18.2865511097,-34.0457535019,-5.7303470353,-23.7540063565,-4.197409079,-54.6901252304,-14.7127104356,-26.4127654841,-5.308211808,-66.7936680867,-14.1730592548,-10.3191582,-42.302561191,-43.2250387928,-8.5342901916,-36.0057983079,-4.3292932509,-18.2775745695,-26.1179993057,9968.2225395553,-5.8425672138,-9.149290604,-12.9073632564,-100.5700141361,-12.1200842414,-7.2050564007,-6.2661544157,-37.0767302377,-13.4756472987,-26.8879466932,-12.2660220692,-13.3490186225,-28.2933525651,-43.4102585742,-31.087415773,-25.3733876273,-21.9397651139,-7.3672958556,-15.7766471855,-20.1743558661,-8.141725759,-7.9446485052,-12.3650517206,-7.6743913503,-7.788953485,-11.1235885446,-11.5999742979,-8.0390997374,-19.0299102921,-20.5560583015,-24.7563368044,-10.7878084007,-12.2758118686,-15.1825881974,-81.1668370547,-5.2800738071,-13.0930241925,-28.4424762975,-70.1384113442,-39.6557324224,-16.2910278714,-43.7225558588,-18.2406326543,-20.2311420729,-17.8425250164,-12.9023034032,-7.316795145,-16.805521723,-10.9771424297,-32.6658176036,-21.3663617584,-46.0586083677,-28.1845120157,-21.0313776112,-27.394342478,-12.0115908616,-30.2622300564,-7.5268020692,-36.2597365731,-30.7372712469,-13.7887463341,-7.103924551,-10.3002134805,-22.7820311916,-76.9443416149,-5.8777636907,-9.742956389,-30.593426027,9959.9404172557,-3.5688402809,-14.2591899248,-59.5668205593,-6.7034730387,-7.1184212798,-42.9645541748,-53.0326914851,-16.5176375588,-36.7224158401,-15.2258060185,-43.6279530995,-16.9749059669,-20.4486313653,-10.6155106174,-57.6993722176,-49.4845068369,-29.3327208315,-19.8267374304,-40.494196897,-25.1317499075,-22.5319520714,-21.2745325198,-33.5604180613,-17.8035269363,-12.2199501687,-46.376845897,-19.9169286423,-41.8231391421,-28.2520451359,-34.8579942036,-39.7436718269,-8.2488592314,-40.8966623766,-11.0572043448,9980.5714584384,-11.036544876,-27.3788464379,9985.0148688332,-26.4799533527,-19.6117819008,-15.2711816618,-25.1906459848,-13.9733504169,-53.7269904231,-14.3123241375,-22.4551968989,-10.3954396107,-7.7358921588,-19.5157405933,-19.9534409112,-31.386236739,-7.468327966,-9.4127309589,-3.8652022886,-9.8296317892,-4.0344350054,-19.7194831201,-14.7073245115,-18.2729443627,-8.3017479318,-4.1772809139,-3.7771497183,-12.9513598116,-29.1018683863,-52.8620470731,-65.5035819848,-15.6355121903,-41.3403374642,-22.1721635188,-57.3508005041,-34.0805759563,-7.9651967262,9986.2331579583,-35.5910994152,9958.5913756164,-21.1055779223,-22.3438820467,-27.1555780182,-33.3169063927,-20.740564563,-31.5320479746,-9.0515460556,-32.1012296709,9986.0316768292,-20.9628240809,9978.3102929076,-4.7892469488,-76.8153479656,-15.2053882258,-17.5842250733,-24.0757366805,-74.9122408935,-45.9713057605,-27.9792503822,-18.7608595996,-18.9746297657,-22.6034057147,-13.5131070913,-11.8476750186,-11.2391058752,-8.1642937017,-24.4988155954,-15.4090943093,-31.2643782883,-18.9084527168,-19.3006738159,-4.3312842015,-6.5233437996,-9.5145207045,-27.9094232573,-14.2864245175,-13.5060371069,-42.620370992,-21.1163804595,-12.5407214606,-32.9633457944,-25.2029350217,-17.3601338042,9989.8054967882,9972.2458517068,-7.6758394887,-27.2547822134,9981.9170322177,-4.9551556605,-12.8448688907,-17.5935909805,-26.6240632654,-11.2875907005,-31.1134458214,-16.6685124837,-4.4220258977,-3.1309711734,-35.5673959786,-18.0456326639,-22.8018984999,-49.5567641491,-19.2603791246,-3.2438434936,-17.6369066229,-25.7234132335,9989.4520531918,-13.849332226,-13.2532055647,-16.6628752932,-7.9472263834,-9.9471880221,-18.8934515372,-9.8762081406,-13.0439735384,9986.748549464,9974.8721073195,9986.4149156339,-4.7300861786,-16.5040921898,9995.5067141835,9987.6805483362,-93.8817244931,-81.7248191745,9990.014176412,-5.4837338571,-20.8987818375,-40.2331541222,-31.9266263745,9982.1675601649,9979.9634762227,9987.3891713771,-26.3007582108,-17.0949154038,9963.0541872299,9983.2489110191,-11.5614998494,-16.1096039389,-79.3396795682,-7.6048922144,9907.7241804591,9977.8118685973,9936.8598662342,-78.8862223535,-11.4574544604,9987.642800834,-20.2700883652,-32.5269689408,-24.5733419774,-33.6387978341,9960.0038035212,9991.8934496192,-13.7038777503,-2.5524676854,-94.9930240007,-35.3661507713,9953.587324665,-38.7052261494,-32.3637282563,-39.4483033764,-29.6331242004,9987.4257699589,-26.353909686,-19.5567066072,-18.8884300453,9962.5808166733,-21.9261506946,9985.0079599662,9989.0231587064,-18.6966389762,-2.4450982912,-17.9470518395,-10.5182666838,-16.9951894951,-32.7391413594,-27.1248103514,-28.4451635054,-8.5536357865,-10.3036103721,-38.7770979306,9980.1962659127,-23.4410780288,-5.3708634549,-62.70034084,9953.2910854133,-18.6454515986,-31.9829369014,-11.1788038568,9965.5207275601,9958.7225424324,-12.847628985,9995.6938347664,9911.0958015494,-8.1735119179,9948.093398215,-26.2084417839,9973.2979002952,-20.6673367104,-27.0533931514,-9.1031132099,-24.571414323,9986.1701246166,-53.2840269373,9967.2429017241,9970.7453098537,9994.5540673509,9981.2802425968,-16.7464683644,-25.1123467707,9948.6207833758,9960.3971639504,-11.4974403434,-43.9101732204,-29.4619273859,-8.0218390783,9983.8392662254,-20.2067884126,-18.2461643512,-16.3553194632,9996.7027288298,-41.6224156483,-19.8647304449,-16.8818971189,-27.7951219793,9980.5455588184,9985.1947333795,9973.1846060009,9977.7821884728,9968.6536973563,-9.9421435134,9975.3828034042,-13.1794195554,-13.0751593432,9956.155662413,9995.2062877979,-48.4249145023,9983.2579853805,9953.5985204053,9982.7594690031,9991.9624596487,-10.07811508,9988.3762704777,9990.2554746346,9980.5628252317,-10.583856805,-19.807165504,-38.6136596856,9957.6372422841,-54.3166685528,-10.4768192359,9955.4062805092,-24.9494072223,9989.4035472678,-15.6531027564,-16.0970137659,-35.3609604898,-29.4960190579,-9.1285716752,9958.9177514918,-18.6035687501,9991.1447793171,9915.1366217904,-17.2367217215,9993.3116278802,9974.9243400421,-13.9620108217,9989.6248458356,9989.439230933,9986.976016526,9980.1831885515,9993.4900634687,9959.3702957079,9987.7846282504,9986.2900841838,9994.7448495183,9983.3144512706,9978.7650697504,9921.9513617296,9983.9445257491,-18.705366168,-11.2739820354,9995.9503605002,9985.0429377838,9964.2938167366,9968.6218824265,9993.6425476495,9956.3165131896,9981.066719861,9990.4480904712,9988.2156038354,9968.5801568593,9982.8498136601,9986.9376955227,9954.0354592517,-10.181740413,9989.4999223184,-40.268408141,9986.2231322371,9987.8796990174,9978.9161575805,9985.0262103464,9974.1704832946,9969.6513323833,9985.1396830207,-19.4036681059,-24.1424891486,9983.5117471838,9972.8147245948,