{"seed":{"0":960703545},"min_epsilon":{"0":0.5},"cost":{"0":1715.974},"time":{"0":18.1781368256},"rewards":{"0":[-17.364374644,-60.3292510535,-14.8254024578,-13.1755527381,-22.1797226096,-104.949131021,-11.4959576798,-7.7635410533,-58.9062047457,-4.3878536671,-12.3586300419,-57.9405917995,-23.2955506666,-75.1498391703,-81.2694592402,9971.1674604255,-7.0878070581,-30.8864640296,-25.5698050671,-5.9563352699,-12.4123607725,-18.8203579491,-42.8422871764,-29.1321814719,-42.7298521748,-6.2419868076,-7.5100362706,-76.3991453106,-28.0155612543,-22.3875851381,-62.6388994915,-10.3087872272,-11.3580431142,-22.759852616,-15.2106744105,-20.2566580801,-18.4096563021,-33.5184335554,-12.6178391473,-8.3254283517,-20.0844216749,-20.61744019,-15.2354903243,-15.936001872,-65.7600520946,-22.2836682593,-41.7699358791,-19.4933970642,-5.4400019948,-28.3890505391,-20.4742931454,-69.9645637651,-60.541897234,-10.038040966,-19.911508193,-18.3671462466,-95.4735489365,-55.8506096567,-14.5215504096,-12.6222142516,-29.5399024473,-32.8675806882,-50.2828876072,-27.3236004366,-60.5091136817,-20.6126124225,-26.2581618424,-15.8146862335,-4.6911763296,-32.7150389655,-8.6498458835,-73.1955351303,-51.0829946352,-57.7150639003,9963.5617127546,-56.1854058336,-12.4826175438,-15.2629992002,-9.6186255536,-31.0290567536,-22.6738159311,-42.1707288068,-44.1549853364,-44.2483279276,-68.5185275405,-31.1211852102,-9.1481052403,-26.8913320764,-31.2409088555,-16.7356543188,-11.3308142758,-14.5710940062,-15.3678329136,-62.2133769629,-2.5945807016,-4.4974058183,-23.9819989681,-70.9367978686,-14.8841527623,-7.591483028,-10.8735631302,-12.068037571,-16.6870448194,-54.3094105981,-23.3051198886,-37.2885516506,-27.4618046298,-8.3803655447,-13.3068423102,-78.2929075742,-27.4243697721,-14.717776043,-9.4215329552,-32.3846754348,-27.4745444118,-56.3475225325,-17.204916382,-9.6476976517,-19.193432932,-10.9505216175,-9.5609589553,-104.9696025196,-39.0380735731,-5.7781202588,-41.4097560414,-38.9045513744,-6.0328180774,-31.8618533487,-13.9159772824,-12.0337886178,-53.6702195608,-3.6098676728,-9.5670123658,-11.2740760206,-32.1448234326,-37.874932628,-9.347388268,-47.8430774188,-45.7759835353,-18.4235833658,-63.1426732827,-13.013846505,-34.6255631916,-39.3594624817,-18.2918775738,-30.6634871557,-18.52592935,-33.6786475346,-17.9990601486,-11.9903636458,-41.9936838148,-27.9948193088,-9.1399975832,-12.1461910123,-7.2645892753,-6.4665691011,-22.0427440593,-12.0852004089,-71.0696257281,-3.5269497601,-46.3783439051,-8.1348533352,9971.0243037907,-43.0590802115,-20.4060676041,-50.2708133935,-14.4227796969,-11.2804459116,-14.3347654879,-18.3617488142,-32.1908761525,-42.3981939508,-35.2999622141,-10.6129615102,-7.3253324485,-22.2383444038,-36.186972892,-10.4980215168,-63.3368696042,-11.4313285088,-17.9595844706,-2.7173655773,-6.3810253587,-18.9521999237,-12.6608210465,-11.1761876174,-71.1503129322,-5.4298285826,-17.9509455097,-76.6496233881,-10.3047324396,-45.4888493341,-76.209462194,-10.7622233432,-6.1463118504,-8.9096726056,-9.7148107158,-6.1344620501,-14.0214919086,-21.4545677738,-6.6398297526,-32.8532968645,-12.2621188087,-18.7713705911,-22.2752805648,-34.3250946085,-35.3936366304,-20.4209460276,-2.8524816873,-40.5722966325,-18.3053673189,-18.0612150169,-7.1472459476,-11.5559067744,-34.34200618,-73.6178276389,-24.9197405243,-28.7601000462,-84.9035846701,-17.2927944085,-47.1585088202,-72.7938733195,-49.726480218,-33.4721832749,-8.5260981397,-13.8756135408,-4.7054160377,-16.2426600481,-21.5273583078,-45.2897561949,-29.2254876199,-25.0085967635,-15.2780214785,-11.6206030777,-3.6161090535,-42.9435532905,-8.2396697861,-16.0361957883,-41.6841063451,-10.1390232067,-43.1069627646,-8.7611012757,-28.9163052714,-28.1347651043,-16.8948018544,-36.6133508772,-6.2202493867,-12.0621260974,-17.2487863449,-6.2862787446,-7.2627172447,-38.4481806203,-17.4434257393,-12.5486775907,-17.3967266317,-44.4699391398,-4.385310314,-33.8304642291,-13.4663312612,-27.8990311858,-7.0757961405,-14.0372046901,-16.3107436526,-49.1489184995,9984.820026124,-16.9467487854,-17.1106243491,-53.3302752997,-12.0130274916,-17.9208299847,-27.0009667043,-5.8054200656,-128.8041809962,-38.1383403758,-25.5856751298,-49.1579084661,-43.9607257187,-6.98881385,-8.9026966064,-3.1712255854,-19.9349469368,-7.9879372946,-29.6113848615,-28.4655582813,-31.1253474094,-37.1432659645,-35.1162020796,-13.5569885626,-33.4378307462,-9.5372785355,-10.4060522596,-47.8137425459,-8.4976302318,-30.4975822802,-7.5476667709,-10.4722599974,-39.0493690528,-5.917310337,-37.976285055,-51.2743100244,-41.9168461655,-90.216043072,-24.6923616932,-47.3499412113,-15.7414775615,-4.783600168,-101.9564139106,-32.7532199502,-42.1282513585,-24.2864245175,-22.870448194,-28.4536183321,-26.6192412522,-16.723518727,-52.0470059978,-37.4159744054,-12.328905802,-34.7993244578,-16.2452340901,-38.5058817437,-86.3011705945,-14.94120558,-16.3467437984,-15.7212688378,-87.3013086952,-48.4836091829,-40.338296644,-24.0717394348,-11.0930625538,-15.1206385619,-40.0832420654,-76.320801981,-24.893593474,-41.220586966,-76.7280434403,-22.6363944998,-34.0409429971,-13.7349618977,-14.2704988309,-6.1283453436,-21.7398913225,-13.8938581668,-21.5073970143,-32.7736511693,-4.3461760514,-72.1837697249,-41.8106122653,-12.8305869852,-4.3281098053,-24.3315776653,-43.8462364705,-14.7128600446,-34.0647672717,-42.7993743275,-16.1594927871,-17.7526790561,-14.2580947102,-42.2057181328,-17.004455663,-11.1965306056,-25.3781885419,-43.3537562409,-19.5613176333,-13.6534556803,-28.2814011075,-10.9976848966,-11.1142955238,-21.4897700049,-52.7894502636,-13.4618775163,-60.635684816,-16.6921238532,-32.1825613445,-26.16795145,-35.7366363676,-38.9270042332,-13.5915098809,-64.2131889926,-9.4463603774,-7.1831233373,-16.5700198903,-13.8400181065,-30.9803705316,-55.9217142123,-21.0599548488,-12.8516511655,-41.9783201211,-31.3873626426,-25.6180673969,-30.2737096703,-50.9575916019,-25.3046403726,-17.7410018816,-14.2309464304,-5.3139218849,-17.77187696,-15.1214153779,-54.6023910588,-38.7428508954,-25.111849992,-8.1086103817,-13.0709933079,-5.0821794579,-10.9312949426,-15.02428461,-54.0345922867,-6.0889540604,-42.9446369968,-32.7313079855,-12.6753868256,-28.557180369,-21.8344365399,-14.8044054097,-11.5644364056,-20.6197552934,-9.9661615125,-63.2556338339,-8.2039036441,-30.528919612,-37.7363678387,-30.2456848352,-25.9633860737,-52.8273013413,-26.4111025224,-12.7800766842,-18.0949192399,-33.931007233,-7.6245255189,-35.9085217672,9977.1975759505,-60.1169002549,-14.3086126834,-44.3730462119,-67.6271820377,-65.754950044,9956.991027296,-16.5360567287,-17.0064485316,-30.6509794595,-66.8200050253,-24.7554122975,-20.8953331582,-18.3000638715,-27.7251529177,-14.9695411415,-40.3503842841,-70.2705717174,-39.0548125188,-38.2337103608,-41.3325961574,-19.6471836105,-31.6454554347,-4.2618119185,-32.7909751246,-34.0943610832,-20.9827566034,-17.8841105649,-8.8877663951,9996.1526951678,9950.3654257431,-46.590675523,-13.1691924375,-55.4497208258,-62.7063769878,-20.1233219336,9993.6940994593,-13.0883575425,-28.8842793545,-29.6298960985,-5.8892126155,-19.2128092159,-13.4755053619,-19.1957844786,-32.4363672632,-12.4180612591,-6.8899050366,-14.7648088937,-31.6557746198,-12.4483302293,-34.535886021,-43.6852130682,-11.203391521,-21.4252904429,-35.2500426769,-17.9359002146,-74.6194215502,-21.9547950644,-44.3471696087,-10.749387658,-30.00998736,-16.4427275639,-18.2508290832,-17.3081619383,-32.2860006253,-35.9350332496,-16.8492938647,-9.7238965857,-25.4942659473,-10.3609221285,-72.4076020554,-72.8592409453,-9.7109803418,-46.309168922,-20.0592106399,-48.165500164,-29.621448944,-9.0269430469,-41.6655529108,9960.2146121962,-16.015340677,-13.0360289167,-7.2811536772,-22.5683032229,-58.7869644525,-14.3440527544,-14.4019437662,-12.5555404242,-16.0248734557,-13.6365364365,-51.7845879711,-10.36323915,-17.1024668223,-19.9808231948,-24.587714032,-33.0088326853,9989.9185474884,-12.0920095366,-32.7982349974,-28.4297787129,-24.973114495,-27.6320078871,9977.5871117598,-4.8211270928,-29.0673739208,