{"seed":{"0":1277478588},"min_epsilon":{"0":0.7},"cost":{"0":87434.6000000007},"time":{"0":15.021021843},"rewards":{"0":[-13.0271578701,-87.3787217637,-12.1864684411,-4.855374128,-21.5508584296,-42.9718428185,-33.6436754712,-5.3391597728,-49.6685393366,-26.024524368,-29.1633845393,-36.3404755648,-35.6523374489,-26.3784302179,-27.8332262414,-11.7354932014,-23.6959676538,-53.313804883,-11.8771096308,-12.9706766355,-52.9903847445,-52.4495865613,-27.973024346,-13.2825481098,-3.7567894675,-18.5760637104,-25.6937657161,-78.119683366,-24.3224745329,-32.9912689721,-4.8574935889,-7.4885213452,-72.7653996574,-13.0711429169,-4.3931590325,-32.536365537,-22.7313981345,-13.7860015843,-45.9267568029,-57.0619841606,-13.7858308766,-26.7529782741,-24.9987609306,-30.3593052004,-14.3445034995,-12.1874159648,-34.6548002432,-32.2224378979,-8.1533051122,-14.4838086616,-6.3416014685,-13.8561682066,-80.8331284201,-19.5347447728,-35.717448054,-50.9137849351,-32.8765668186,-27.0537173042,-5.9821351506,-24.5141428459,-81.4167186142,-32.3045444694,-42.2297322958,-18.9248809362,-2.9866771265,-29.7441475068,-40.8166906105,-22.2902050219,-9.0353307414,-27.1279348779,-14.1937206416,-35.5354141772,-6.1561419291,-27.1437972683,-58.281147923,-35.6383259903,-24.2338618879,-8.9375420775,-21.9241386453,-40.5701829258,-95.173755512,-39.4465541019,-18.0069568186,-36.8159368113,-33.8914049628,-16.7929622391,-54.8942168448,-21.2795847008,-13.2644473386,-23.3172784972,-24.6268770655,-21.9475256014,-11.982802637,-7.0199728019,-69.7483154602,-7.1006369891,-9.0625461534,-19.2543295503,-10.7417211557,-7.2215038006,-5.0542831331,-22.0882060154,-13.771516364,-54.4120634726,-33.0759975372,-6.5003020951,-8.5967883934,-11.0886836134,-21.3937191072,-23.5138244473,-5.8075203459,-19.0281015577,-11.3284723195,-7.4493410491,-23.0320431795,-15.7298157316,-55.6506572247,-9.7144539559,-9.9733024653,-11.319906245,-27.6208831151,-12.8356986261,-4.5964565683,-60.2374409956,-50.9159063141,-23.866769347,-5.1584378518,-16.4929808443,-22.9874539425,-12.1542238649,-17.4732324559,-19.8185492146,-2.4644323777,-5.5773142882,-27.8684169641,-61.6251795788,-40.6056210788,-6.0738435512,-27.016537549,-5.6721299527,9968.1295441337,-35.8907720016,-33.9060167754,-8.3801296228,-21.3638395041,-20.3245978299,-26.8968311662,-4.0344407596,-27.2572795329,-55.387611991,-32.2441503839,-4.5237696098,-19.423380051,-30.0347725847,-29.5405123917,-14.3684083328,-29.5225209501,-8.1356128886,-17.5712762223,-25.1482855384,-9.3276168629,-23.4473213275,-8.0917467618,-5.7054160377,-21.5911473668,-26.2711049392,-33.0546456472,-19.1992235676,-21.4797979895,-34.7356715814,-60.1011337677,-39.1182697527,-7.1591878149,-24.8607255269,-15.6218651639,-3.7204958579,-11.3123663349,-19.8109747794,-25.9462251539,-5.3228293748,-13.1975337531,-17.3720047031,-13.2477812793,-20.9122044503,-47.4204339045,-53.1737689385,-48.228571867,-21.7611185383,-18.212901283,-48.0365544663,-69.5474730464,-23.8084582792,-12.5362005835,-17.0283336434,-70.319488107,-4.4039308806,-42.2151972058,-47.695167821,-15.8790315311,-29.4108474199,-64.5439092832,-17.2012663059,-56.1867062811,-12.8444315721,-14.5055115573,-10.5936561947,-7.77540428,-9.1715439841,-36.1699481547,-37.6135983075,-16.0716742206,-29.7389380446,-46.8632113381,-4.6253598768,-15.6799671627,-41.0040567056,-13.8835600805,-14.33243504,-4.5589411519,-28.6704247937,-21.3877673542,-17.2457960829,-20.8879371028,-38.486332834,-7.3686116476,-11.9748733598,-21.785811696,-19.2157956418,-25.1085912011,-10.7236606638,9992.3795254326,-34.2641346941,-19.7892968185,-39.7811508001,-9.5387918881,-35.1918255943,-25.6036512269,-7.0305701062,-8.2960436091,-9.6289984444,-5.3888069449,-38.152760382,-12.3510901318,-16.707337938,-19.3220506407,-7.5884870118,-15.8481698791,-27.4646529551,-21.4734856404,-5.4427524988,-5.2433831582,-12.0269046856,-47.2345715716,-23.8995030296,-43.0331019509,-10.0912250484,-54.9715934701,-11.9052706484,-3.6839567361,-78.6333658765,-27.979904442,-9.9021787291,-8.9640190349,-73.6879808347,-5.4783498511,-14.6072092359,-14.8391242886,-30.274776114,-17.7905128712,-9.1289514519,-8.9031972211,-32.1261990298,-7.0791757695,-20.5678121985,-52.6605870427,-50.6288507535,-28.0002934638,-7.3901438356,-31.5429636776,-26.9271116448,-33.6953941526,-37.9190807102,-21.1290013215,-5.5085651154,-4.5796025387,-28.9373349266,-47.3705910898,-22.7450374886,-6.1696508548,-28.9711657418,-4.7967811048,-32.7387961079,-18.5300416795,-41.4863002269,-10.6429983946,-23.7268542406,-12.253662064,-8.2489148552,-7.0335661224,-46.3495307456,-25.9317936393,-13.9461465132,-4.0240429339,-28.4419430757,-24.8822941582,-4.0408298313,-13.267779016,-18.9635989788,-19.797176226,-3.4272737212,-13.8179565328,-24.0802422131,-32.8125917074,-4.3604828918,-24.3264449257,-15.3152127421,-41.8879044958,9990.4791650283,-11.4790173374,-10.6913451192,-27.7942799491,-25.9706306019,-9.9982123642,-26.0820528657,-26.2308006575,-14.2178268717,-22.7599485192,-19.7618224678,-39.1759497774,-19.8836540656,-11.9003795849,-16.2924146318,-42.1563989497,-23.9884973694,-18.8444852779,-21.2193555688,-7.8752222557,-5.6438557692,-19.3856613197,-84.896735263,-11.6162874334,-3.0400069818,-18.1275263302,-18.023925932,-9.7025792208,-4.3326652077,-17.3475589757,-8.9619053282,-46.1289226809,-14.9772133981,-13.0782915419,-58.5237370027,9990.2333344202,-10.6205359455,-13.4128211079,-48.7577024661,-9.7552243272,-14.5017329709,-19.2513949121,-17.2058926766,-15.5477761005,-10.9827105699,-32.9513617296,-4.7801131274,-18.8941669752,-18.3682165264,-40.4720854536,-15.7152998222,-14.5319616617,-39.9419056734,-55.3141462984,-27.6168647707,-13.1229901085,-66.7453117717,-5.6586478799,-36.1365489039,-9.4003920523,-12.8667444122,-5.37448476,-25.3717898799,-20.8863777167,-31.5001333055,-35.6588147514,-29.4247188597,-16.4032864111,-21.8679719732,-5.8509357276,-12.8856891317,-8.4781561266,-28.7806578576,-9.1242234238,-22.8798236915,-11.9611649554,-44.092648252,-5.8858732658,-19.7270153579,-22.3844874645,-29.1943401763,-10.8565307207,-28.074376773,-73.0375077442,-45.3240665261,-14.2946721932,-25.1590036808,-28.7486511214,-12.1513314242,-11.7065246788,-32.9219520522,-19.0610538995,9987.3229924102,-9.0215436964,-27.0907436143,-17.7435164637,-4.0385166459,-14.8146747251,-25.4548669918,-33.4514988712,-44.7718807962,-4.4580202893,-13.3843532,-27.0346824357,-4.6540080827,-35.7208890611,-3.1479824842,-72.0329024722,-18.1989838096,-9.0943150497,-47.5875797675,-24.402983357,-23.7023413809,-9.3911968528,-13.6004691585,-20.4685773143,-27.3662716094,-17.0964287564,-5.1936170662,-46.8004772144,-6.4213008695,-36.291852639,-41.0687875341,-95.6805809433,-9.7467464837,-19.9562010054,-3.3657403056,9982.3514411375,-37.7202637722,-16.4399693877,-6.3631317384,-35.2709821831,-49.5635924574,-8.4992893572,-8.0202125599,-12.5560525473,-3.2626903918,-13.3451307065,-6.6993760537,-23.0260415568,9996.1772080275,-14.9886757493,-12.6297944411,-31.1537865463,-5.2314067658,-29.2666799652,-13.2172495344,-24.978287514,-16.0900435209,-50.1725241149,-50.9184573394,-37.4794527379,-14.8342447335,-11.7177549443,-47.709223395,-22.0696660075,-36.5557207222,-21.2274977511,-14.1590727311,-13.1522041434,-35.56528419,-22.2384805863,-14.9414319116,-20.3700808848,-19.9370683157,-5.045189591,-18.9085390297,-5.4945248859,-15.7816188078,-43.1510667314,-20.6970436877,-17.1614664751,-22.4242259173,-25.9669038033,-26.4801259785,9986.0998793538,-18.7957798753,-26.3540899841,-20.1207363832,-60.4691239626,-34.7111184424,-16.9835756168,-30.2617908198,-5.136880729,-18.2356687043,-4.5128462346,-32.1842166338,-9.0739356183,-59.0273822836,-86.6385810929,-10.9565347486,-23.2887050957,-4.5487965107,-42.9660099854,-80.2014830472,-42.4792973747,-13.7319236841,-32.2849667887,-21.2583517308,-21.4523428194,-27.8029093197,-10.4725688058,-24.0859714707,-9.0807025485,-39.2411447774,-16.0364489728,-27.141545461,-16.0426711728,-37.0847899432,-30.2194169469,-8.0080386068,-31.3423149883,-24.38250035,-11.122105881,9927.4481940467,-24.7246158597,9991.9550194779,-29.7832357358,