{"seed":{"0":1598189534},"min_epsilon":{"0":0.05},"cost":{"0":1712.931},"time":{"0":11.7502279282},"rewards":{"0":[-13.226688328,-17.8296049363,-12.0434940224,-29.5065377216,-34.2207231485,-38.5884678312,-9.2543890103,-49.8465836401,-29.908727,-20.1877650525,-22.8642068133,-3.3758619301,-119.5634102413,-3.83533803,-4.9284523716,-49.6323895818,-25.9724623532,-16.3256949626,-4.6225403225,-33.3828609461,-104.6138936894,-11.5527669034,-43.4260845214,-8.2543794199,-17.1189794364,-12.178748233,-17.617798868,-34.5840697101,-49.1490374195,-56.3048820486,-25.9488087863,-57.589269582,-61.3031078393,-21.2650112494,-28.4500373063,-44.3738959143,-12.6226055367,-21.8905878675,-22.6359418366,-25.2703722387,-18.4319461254,-27.8156337572,-31.700910505,-8.2237671163,-13.1233180975,-13.5298575454,-16.748967602,-5.0084893519,-13.3919813411,-27.6377505711,-35.6331913327,-7.6177796873,-11.8664298497,-5.5208790872,-32.8389152196,-8.8092523578,-10.9908853592,-5.309259071,-26.0752629186,-22.3409780976,-70.2114128652,-5.0970387008,-14.9158813792,-27.9238912151,-13.5177545607,-4.1433369329,-32.9011736634,-13.4458118111,-16.1722325691,-16.3590673605,9991.8473163406,-7.4328514517,-12.8709699075,-9.7789315999,-12.4769650088,-18.3475033518,-17.6904724,-27.4826923483,-8.0319415221,-39.8067090047,-7.257402289,-17.8994991935,-21.0341779848,9975.9421531037,-5.8684649157,-26.2176619182,-17.4235661032,-4.5488559706,-15.2396122442,-42.0096056652,-5.2190716953,-50.0958552552,-3.3474726628,-37.1309328121,-38.206381783,-6.5537316897,-54.1673204069,-19.5841943843,-12.724086474,-10.9377108672,-12.4767060701,-7.6381878897,-5.7701315217,-10.6781987076,-7.8222491604,-8.6824759906,-19.8094863616,-4.876068122,-40.3120747892,-19.9060206115,-9.6499475409,-10.0518606181,-15.9913054153,-10.5205319175,-16.7866613984,-22.3773618562,-16.642501616,-18.1814929828,-16.8506211651,-69.3862213945,-23.2206962956,-8.2921384305,-6.496172503,-5.8068509415,-29.7477668938,-14.5510176289,-10.1072984258,-4.9523073353,-9.2181836316,-7.7607234171,-3.7059684402,-41.9083318788,-3.9762486118,-8.4498800251,-23.6728089474,-12.4320036673,-15.3660318514,-48.8515092288,-24.9745338625,-15.7572785739,-30.3187362259,-11.6006513746,-35.2500330866,-31.244691278,-18.1791299277,-12.340661617,-6.0580252762,-9.2643073199,-15.6011654158,-11.3413329395,-4.3774098078,-16.7496293341,-55.2172169273,-31.7232271813,-9.8379446792,-8.3626541404,-6.9967469632,-10.7827888269,-15.5231692557,-34.026707125,-13.9307291137,-3.8744339313,-4.0326320251,-18.7439115849,-8.5014970491,-12.9994840407,-7.1171841284,-4.3675950736,-8.4626888574,-6.662988459,-4.3179594099,-38.7013727585,-8.5517407391,-8.8319929262,-6.0723551334,9983.8854014221,-6.2263277319,-10.3208211616,-8.0065252542,-16.1609198268,-7.151983566,-15.2000694339,-15.92344047,-26.3795542035,-34.8298274318,-16.6301665455,-9.6437656202,-16.4643000313,-4.4837185126,-11.0252609047,-4.7096607136,-5.560559998,-17.9167847874,-5.8768123309,-17.5455358016,-13.2491431048,-45.6755249262,-5.0086312886,-6.9664031886,-24.5206489195,-12.5986565879,-7.2236213435,-6.0223301027,-30.1730535006,-8.4365015277,-14.9070180049,-14.3545100401,-16.1395621827,-4.5786684415,-12.4395128884,-5.5975345204,-3.0668215184,-23.3879687509,-8.482981976,-4.9104264048,-5.9545495522,-7.492581887,9971.7032850684,-14.5072512415,-9.8581342223,-6.9558615081,-9.2337659847,-7.712990473,-17.7017736339,-5.1637029379,-25.2231360732,-12.8413818501,-22.5228105777,-10.4118237146,-3.9588978036,-22.9261813837,-4.5809432656,-7.3130990354,-18.7924002463,-8.6711632484,-7.7342445417,-20.3784513167,-14.3419083587,-5.9217314749,-22.4418797796,-8.1268569258,-5.9101540397,-17.7816399065,-3.0018336693,-16.6183838775,-8.3398445217,-9.2091783205,-4.0529654231,-13.7609842738,-4.6979605224,-5.6643790555,-12.2941926772,-3.5772874353,-10.680542582,-5.5435448511,-17.9261660391,-8.9693896144,-7.9142184176,-4.3100493134,-4.8553511112,-17.5232095351,-24.4453361311,-14.3612558717,-6.1643167184,-6.1569724508,-8.5849788725,-10.4829359424,-13.6804274981,-17.6498362932,-5.8322250119,-6.910102252,-3.9425616514,-4.1673491778,-10.2577935741,-4.4849786807,-6.1035888898,-44.5936178334,-4.5368086098,-10.9159235767,-7.1704737043,-22.2675565206,-5.6404339428,-18.7544532654,-9.5141083208,-19.1913038808,-5.7276406468,-14.706024064,-25.3636170086,-11.9883688591,-44.9315404548,-60.5469148897,-8.6008355087,-39.1280461256,-30.7867668919,-2.2454450772,-10.3850974089,-13.0898478783,-7.3102372837,-7.9649627224,-9.57838265,-9.1160236996,-30.4523965252,-13.9713383676,-4.2116871484,-12.6106464068,-5.1062645893,-8.7488889613,-8.7997521861,-8.3426813386,-7.5258046759,-4.1745898699,-18.4045465792,-7.5040039589,-8.6980276546,-7.692864226,-7.062354347,-14.8474256702,-23.9615773392,-5.275376468,-10.3202610869,-31.7807518428,-19.9570085105,-10.1314948049,-10.8260526815,-10.3422919716,-15.1724742452,-6.410342969,-16.8686452138,-4.9141512854,-23.802051945,-5.203569901,-5.3143208423,-26.666786226,-9.6922159203,-7.7932614571,-13.1038439923,-3.6330148708,-6.5699182329,-10.9273034512,-15.6936276155,-4.6886886004,-12.319666487,-12.0616408271,-7.1303727374,-19.0482604117,-27.9869840168,9980.7241305895,-8.6231310863,-11.6870102943,-30.8616730506,-16.0004526631,-29.9232812707,-10.2801275129,-11.8086539218,-7.3904660704,-6.9470537576,-14.4078533218,-10.4814417704,-15.3033782864,-16.7337822882,-3.9567418995,-6.9333645338,-7.3361177231,-10.7610955215,-27.127190669,-29.2319054625,-6.6163162044,-15.4034206756,-26.2310365794,-24.0599452584,-16.6164082715,-15.0004143019,-5.426011635,-10.7552530982,-7.8717678222,-12.5315761308,-17.196333045,-6.266342386,-13.1964289482,-28.3090058865,-36.0769220441,-36.283658669,-27.7162914614,9986.0813393458,-11.3428232753,9990.0860347668,9971.874334192,-7.8657757898,-10.1623545388,-2.9047297544,-4.5643999624,-13.7350213576,-10.757522168,-37.9862915956,9991.5706202444,-6.6461938894,-7.6687445695,-14.2425756532,-34.7242092301,-15.9705999129,-45.0644929885,-14.7091370821,-13.4804961648,-49.3641157053,-9.5910514636,9979.1426924634,-14.9584873379,-6.7910096498,9982.7751108162,-23.6596126661,-30.0510703757,-9.8003314415,-6.6184395014,-13.3816487296,9981.5903187631,9979.2745747172,-14.7101459839,-16.4350610616,-22.7773127538,-13.9246833756,-17.746485627,-8.0811782284,-11.4208366979,-10.3351951343,9990.5657176725,-8.2227908217,-3.2832597116,9987.5685238003,-16.3069305411,9987.7472259997,9996.0419308001,-44.0326761406,-4.6458256211,-5.0438181752,-7.7158061911,9984.8587863641,-4.6597968003,-29.1247719901,9977.963813802,9990.270769278,-21.6491227734,-23.3734835305,9985.1621991756,-7.4289788802,-23.1204429194,-10.8820045305,-9.7656202348,9941.63215366,9974.0951781786,9992.2725434873,9983.3853851185,-39.5565665885,-21.2139600544,-8.7281297532,9943.262544619,-4.1403965406,-15.3395050244,-11.9432732532,-14.9562643016,-4.4369407644,9961.2130029404,9989.8064136229,-3.9198057385,-18.7639879622,-23.2577091793,9975.1011049967,9986.632364647,9974.8370892226,-6.3437343558,-9.1703471121,-7.2333325022,-11.5411568612,9976.578624326,-4.356990097,9988.7408407642,-5.6787760449,-7.0781994748,-29.4784265736,-8.997846014,-30.749238049,9979.849004237,-7.6748344231,-21.1170958975,-20.8037839569,9986.2572430897,-19.6568046202,9971.6366457662,-4.8912150744,-17.9421972192,9985.9382268264,-15.8407258722,9965.493360621,9957.2447967715,9985.6727398971,-21.260152793,9978.0536022204,9985.1715056228,9989.5623476338,9973.0347342234,-11.7001816407,9980.1487880712,9991.0535983842,9967.622436747,9979.5772298934,-34.6793514642,9982.7473410836,9992.5961669406,9986.5387631172,9983.5233131105,9973.6466139455,9984.3139621643,-56.4099382575,-9.6768694892,9985.5400232853,9994.2765196343,-10.7372808372,-14.7467100405,-15.7290868672,9956.0490295555,9965.1945549995,9963.7437715662,-58.164752119,9992.1443247359,9978.3525862218,9977.3360774438,9989.0194203994,9974.2333248299,-20.3202821856,-8.7091428363,9981.9391590056,9989.5110681891,-7.3768631596,9953.0503280849,9994.2621801868,-9.8210331077,9982.8639344482,9981.3629687029,