{"seed":{"0":960703545},"min_epsilon":{"0":0.7},"cost":{"0":87434.6000000007},"time":{"0":17.3645021915},"rewards":{"0":[-17.364374644,-60.3292510535,-14.8254024578,-13.1755527381,-22.1797226096,-104.949131021,-11.4959576798,-11.4883007678,-21.4067983865,-45.6079822157,-32.0171379031,-33.8161305358,-6.8855471949,-90.0079944913,-71.5852569918,-7.9667772111,9969.7183859874,-7.0878070581,-18.1391478808,-17.0439044881,-40.9744839928,-10.1187914661,-31.7866096107,-51.3832522312,-28.0649936033,-4.8745336707,-11.0045937636,-82.7636254481,-18.093664826,-58.8819738414,-28.1326840047,-4.7244950217,-13.3933009692,-20.2471790072,-11.2704221084,-29.7454076749,-38.4237329748,-4.5729756272,-10.8977173119,-23.3700693764,-22.9162726643,-89.8359748273,-23.1674853604,-25.6296237334,-9.660147806,-10.1883654066,-18.3283284646,-48.9406320789,-67.2168735938,9983.2708460005,-6.6010253971,-28.0184421867,-28.0314639241,-5.3599899493,-19.101172129,-17.6384564187,-35.1409009914,-5.5032789306,-27.8015590025,-17.630778408,-23.5857039008,-19.6234782559,-7.9691210855,-11.6010752668,-29.0785773335,-18.8700760896,-21.8988163626,-6.8469288916,-7.2594833886,-8.1158664183,-36.219957841,-39.1637125282,-38.5362657977,-23.5101820435,-4.3209477539,-40.2057699205,-7.6820827875,-33.7928145481,-14.8367804143,-26.3771048356,-19.5866475883,-16.9548948038,-5.5382912734,-28.9828620969,-17.6373113344,-15.0953776572,-37.1013332464,-14.2473861581,-47.9973933508,-14.8281702244,-24.704796503,-27.1406056096,-15.583317829,-25.07147666,-4.5361487957,-20.7899201894,-62.4096102685,-45.8185549688,-14.9437144079,-13.7684877407,-30.5740152179,-10.2781634152,-8.9515842251,-10.4236236451,-16.1445606578,-38.6109916583,-22.1897272321,-85.1272865722,-21.1988476271,-14.7588552226,-101.2509940367,-13.488425442,-23.1827684954,-51.0816577445,-2.540581442,-23.0028253085,-60.7093576595,-38.7623556896,-36.1026413661,-15.2573332387,-43.3280465092,-56.399634417,-4.7254655621,-41.1598111858,-5.1550505506,-18.776273163,-25.5973925836,-13.6488388999,-8.5940302172,-43.1060689467,-16.6849291947,-11.7436104488,-21.2914421732,-11.4039366348,-21.3097232425,-60.5127042978,-30.7194351685,-43.9559746739,-3.1690946162,9981.714576712,-26.1292621783,-13.052633598,-27.1982280924,-41.2985083215,-30.0705329725,-71.5185697379,-10.8593368485,-9.9518067205,-52.2715154049,-15.4879094827,-42.9008821177,-7.9523015811,-32.7250838674,-58.6330455598,-21.9150412671,-32.1975970493,-20.6105409133,-37.86966946,-5.8015398219,-65.9161537443,-55.3971064084,-29.9616809147,-15.1943574389,-14.2217378045,-44.911088137,-27.1399649761,-15.1205292323,-7.7233288387,-39.3784570708,-23.6751566579,-39.3326805522,-19.358006671,-56.9184036336,-6.8110706826,-3.0614912181,-18.7130902123,-3.7083142326,-48.6882973153,-12.7960388139,-35.3661891326,-24.8490828776,-50.1210797167,-6.5051682238,-4.1799834663,-15.1334320497,-24.8799311031,-3.5385118508,-18.9900164762,-45.4517827447,-34.8041656517,-6.1554264912,-51.5570365142,-45.3979330941,-53.5139989911,-7.3234258927,-7.9207551802,-16.6115114537,-27.897632917,-53.5953364189,-24.1290013215,-12.1826438212,-17.8446406411,-16.3092859239,-7.062385036,-19.8245585096,-70.8100042389,-53.466444427,-60.4450771925,-22.3505760906,-8.0340302939,-26.7594172154,-10.525509294,-3.2867889496,-22.6286915542,-12.4836648068,-14.7761024553,-37.2187149354,-37.1139924697,-35.4489267472,-42.9669747717,-15.4147487624,-26.3970853097,-29.8315421811,-11.4754248033,-43.3699945719,-20.7968271383,-37.3148041944,-9.7670760455,-58.2503514853,-11.7454594627,-27.8470036961,-24.7107118128,-28.0561455734,9979.7399546186,-16.460285523,-14.4712798667,-15.0330213922,-24.5703325348,-28.8372158148,-3.1014943638,-29.4430536348,-4.0142531346,-17.9396845552,-8.4755820845,-53.5747268197,-17.9284466174,-15.6665809931,-15.8446003617,-9.9829925253,-53.7596090218,-19.0787940747,-48.5695403743,-60.230367175,-24.1773998339,-32.647197037,-15.0269181121,-20.0267512405,-18.2384575695,-14.4138511084,-41.8470535658,9940.1153082617,-8.3353313168,-67.0991178823,-46.8879754641,-8.1671976508,-13.6132396295,-40.368055409,-5.8737645269,-26.3463218243,-58.2660182331,-40.6987008952,-55.474041879,-13.0867828118,-4.178180486,-8.5051413709,-26.2345504729,-38.3051735944,-11.0977733193,-15.4905813461,-28.2519166256,-10.9304740112,-41.3939511929,-11.4142328031,-12.4692026032,-8.5949950034,-61.9298621487,-25.0293003477,-25.7534961514,-6.1563452439,-47.1857069697,-14.8912400093,-43.2730632827,-5.0816865154,-33.0648842736,-36.648602978,-43.2160603346,-46.2566484898,-42.7946098562,-6.5540289896,-6.0048220132,-5.4515353144,-51.0748466987,-39.2927407027,-48.0146060584,-7.2756987028,-38.7464875451,-14.1035869717,-10.6808763251,-9.6346433072,-119.8556311486,-18.5896819658,-50.3347290447,-18.4902936364,-6.9623119578,-3.9794901402,-20.8681925506,-35.2959572962,-26.7651982607,-10.0904578227,-13.9674370252,-15.4917954807,-46.353967228,-65.0261873297,-43.1258998118,9987.6434625661,-62.2079239066,-18.7391356052,-50.0673528221,-13.7209907185,-27.1457882189,-35.1288766474,-28.8323266693,-58.3517077484,9982.3433622513,-30.5595606866,-9.2019874981,-73.6443640562,-68.8692474859,-9.5101417641,-4.2938359173,9989.4909534505,-24.9261142514,-22.9776622251,-88.4721660123,-27.1613168661,-18.5892715001,-7.6819159159,-9.6489885089,-20.242238074,-22.1120859139,-12.1940332861,-10.7582913117,-13.0092949388,-19.489532165,-71.8932309599,-18.9373943866,-38.6197572114,-30.8491749447,-23.6385408135,9978.3074848617,-10.0758153211,-44.4442083094,-3.7977247923,-11.6715948128,-44.645044969,-16.3338524894,-18.3860948022,-19.6307266202,-14.5612831082,-52.2020584664,-17.5189533508,-28.1972939951,-36.1418676958,-17.5887747214,-16.0510780479,-21.9911078547,-34.3852163289,-15.0157166175,-68.5295679177,-34.2653104675,-34.8421433216,-5.2675239135,-28.2452244998,-33.4417301706,-5.2430609235,-50.0492769857,-18.2025322283,-7.791165013,-81.9077372789,-17.1896792805,-8.7840374866,-10.0909967988,-18.3873568884,-14.5522816332,-3.9239046415,-28.5915098809,-23.8678779881,-12.3322547419,-12.8031068803,-47.1663230135,-31.1626997904,-5.8560185975,-5.342276627,-3.6771476085,-21.4197146304,-24.9154766677,-24.6094687154,9985.1764024405,-28.8346110837,-75.2132580429,-20.3151878072,-22.3718282412,-6.001344563,-15.4423688859,-30.6464278933,-11.8032392267,-23.1555991169,-29.3667453712,-40.7369681927,-17.2847884088,-7.0569262255,-49.9483925664,-4.987438598,-30.841437474,-9.9776775696,-14.9652350875,-46.2434100111,-52.3106419952,-11.752796058,-15.7299404057,-14.4823797038,-28.3525804676,-66.1244727721,-25.0928860919,-8.4135691529,-49.4178905514,-11.9225888495,-9.4332254742,-11.5229294977,-42.6412126769,-7.5437596742,-37.0698213707,-3.6774602529,-14.0990929475,-15.4918108252,9990.2790783318,-19.3309888196,-35.8076546104,-31.2383405676,-63.9654019591,9982.5256742475,-26.3510632789,-17.2371724666,-17.9099334624,-41.8688581189,-10.3938130923,-16.880794232,-31.7000166872,-21.6168283275,-43.9604763704,-72.3245326157,9979.6948436682,-35.2470313162,-46.8267144137,-8.5460191538,-29.0082994635,-30.497309915,-14.291823868,-60.3613709555,-8.4067389265,-41.1862881431,-60.0208608655,-35.9250784968,-16.334111428,-31.3038482121,-32.7058591105,-9.5260003184,-34.9069374462,-21.8902867314,9956.2176235569,-6.0550465226,-33.0081882158,-37.7971397828,-24.4777379886,-8.2267688867,-13.6039466088,-21.174532328,-7.1829219405,-5.7562389831,-42.7677934015,9993.862281077,-11.585590735,-16.3970776375,-19.8252394224,-6.926281123,-17.8285097217,-5.8041023556,-15.5589852673,-16.2812284817,-19.5233668163,-17.3659743094,-12.4552256698,-51.5567794936,-4.4103985929,-15.2560960873,-41.2508674445,-64.6538853266,-4.3587297812,-7.0196064516,-33.1616870525,-9.6984668913,-9.7256899756,-49.5437903633,9974.6563020874,-8.5794222407,-16.6175265029,-31.6812887089,-78.2727257034,-9.0832957712,-16.9198402636,-39.4043240838,-10.5976265874,-6.6990825899,-8.3146162241,-18.9323249431,-33.8931619095,-29.5658193299,-59.6693123165,-37.0750269968,-35.2441868271,-35.6378407201,-32.5262995364,9991.7322861982,-16.842874104,