{"seed":{"0":188312339},"min_epsilon":{"0":0.1},"cost":{"0":1725.644},"time":{"0":15.4089922905},"rewards":{"0":[-6.975983919,-34.5771550889,-29.0360154903,-51.8510891727,-48.3107321443,-18.0458973567,-13.9501686937,-9.972755817,-121.1805972468,-3.5183951941,-17.1796439689,-26.8743226836,-35.3756106637,-10.3562995939,-12.8105412969,-8.6428756385,-16.2123009289,-5.7460099471,-23.2992659569,-20.7727113179,-48.6046888996,-35.9565443389,-29.6886886004,-14.8984538485,-23.0919136334,-8.5092882256,-26.5536089336,-13.2350280709,-6.2134939648,-29.9663974344,-7.8722262395,-7.3605059086,-17.6461133307,-7.6979854572,-9.7692089328,-26.2284721277,-27.7881114549,-4.6438519331,-9.3581083284,-17.8809035617,-31.9194355521,-13.1494939188,-19.2442482052,-25.5784344377,-39.6104641907,-13.3741337543,-3.0244150384,-5.3585533193,-7.875619295,-28.0490007845,-16.7955075102,-21.9598913608,-79.4856730199,-20.2229327584,-29.2595639473,-5.1627861032,-9.8669400547,-26.1886665426,-7.7883473768,9963.6900427536,-26.0977311219,-59.9277062446,-7.5636576716,-6.1884574736,-109.0238683901,-19.316049018,-19.1498410884,-11.0717547793,-18.0721997702,-38.538607754,-23.9570008382,-59.8321866507,-44.8234115072,-9.9564925512,-16.5290730571,-8.7976883491,-19.5720070048,-7.7054006932,-28.1712466841,-95.7383261822,-31.2002765848,-11.2555014875,-9.464890795,-34.5472697316,-16.6753043488,-46.0971135053,-8.1962678308,-19.0348377989,-10.4679059918,-16.0896694984,-31.8658544304,-13.7479337654,-22.6848735708,-38.1244746902,-30.5159937778,-9.6288929509,-3.884772297,-16.803306359,-10.6710577548,-14.1748238738,-6.0534545294,-20.1519260241,-13.6450219522,-15.4593475897,-40.7500781611,-51.5444482593,-26.2299989067,-15.3067847683,-16.2922151531,-10.3764603661,-8.4501447179,-17.7248421913,-13.7241037366,-25.2974898295,-6.4037640091,-9.148513788,-7.9193895185,-51.7568278288,-9.4385883815,-4.9350524303,-39.0900550293,-11.1411215688,-36.8281184366,-15.3651437877,-16.6257396535,-23.1851430588,-12.6328460811,-10.6557650295,-59.9045302757,-24.8518659887,-30.69543635,-29.5864039942,-24.7583507717,-26.3756586153,-38.531311438,-10.3182547918,9971.2992793833,-23.093367526,-29.9671608239,-28.8344000967,-28.2016153936,-9.3309945738,-18.5725325543,-4.7288643718,-73.265717097,-12.4091806222,-38.7301667373,-33.4384061654,-20.0361478367,-21.2520106107,-68.1983757833,-21.1551944054,-51.9321024476,-5.9875709444,9977.2714233379,-15.4931784049,-39.9829369014,-35.6059222148,-7.4375181017,-51.8181445031,-22.64166534,-25.6430789533,-28.9219789051,-28.6554773199,-9.5375355561,9991.2731745304,-23.2201189583,-13.1382003571,-37.5617472797,-24.8506940515,-30.3625774179,-22.6847393063,-31.7922103579,-25.5763092226,-14.8926344419,9972.2399306428,-19.35199354,-29.1001670634,-40.4947492994,-78.3008963114,-55.7823783612,-22.3484527936,-21.2754551087,-29.1282245056,-20.1326667421,-48.2949388042,-20.0078928339,-31.0288668653,-21.9428033275,-20.8989122658,-7.6855755823,-56.8249229418,-10.4745751008,-33.759526545,-16.7104452019,-38.5334404892,-14.8162993254,-14.0171091321,-22.9290201186,-26.1329295169,-39.3683776438,-15.8673217495,-20.9141205964,-17.3755454495,-32.0333628076,-21.6106348984,-20.8487433803,-5.4568502702,-5.6720225411,9990.8475349999,-21.7879158123,-12.0028943588,-30.0160561149,-19.202315487,-4.276300975,9959.3348019311,-6.6481694955,-21.9560130352,-29.6293014986,-63.0368594385,-17.0631580159,-27.1774784745,-4.5763149768,-51.0457477477,-17.8754907847,-80.4497323341,-64.2459629545,-3.6302298416,9972.1673568501,-35.7724293625,-16.4370500941,-48.7134565626,-14.8323727029,-35.1921535832,-31.5548691017,-41.4443905255,-14.4912718491,-19.1793965387,-13.1785008027,-12.8289125152,9926.2947738506,-51.1974627848,-5.6833583001,-12.4215674804,-11.7541291126,-47.3566256648,-14.1749427937,-26.1283913772,-13.1868789069,-21.9584873379,-17.0624195612,-10.5244409323,-18.424726532,-38.538816823,-14.6573589408,9996.6901041317,9983.9927765705,-36.7992055378,-8.7838245815,-12.708055294,-23.1605151153,-14.8458682021,-16.6395055998,-22.4571936036,-29.1494766562,-7.8315440992,-9.158890515,9965.2426197687,9961.724326232,-17.8593598653,-23.7367802225,-14.9613836147,-4.2548723624,-20.6829842776,-3.9712328741,-17.2735849961,-11.3248721131,-23.342096329,-30.0894124778,-25.6187041942,-33.4824295735,-26.549824593,-15.5848580345,-4.5127503313,-54.3497609133,-16.1434520167,-4.2715192411,-18.7564576424,-28.2197583623,-2.9817726365,9978.5048363987,-5.2914690261,-19.9278539356,9974.2086163277,-10.517315324,-31.6971568535,-8.1239433864,-17.5994545026,-46.0222361175,-7.4086109571,-5.0775837762,-37.8310933541,-20.1139847974,-34.1215745772,-27.1790110078,-20.1708170378,9978.678480663,-36.0810267014,-5.2535719149,-25.7648357466,-51.7536687772,9953.1293906886,-3.5770534315,-18.3553175451,9990.5332793718,-43.2277183284,-32.815568543,-24.4735124933,-28.3550490161,-5.7838782873,-50.8488431196,9987.6071555301,-34.028769044,-13.3043564991,-43.9054547826,-50.3201095598,9987.2529638886,-60.5228124958,-6.5736105064,-42.6461363475,-4.2430935306,9986.3914519554,-19.4188898628,-9.6005784881,-24.2061612056,9982.4365456432,-16.8480893204,-7.2461317442,9942.4522085549,-20.6147088666,-14.4534859857,-6.9456650791,-9.1085451675,-16.7221933447,-28.8883993563,-3.5776403591,-68.5207659214,-23.806925746,-5.6342654486,-21.6313154659,-35.8876282945,-8.5697743781,-65.739937356,-8.8209928284,-18.6695348119,-3.20988225,-8.0363799225,-4.9570200188,-3.0360269987,9995.6694811061,9989.8765342116,-10.2621897771,9980.8508685953,-11.6791692481,9993.7184876448,-19.352085607,9992.5744199295,-11.6986433532,-8.9420073308,-11.1493308833,9976.5651518435,-6.1133000485,9980.8919170859,-10.3666705667,-49.8119990256,-15.763832599,-7.4634062134,9990.2799855762,-84.6337283906,9953.8719788092,9984.7393274116,9983.0495224979,-19.7949416813,-12.8209161058,-23.720108409,9976.7600789475,-28.8620278925,9956.9307118511,9974.251688376,-34.056820732,9986.2347825587,-39.5369179395,-4.4570344043,9927.1902086662,-14.7716774814,9989.3684946457,9986.1553497686,-2.5524676854,9989.4968131364,9943.8551151893,9988.3970411943,9948.3865934989,9914.1391958324,9986.1499485,9912.2441849091,9982.6152727775,-19.8011120936,9972.4175376276,9984.3966633356,9992.388778174,-47.4572549817,-37.4645417073,9982.9001244824,-11.1998200856,9981.9185129632,9985.8281721424,-26.4092822796,-9.3529986056,-25.7575969725,9942.8976175725,9989.8834756857,9983.3693021507,9980.9033966998,-21.3878862741,-14.9574055497,9991.6267926707,-13.0983813457,9959.236109859,9907.9960545421,9988.7624650193,9985.4933740474,-18.2558985267,-8.8728419381,9988.808602134,9984.3952919198,9990.5981962525,9991.5956624898,9985.8284694424,9988.080176999,-28.7723392135,-14.0854229044,9992.2304976034,9987.2257254598,9990.9178435589,9978.1048126147,-18.0062068555,9975.5943351894,9995.6879117844,-16.5673556992,9981.3950770966,-28.4412161294,9995.0957651062,-15.8565652458,9994.3237385372,9981.4940511241,9986.5376103606,9981.9866483555,-12.5094224901,-8.4263281156,-9.3840520639,-22.5283230941,-12.0189696543,-10.0811897368,9991.8683555861,-42.4654316891,9969.6121904484,9975.7035631877,-27.5844226339,9992.0153387589,-16.0415567776,-32.614599537,9983.8691535008,-8.1806490345,9944.5015123936,-2.8539547605,-10.9224123876,-9.1972920771,9962.2445339967,-15.330104592,-14.6730928209,9993.4695305922,9934.575064399,9992.7562217205,9989.9366942932,-48.7035018097,9996.6901041317,-10.0711659336,9986.9220134303,9976.1102407362,9988.1702569631,9987.574734492,9966.9409523956,-4.1945070479,-27.103055668,-17.174204339,9991.121419214,9996.5273372091,-7.1195874628,9980.5477952812,9994.9913763836,9983.2902932528,-11.1758404478,9985.5452001404,-8.2705582909,9979.5864768806,9988.6865480408,9993.9804625987,9969.4624241645,-2.8539547605,9986.7338379121,9990.4269265516,9992.1321872261,-10.8017930064,9989.0150970828,9985.4959883689,9935.258449552,-26.138733579,9970.9117652136,9988.6421026586,9986.2684273217,-21.8722473382,-14.1609773688,9983.2066100326,9990.2512683199,9991.6558973759,9980.2525361603,9971.4429884206,