{"seed":{"0":1277478588},"min_epsilon":{"0":0.5},"cost":{"0":1715.974},"time":{"0":18.6241953373},"rewards":{"0":[-13.0271578701,-88.074704762,-12.1864684411,-4.855374128,-21.5508584296,-42.9718428185,-33.6436754712,-5.3391597728,-49.6685393366,-14.4161853924,-30.8236551014,-11.5693735027,-41.3366049114,-28.0701282609,-10.4863405063,-11.9667963917,-27.8332262414,-18.9917791771,-57.147048387,-16.7220897692,-15.2865817987,-46.3355403858,-7.7258261582,-19.3447413395,-19.8224448029,-13.9510375768,-87.7884893135,-23.4520359292,-13.9312700078,-11.0495320883,-10.6490460508,-20.4289827163,-9.317571961,-29.5834041419,-33.0170343276,-6.0120339344,-32.6742244787,-50.4652533091,-14.0650568994,-27.8953638472,-8.975446861,-19.3777665678,-35.903195303,-13.5036932325,-48.3762915764,-25.9992020853,-14.3162024632,-30.3729388003,-19.7487259259,-5.6427375379,-4.8613508158,9987.5149445967,-45.6972354942,-30.9419612973,-27.3810618019,-54.9348913129,-20.1929572521,-6.2254952921,-18.3766809435,-51.2659395925,-15.650187299,-18.7791157341,-13.8020768798,-23.7986819063,-10.5916652441,-16.1303995903,-22.811233718,-3.3897621409,-27.0497411572,-4.9248003775,-20.8424041783,-29.9302400074,-24.4839064829,-36.1358775815,-24.6348101788,-12.5987524911,-13.4650902737,-19.1135896762,-63.2143494214,-16.3225570097,-69.6164696495,-9.3390600335,-20.2565756034,-32.9163052714,-52.6511693478,-37.5251678786,-4.315239595,-9.7106370083,-16.9615370599,-27.2220945644,-9.0116541577,-11.8181080599,-29.6170201339,-65.0583532652,-15.9345709962,-11.1362842111,-37.0954371172,-11.6035150443,-10.6050341511,-15.8273416206,-11.6747001586,-24.6760830829,-22.4699276314,-10.1436553315,-31.6697745699,-27.6255094858,-24.5940359714,-9.499550214,-8.3758446675,-16.2040513351,-35.0416085653,-3.5498687085,9973.3874911529,-12.4049627991,-5.2254128154,-13.6966562388,-30.7297658619,-12.3480672627,-17.5389645139,-61.2885765854,-34.4350764061,-87.9301191693,-12.2199501687,-24.8472875696,9993.042435251,-6.9805585019,-25.3027031278,-35.0457822729,-15.037920128,-38.8903998972,9988.2345600632,-27.7985073625,-51.5102204047,-20.8601654522,-27.4704761978,-9.8246755115,-10.8291925525,-29.2911525456,-16.8084678695,-9.5554426029,-36.964709538,-7.5465696382,-23.1189103861,-5.347060279,-33.5525271454,-12.4145857269,-11.2057181328,-27.5312001903,-7.5417687237,-10.527095533,-10.0953086069,-17.1419098932,-10.304893557,-20.0169595231,-8.0114009732,-12.0605053332,-7.1533147025,-11.0354861046,-53.0405344494,-16.9702968588,-10.8867172141,-9.9086541136,-22.1849627608,-9.2163461262,-65.3460283605,-7.6348792291,-18.1653237021,-18.9112952879,-9.9620990527,-9.4735508546,-36.0313200693,-12.760034832,-24.9722072507,-8.8199474834,-3.2660853654,-8.0729900126,-37.3195015335,-24.8765706548,-21.660447024,-21.8482427655,-12.6936602226,-17.4694039999,-10.3448698498,-29.1913940298,-40.9168749365,-11.9225236353,-9.5549650049,-11.1923012742,-11.5653781751,-6.8564386536,-27.2022464367,-6.0773210015,9988.5297309531,-7.4859645657,-46.178479704,-23.7152422803,-11.1399055162,-21.3032325135,-46.6537069467,-20.29828199,-18.1386031506,-27.4853335226,-16.4464754612,-16.7006803373,-19.4641504223,-10.9819778694,-33.8130443706,-36.0704370693,-33.7392372626,-22.0209625229,-10.5408346264,-17.8542923398,-12.5005571976,-16.3447470937,-19.9915528455,-24.3837470917,-12.9694414022,-28.5624281925,-21.8509606624,-85.9364967326,-18.9160213979,-8.3532402816,-15.3801622299,-46.0573788886,-14.1088769926,-12.3409742615,-32.1171764561,-24.8040390595,-31.5183683412,-3.3102334476,-11.9290450534,-16.8477517411,-13.1961680915,-16.7118664874,9995.0084529086,-19.4257373518,-37.3602412157,-22.5661914343,-14.451851795,-35.3027894407,-23.2466918189,-12.9733504169,-15.225462685,-53.8628373156,-24.1062971964,-22.2662790898,-10.8791964846,-7.7354855292,-10.1509401391,-21.1059039932,-7.4297345975,-17.027334332,-28.9236514571,-16.069142376,-9.4926049037,9990.7194601033,-15.1413939339,-11.890513063,-21.8400679762,-20.5953421731,-20.3773081504,-57.8135181324,-8.4744715254,-47.0315579092,-7.862760593,-12.1139694529,-23.2263162236,-26.7539181255,-33.0034563516,-4.7941054053,-28.9277906395,9990.7279302745,-18.9348376071,-32.6334963048,-10.1842895203,-85.2359986113,-20.6132262031,-16.2916569964,-9.7990827817,-10.2565813576,-21.4612004396,9983.8393640467,-4.7538011236,-65.9063850437,-20.642860294,-26.7718079097,-47.8422871764,-6.4777552512,-19.0954102643,-63.5821401376,-9.0815771858,-12.2464827499,-19.6421640367,-19.6691531171,-18.334650404,-51.9273859279,-28.8948670686,-10.1761972077,-25.5432206982,-32.1743769648,-7.1490412556,-42.0011776914,-41.2263449945,-19.0745493988,-39.6551301502,-8.2467877221,-31.8473719644,-32.4581948331,-9.9369167886,-3.9164011746,-5.0914782328,-19.2841938089,-4.5210191058,-54.7124975305,-46.2100222687,-43.0711294904,-9.6157714742,-51.408129523,-28.4982881278,-20.076946979,9962.2440774975,-4.7786400542,-25.6747864715,-23.9775298786,-22.3870634246,-49.8378986457,-12.6614405813,-8.7612336221,-19.4741090113,-33.2080543349,9961.8984557666,-8.1927711999,-37.7288375189,-22.10598647,-31.4321360138,-16.4621191923,-101.8959181677,-25.6961920673,-7.6678162264,-41.4164942007,9992.9309305105,-7.4456871369,-10.0116349771,9995.9281186284,-26.0943188858,-6.9002299759,-48.8048523187,-9.5307264284,-13.8544496211,-16.9225332257,-17.9631290531,-22.0467470591,-6.0386029588,-27.0219944415,-14.606733556,-19.29499251,-23.5758297066,-25.4991972902,-30.7034020704,-12.0163495787,-24.9945757146,-47.3808412246,9988.5709309708,9989.4436712515,-14.9357832127,-60.617231121,-41.9482640561,9991.9565328305,-35.1182524901,-26.9729802305,-4.7181404752,-45.8518544803,9983.1026778093,-19.7561430799,9913.1933638817,-17.5196726248,-53.901131466,-68.4763416379,-21.5437117226,-20.1764580644,-19.3411775763,-32.6926129596,-15.4313879688,-19.7230909987,9969.3086529627,-7.1830140076,-28.4429289607,-26.5221565179,-46.2271429092,-2.9604303369,-37.6928718983,9986.2289765785,-34.0879163877,9984.8543345372,-7.4776727744,-33.101860714,-46.8331821259,-33.6984093494,-13.9328773456,9985.6980257366,-34.5821880892,-26.6807420607,-2.9817726365,-26.1619594176,-25.5510310554,-51.9096112276,-18.6037720649,-50.5374377348,-30.7574396913,9982.5807361147,-6.483223652,9951.3208288339,-17.5840677921,-3.5796830974,-53.2587199991,9977.708385201,-13.3151149208,-36.8702525515,-23.4030869324,-21.8730203181,9987.4677122674,-46.4924802296,-26.2585512094,-24.5792285162,-37.9580193303,-36.3422478561,9969.87959736,-66.638644389,-22.574137974,-13.8037475137,-21.7392315084,-34.1043791322,-54.5974021739,-45.7907027595,-30.804263473,-17.61708343,-16.5375700813,9979.8175211323,9899.6383164,-150.897630999,-28.7462669677,-65.2512165322,-24.6320826916,-55.4522871956,-26.6980545075,-42.9668865408,9985.0580214401,-42.0545152189,9926.821102158,-11.4800108946,-14.5793742891,-16.5159880236,-23.9541966284,-44.8783774712,-9.7786112832,-19.9948845229,-2.8923026168,-28.4858398915,9950.2557834429,9979.7768562545,-25.2583037792,-8.6767122079,-36.3599343255,-47.0562817559,-39.8659407433,-8.1917738065,9966.7164947762,-36.6219802478,-14.3898542079,9976.2855594705,-11.0230148516,-5.429092046,-35.975057494,-13.7748768123,-20.404868814,-59.9781494134,-16.6923290861,-21.9408200491,-70.6397568662,-9.9245356846,-48.3938265188,-10.6249858543,-26.4861160927,-42.6380555433,-12.779441805,-40.8225924938,-65.521561918,-9.1773461281,-6.6041652681,-30.4079607334,-17.0509322751,-26.5800110864,-4.7920281418,-88.7512827054,-35.067289526,-3.97906433,-66.144953861,-14.7777730892,-55.2659779538,-20.1551944054,-22.222562572,9966.9859252454,-64.2617102611,9986.0953623127,-19.8528192666,-27.5938633456,-19.2546863102,9976.1417775468,-25.4622342762,-22.6008259184,9985.2217857561,-21.8289010068,9983.8857831168,-11.188317455,9972.78503488,9984.271816541,9972.1906709197,9927.4191967531,9987.1091589481,9968.8691956982,9973.1520315176,9977.2528277061,-33.7278861591,9975.1939872525,9992.0208109959,9992.4650826014,-13.8389823519,-48.8713842093,-26.1783511937,9983.980351351,-44.9485786186,9934.3928617325,