{"seed":{"0":1384311643},"min_epsilon":{"0":0.1},"cost":{"0":63424.2360000001},"time":{"0":15.1350171566},"rewards":{"0":[-27.7301245399,-42.7502066714,-32.4901766345,-12.6330436417,-5.758208835,-51.1828989238,-37.1033433776,-75.050959128,-8.7255940724,-7.200190272,-68.0701666222,-74.2237134105,-20.0598436011,-59.261437896,-21.2529792331,-13.5079916142,-34.0877571884,-32.2146102781,-34.1156017255,-27.1730343199,-6.6585654031,-123.2554861429,-6.8565326387,-52.116303737,-8.1541433062,-26.5494524886,-34.2533801085,-35.981845523,-16.0902660163,-10.273101644,-18.1325938557,-33.1753340788,-61.8091967339,-7.19690271,-13.5369083491,-7.6707834717,-27.0078333739,-34.6122345639,-10.0082879551,-41.782971043,-19.3801027699,-47.1735253443,-55.2708038031,-13.1462255375,-28.3089138195,-13.0925945462,-9.6918016185,-30.7534558721,-3.7811239472,-33.2229711197,-17.7361242445,-9.1382732436,-18.0181928383,-4.8114255244,-7.2614800934,-4.6010656764,-43.6512825136,-36.8082166031,-14.1343220315,-6.4824698528,-8.9333511074,-22.7181845907,-29.6407235705,-74.1890156303,-5.9664242873,-9.1714461628,-34.3587604702,-29.9607544897,-5.5646339662,-29.8926401961,-7.5649082494,-17.3118350311,-3.1355553467,-23.2114569807,-51.2065083752,-22.3427196999,-40.7968156299,-23.272982724,-53.404091998,-24.8914893576,-19.9498886564,-15.5127867746,-22.4688113181,-9.9736803239,-11.087862682,-11.1172416703,-10.2240893511,-27.538517605,-3.0972074904,-7.0884381012,-8.4399041735,-10.7276943526,-21.7939001724,-7.0417236492,-30.781206424,-34.5382912734,-5.3051237247,-35.4803580642,-11.9958934247,-9.9838460638,-9.7183629706,-8.5793877156,-18.0368210772,-10.9426728991,-21.0677172543,-30.1087177933,-15.0950362418,-5.0596364501,-5.3826461229,-18.688258954,-18.6988025526,-2.8539547605,-13.072194016,-4.0862994597,-5.1477043649,-16.3174894842,-14.1470752399,-23.6750377379,-6.4665326579,-12.1606340353,-10.780728826,-13.0888044514,-12.8109229916,-9.5792476969,-8.6061830715,-29.963036986,-19.8662725684,-14.926760639,-14.4019245856,-16.749596727,-12.4483896893,-13.0901048989,-19.0484656446,-24.2385592269,-14.7914105252,-5.8534081123,-12.0101158703,-16.6923463487,-8.2525035532,-19.478407393,-33.6483747284,-31.821909663,-7.7348410596,-7.2362633042,-7.4530908645,-17.2811095617,-10.6061466283,-29.530116484,-11.0464209882,-5.3912774115,-5.3276015183,-14.7863046385,-8.1940505487,-38.9565999628,-18.1541413882,-6.1265519536,-13.4091096538,-18.9720116081,9990.4028068951,-7.4138933058,-2.8556369028,-10.8236819543,-6.7405703172,-6.0125863369,-5.4926202482,-3.2888949841,-7.7665485779,-18.8268659407,-16.4972255202,-40.4479849777,-6.9346918342,-11.8180198289,-4.9503720085,-7.9083414691,-35.3427139457,-5.067887962,-14.1759881387,-4.4911222401,-15.0083665958,-3.7298214858,-6.9570967414,-4.783838008,-8.6718921127,-4.4454914943,-4.2682144166,-12.4374030179,-7.274896952,-4.9668731143,-13.7437619759,-7.6020956769,-4.5767273606,-12.7124073815,-8.8151062895,-5.731802846,-3.8815806383,-6.0344714487,-6.9834682052,-6.0111439526,-26.3337047984,-37.067947422,-8.7702082442,-6.0158010124,-8.6197648837,-11.509900088,-19.3852585263,-13.4583808853,-29.1703720469,-7.4142193767,-4.2686057016,-13.4139815367,-31.2891002169,-5.0229036039,-4.2445167342,-6.1080925044,-5.7839607641,-6.0144430229,-9.1262143744,-17.872331733,-21.7032658878,-15.8363008982,-34.2076534595,-4.4407346953,-4.0850642264,-8.3835015795,-10.381842454,-11.8157699397,-45.1673664404,-9.948321598,-18.7928183843,-3.7103051832,-3.7747061046,-13.1736442643,-12.3782403296,-15.3721600663,-8.4000755717,-7.3859586197,-9.6343709421,-12.6331491352,-7.1172550968,-18.5686484745,-5.9915317468,-13.0498217159,-3.7857042844,-10.8078272361,-19.2921614473,-11.3035087147,-4.4789233522,-10.1432659645,-31.3182854808,-4.5461169751,-5.1319244513,-7.7671431777,-26.2110503511,-7.6280835279,-9.0814621019,-10.1955830819,-11.6478031452,-10.9298506403,-5.1154501984,-17.3499738184,-14.545516621,-19.9765900272,-5.7569659294,-16.9019006098,-5.4968706784,-6.6140643971,-10.6443602201,-8.3062112671,-13.0640690963,-4.7327043362,-11.2149171684,-23.0495493508,-16.9926576505,-8.6863121189,-17.5596565898,-4.3139794268,-11.5113904239,-12.5679253643,-12.668640994,-4.7581301944,-12.4544699526,-5.3020298873,-12.6202674165,-12.2648673946,-7.7427454019,-16.8158543345,-6.9282931723,-9.1942289286,-11.6873651361,-7.5638878393,-4.8538742018,-6.2869270503,-7.2411102522,-16.6197591295,-5.1712275035,-5.5590389731,-20.3414345969,-13.5433549627,-8.0247219287,-8.0302536256,-4.2680974146,-12.7978245317,-13.9346458007,-26.0393586761,-7.737156163,-6.7524910858,-5.6389589515,-5.7466083831,-5.8053548515,-15.0397921586,-6.2423646662,-3.994138396,-28.8851444015,-24.1209876496,-11.4075119064,-10.9944894017,-3.1953318155,-5.3913598883,-4.6538469653,-5.4620597324,-4.1278044495,-2.9644851245,-8.5314840638,-17.5573376503,-4.9453083192,-4.929601292,-6.7330687684,-12.4256433667,-3.710748256,-4.84215483,-18.3328896212,-4.8428952027,-12.5306401155,-28.9254812902,-4.8701604844,-3.8067627105,-4.0294921542,-3.6030010031,-7.629882672,-13.2746034882,-5.4153433623,-5.942103234,-13.5223214714,-5.6048365905,-7.0851447851,-7.6745256148,-12.6253502865,-8.759045111,-6.1595618374,-5.4436443986,-3.5140699595,-2.7170452606,-5.0182542164,-3.1415032636,-9.4701558811,-11.7763940011,-2.6326811276,-6.9960468698,-3.8592140924,-10.0136278457,-7.8696483613,-26.5982864015,-5.6899008169,-5.1945262286,-5.4532654083,-18.5610222515,-9.5480024321,-8.2383079605,-4.6499993287,-12.0475488099,-8.5858477556,-4.8382554056,-9.7471320146,-26.5546139992,-3.7816629232,-9.1757963323,-5.6699721305,-6.1798434476,-4.324093379,-7.4415575448,-4.2487211307,-13.2957961788,-5.4659016148,-3.067496677,-6.7091370821,-21.0244572358,-7.7728110573,-12.1613552274,-3.3984605617,-10.2309330039,-6.7426379903,-12.4028184034,-3.8430102866,-13.7552569343,-4.068812469,-5.7429429625,-6.0546226305,-6.1770469101,-6.2124025863,-11.6099079521,-12.7448284196,-5.9514250258,-3.8442263392,-5.945122267,-4.7429141916,-5.7008721438,-4.464829417,-5.3173878268,-10.8457627086,-8.0764003307,-6.8740253837,-15.2932796787,-13.2404523562,-10.8939905133,-6.1650379105,-14.9778636218,-5.7938963363,-3.3355634026,-17.5189974662,-6.6121079717,-3.5610586947,-11.4303330335,-9.3005472237,-5.6073358281,-5.2435615382,-3.1479824842,-4.324689897,-4.907560817,-7.6508682117,-10.6588128334,-4.8600139251,-25.9853901055,-5.6561850855,-9.4939187777,-8.7791905386,-6.31903928,-3.0654827096,-4.9069451184,-17.276093824,-5.869519851,-15.1995707372,-6.1152027682,-4.1200899956,-3.6782370689,-7.7067816994,-5.8120182063,-5.3343262512,-9.7995258545,-12.6814805153,-9.4283478371,-7.3537197977,-5.7366996638,-3.2661237266,-7.3609182924,-3.762725876,-4.336771783,-7.1498487606,-2.9989028673,-14.4411489971,-7.3490167044,-5.5858669362,-5.0352827898,-4.6799096208,-8.6397376855,-3.0360269987,-6.6365536991,-32.7504253307,-5.6647492419,-3.5736373593,-9.5774063553,-8.3893324945,-3.1202453588,-10.5308933,-7.1240642245,-2.8675902785,-12.2602506143,-7.5835115535,-3.7253197892,-12.3086740614,-8.8422890945,-7.1658569239,9985.8152443901,-8.9259914953,-12.488216373,-17.3580373601,-5.7434397411,-6.9524914694,9993.9586944888,-7.1329391072,-11.2189834644,-19.8107733826,-20.3597866345,-6.7058456841,-9.5850632673,-7.7799999616,-33.1241294386,-23.5694694059,-15.4995271972,-12.4289290105,-5.1169079272,-3.1726986587,-8.0974741013,-19.1026720551,-3.43662812,9988.2039937931,-7.0167446999,-10.8033849996,-11.1888180697,-35.1147174979,-25.7531413095,-16.7610303073,-27.1943420944,-24.8004829685,9955.1604959347,-19.2178422162,-26.1671170921,-37.7650160446,-21.2837315554,-27.060499579,-28.5772740089,9993.8784772105,-11.4969665816,-23.9356642927,-59.5757261311,-18.4948413665,9991.9598127202,-67.9577047677,-30.1217913185,9985.9543117123,-6.2029676288,-8.9948442436,-14.8749268738,-22.6833563821,-37.2569668885,-24.1718719731,-44.4788140226,-23.3904641523,-95.8556810183,-27.8526044434,-11.6967502239,-24.9707360955,-19.5326444926,-13.3779507019,-23.9858657854,-23.906902921,-7.4142328031,-18.7829211733,