{"seed":{"0":1598189534},"min_epsilon":{"0":0.3},"cost":{"0":64610.3049999996},"time":{"0":13.0492494106},"rewards":{"0":[-13.226688328,-17.8296049363,-12.0434940224,-29.5065377216,-34.2207231485,-39.1418350887,-3.0782915419,-5.1008038607,-3.5701042851,-14.2538653788,-41.1652853408,-9.1789553839,-51.5204187518,-3.3758619301,-79.7882802445,-46.1229881905,-20.1668351366,-40.8004752963,-5.5531294175,-10.6039293462,-28.7058303396,-123.0165835825,-57.2399805125,-30.6688347185,-54.1762394051,-33.0977925,-33.3764009061,-11.9027023606,-24.4497726135,-29.6354834193,-27.6524218437,-21.2315851457,-37.608200875,-14.5661626633,-72.5531658608,-55.7250704409,-22.976074068,-28.2240605801,-11.1202856381,-73.5712244346,-18.6013303693,-37.9238413454,-22.2929459355,-75.5216060335,-57.2770106587,-42.9773841058,-16.5039982047,-17.8115962322,-21.7649891917,-3.6763381854,-19.3553290535,-4.3306032887,-5.9402734009,-4.7064441201,-8.3598691113,-30.1712083229,-38.2301235809,-6.0504239881,-41.2244729639,-9.6609898362,-6.7552032285,-44.5803678463,-11.7961423894,-14.3856594017,-47.7538222223,-15.6303219087,-18.9830845924,-7.0472323294,-39.2312149594,-7.7398721418,-29.6032676141,-15.5446688366,-64.1476429869,-73.2642325154,-71.8130788957,-32.6407715221,-14.6749168999,-38.8774663907,-26.896882954,-12.5647202791,-5.7973392614,-15.0044096294,-14.1007635813,-8.7299039625,-3.1285429042,-4.6909691786,-6.320443303,-44.5727377872,-9.6540867234,-14.5716099655,-15.0940733736,-29.522728101,-16.6337916867,-5.1324787718,-26.4040843258,-12.2798570659,-13.1433292606,-60.0836908925,-25.1695300167,-8.7305004805,-6.2689643796,-11.9136487526,-20.0419154556,-6.7644329531,-5.0311858048,-15.5968190824,-14.7043361676,-25.3264832869,-12.5801511051,-16.5495694905,-12.9827067337,-15.579940118,-9.7067356658,-17.2697431137,-7.4549130254,-33.1389407299,-9.9475505362,-34.8196751183,-4.2056529186,-40.560859216,-18.1062454086,-13.1270851755,-12.7014590714,-20.1560843871,-61.2521736462,-15.8780111209,-13.4815645266,-4.7467215489,-17.636580552,-6.0805049879,-21.3566582719,-23.9305219628,-7.6650733947,-9.0694626927,-16.3309063428,-15.4153433623,-17.1513371784,-10.5510847612,-4.6892563474,-12.1297685472,-13.5630649898,-27.6333294333,-10.252137203,-9.2570033317,-10.089119014,-51.7152269358,-3.8324168184,-14.7585560046,-6.525119927,-21.7905051989,-9.586400158,-26.8124958042,-21.3827036648,-23.0235576637,-6.0380735731,-16.4876121828,-4.7682192117,-25.172556722,-14.2824100092,-16.461660775,-6.4210841282,-50.363208461,-9.6391315773,-15.1066769731,-48.3521700019,-5.9223452554,-12.5939630849,-15.7129770465,-9.3705201215,-4.9612570225,-12.1840651068,-4.5407559858,-35.7597221876,-7.3828705364,-7.6982137069,-21.6765280737,-5.9885664197,-18.2970179857,-25.7114924649,-5.6215640279,-4.3554076941,-43.2994577633,-3.8377336921,-3.2440698252,-2.582750082,-20.1323751964,-10.9014057492,-16.3330526566,-4.5123456198,-7.6666020918,-8.8402329297,-7.1249311894,-19.8104645743,-4.6961671324,-14.7774431821,-4.8846322783,-11.9770331,-21.2735792419,-24.2418160998,-7.5817757054,-11.9816019288,-6.2226661475,-2.6107020307,-4.3256892084,-3.8481909778,-16.6171754971,-21.6126181767,-9.4698125476,-12.1862459457,-11.5486488197,-4.0650971787,-9.3496937811,-6.4992490779,-17.9211464653,-5.9353363038,-26.7945081988,-14.5266889034,-12.8769389231,-15.1785947879,-6.538250994,-8.2190697773,-28.3151245111,-10.91698043,-4.4731921766,-18.0533797249,-6.8571521735,-6.5865804561,-8.5360509745,-5.6880345405,-3.4988002509,-8.7758703696,-6.2844776824,-6.5895668819,-26.0025644518,-10.0587426322,-21.3734777763,-11.4429673219,-4.7708066802,-5.2900074613,-14.8711540416,-4.8784388492,-10.5026536417,-14.7606888919,-5.8230336486,-6.0694933817,-5.0417965356,-6.0962331138,-6.4616742015,-4.2208439866,-2.7436392198,-5.2457231965,-5.6912549702,-18.6515107632,-2.2151607625,-13.0006176167,-24.9756808648,-8.6476516182,-17.6890204255,-12.0778177801,-11.2411677942,-14.0793637398,-49.4785589201,-19.1658856949,-2.6107020307,-14.1834110469,-7.440278196,-7.5872191714,-11.8861744019,-10.4183777397,-13.1089057636,-5.7642986886,-3.0503952171,-25.5831241045,-9.508582378,-4.9136218997,-12.9405611105,-5.3574465963,-5.5069290067,-8.5117318393,-9.5913238287,-10.2828876072,-3.6005305365,-16.1968528404,-7.9732180705,-9.9924735163,-14.0160254259,-10.2552367946,-12.0873179517,-15.8585197532,-16.9416179638,-16.0912845084,-3.2987710963,-13.8751263525,-33.4656599387,-16.7918363354,-9.9516302586,-19.48232408,-7.4490629298,-7.6785171063,-7.2159318243,-4.4747937602,-4.0909526833,-7.3174319423,-6.5133602757,-8.7525563,-4.8527176092,-4.1521657821,-6.2222115663,-3.6090313968,-6.4951137316,-52.0798931255,-7.5161357145,-9.4042780502,-6.3148636544,-13.8125533462,-7.2977430139,-8.9231661868,-16.1509152043,-8.8092638662,-14.2938301631,-7.6457239637,-2.8524816873,-3.2438473298,-11.0361344103,-4.1726181,-7.3324446303,-5.030533663,-7.3212853331,-8.6310104937,-8.0927671719,-15.1892707328,-34.4778914337,-4.1907016087,-9.7636254481,-8.5993164019,-16.3258004561,-3.9876112237,-6.0370435727,-5.8655053428,-6.9269735441,-6.1286618242,-10.6821134765,-3.3396891585,-6.7123306589,-6.0472419197,-4.006189593,-6.1693478007,-14.5981559731,-8.3923227565,-6.9559727558,-17.5854814053,-8.9574861084,-9.6607788491,-8.3458365541,-11.3284051872,-5.8618111512,-10.2308965607,-14.2380797109,-9.0727675172,-6.0457419935,-8.2737729664,-15.0918465012,-20.4148408294,-5.4230156188,-6.4875009351,-5.9028596418,-2.3211472325,-5.2192903546,-13.9252971561,-3.4084920372,-6.3849708167,-17.1777815287,-8.7821059961,-6.3709133246,-3.1316655126,-8.5472543871,-16.1292295712,-12.1307160709,-5.9093618792,-3.599947445,-6.304891639,-8.9854802545,-8.3003189741,-3.446379558,-6.8099044996,-6.9689522958,-5.6113771892,-6.6886406488,-4.7253159531,-6.8926440322,-13.3127077503,-3.1718259395,-13.199591836,-4.6037413759,-4.260810689,-4.1370360922,-8.1217798101,-5.3358242593,-5.0200399341,-4.1102407362,-5.3465577462,-7.8937680178,-4.2501481705,-8.8314808031,-2.9818416868,-3.8614467191,-10.5657234267,-9.5924324698,-4.0395389741,-13.6647684225,-6.2105957699,-8.3405311887,-4.0069817535,-5.2393513874,-5.0795517101,-12.2734488136,-3.3959287171,-7.4971986673,-4.765505151,-5.4553043105,-9.4317370564,-10.1697525122,-6.8161593067,-6.7673733454,-4.32723325,-4.6715602876,-2.8096398067,-27.1052806224,-7.4847446769,-10.2003859145,-5.7339913572,-5.4769496642,-3.2253782902,-2.8734442102,-7.1034239363,-5.704706354,-5.3022658092,-2.7585617588,-4.5943946494,-7.29296128,-2.6107020307,-7.6946269269,-3.0538822577,-2.8690844504,-5.5073011111,-4.1898519063,-8.9848261946,-3.9782913501,-5.2586164236,-4.981757292,-7.1576265107,-10.6291921689,-3.8677111165,-3.0908663704,-10.6928795705,-4.166697036,-5.0326166806,-3.9718044572,-4.2095158998,-5.35181516,-3.7802013584,-3.5355657042,-13.2943461223,-2.5777151636,-3.5268653653,-3.0311838867,-2.6404013357,-15.3256987987,-5.3076862584,-3.7165408097,-7.2113706678,-11.8551861577,-5.4771644874,-6.9065576695,-4.9058825109,-5.5924842575,-2.3391118212,-6.0381982473,-2.3522659051,-3.151176061,-3.3617948477,-5.2779677727,-4.0570259648,-6.1367426284,-14.0846921219,-2.7543861332,-4.4344798881,-6.6787146669,-5.4903243255,-4.1059787977,-3.7378447481,-4.9699727059,-3.1006791865,-3.6379020982,-6.0904520685,-5.7473084765,-6.6907984709,-6.3292548896,-4.5510272192,-4.2042028621,-2.794247342,-3.523685215,-5.2669695929,-4.6221758903,-5.0707688944,-7.5377369528,-8.3331025263,-4.9866195846,-4.631676062,-4.1388218099,-4.8219211714,-4.7727189902,-4.0836947286,-4.7894771165,-7.3796616151,-7.0674276266,-3.0602329681,-5.7753812632,-3.9653271546,-5.3605270073,-4.2525783577,-4.004724192,-5.207816495,-6.6428468675,-5.0739126015,-4.1329736324,-5.2895375356,-4.6030125115,-4.892097384,-4.6077424577,-7.2889045744,-9.0779501265,-6.7371772617,-4.1187646133,-4.0362936096,-3.8076354297,-9.421346903,-6.0293310368,-5.9755811255,-2.8526907563,-4.6009601829,-5.971079429,-5.234255091,-3.8952794524,-2.5752293525,-2.8944949641,-3.4313246726,-4.6686448301,-2.3982994443,-5.9827585215,-7.2388584449,