{"seed":{"0":1871883252},"min_epsilon":{"0":0.05},"cost":{"0":1719.062},"time":{"0":17.9685301781},"rewards":{"0":[-27.4131126537,-20.5654031099,-26.1952397484,-35.065465447,-90.8051285199,-79.3271009036,-21.3388490464,-10.9924006299,-15.1389944357,-41.0183808086,9983.6297349811,-18.1879549408,-22.1721903717,-15.1778448248,9975.3276648145,-24.2240107105,-19.2931761032,-17.9878068663,-43.9950801655,-22.8512790611,-10.2966401271,-2.2274210285,-5.1158031222,-8.2058101999,-50.2398558383,-15.1685978376,-23.2293851262,-39.2233163713,-33.1030384054,-27.3898331092,-16.1346596107,-6.621508404,-15.4313189184,-6.1297167595,-16.5711131869,9954.6094706335,-9.2216802625,-19.4012244921,-16.8533544065,-10.4329128297,-8.3296039773,-5.1111940141,-17.5063804403,-7.5726303756,-39.8536306077,-20.4709135164,-19.6991036886,-21.5815340293,-38.1956828212,-12.9913361043,-27.3808776678,-45.6963953821,-8.6690706404,-13.2795770285,-39.5377772322,9970.4698432366,-11.4555363962,-16.433250409,-11.1520085009,-38.98875439,-12.1418063177,-16.7023087738,-11.5223962759,-9.5167801841,-11.5243411929,-70.4962971772,-20.0379297183,-42.6691953146,-20.262843837,-11.9628394254,-8.0701416874,-56.974700734,-26.5682629436,-119.8167845956,-63.6720148688,-48.3474630725,-19.2172994041,-60.3433622513,-15.0197234535,-31.3311729538,-41.9911347076,-60.372211854,-30.8623482092,-14.3407517661,-46.91046093,-13.4515487409,-16.9885031236,-17.3586875838,-39.1047550728,-8.7183917416,-16.1542679804,-18.7591160793,-29.4672864571,-35.9708588516,-46.7730162901,-32.8897477554,-18.0257327485,-32.2202302061,-21.0042389217,-25.2780540856,-67.7852075058,-22.6312195627,-20.3275631571,-22.5321592223,-36.3067636696,-41.5367338053,-20.1336353645,-40.2006486893,-18.108320754,-20.3956064823,-29.9798449821,-47.2901647425,-34.2633041724,-38.7989293366,-42.4864613443,-20.4176162683,-33.4973425221,-28.3074829436,-12.3124430575,-33.3572624621,-49.5396646073,-9.3880473915,-36.6434433855,-57.7871178976,-10.1414399675,-59.9339131002,-25.6976517141,-42.0516016795,-25.1819897614,-52.755130342,-30.7249208319,-28.5671830735,-61.9977021592,-23.9100025127,-16.8687391989,-6.0897980087,-46.2460780384,-56.7438924043,-90.2076899027,-52.3172286275,-11.6748037341,-7.9907702754,-12.8257323648,-26.0425081374,-14.6178276389,-25.1073559678,-22.5285973772,-25.2007043132,-8.500568706,-24.1180261586,-10.7429141916,-73.0333839063,-35.4714429021,-45.5598272975,-26.4201250961,-8.6023737962,-25.4137398606,-24.2274555537,-44.5804637495,-10.4039999309,-56.605509831,-6.689037688,-16.8011888162,-67.7517641395,-10.7876261846,-10.7212784281,-44.8159214668,-50.8542290437,-11.6791193784,-33.2350127264,-5.2281671555,-3.8777406739,-11.9149376917,-92.4150192094,-57.0678304201,-74.2131755662,-21.2337525582,-22.080476217,-39.0250690983,-44.3274787622,-29.3161794464,-31.7888518276,-46.1749754008,9958.5337991672,-60.5218055121,-31.528231027,-29.9420802173,-26.3052752518,-24.3291359696,-5.1433714581,-27.3891483603,-20.2272349763,-28.0672818538,-16.4105117587,-27.7596991708,-15.1556182976,-7.8862818135,-10.1630239432,-5.0567842888,-22.2340767111,-13.8398512349,-12.5078611859,-5.317512501,-45.0496605986,-8.4262264582,-40.6185871923,-29.7632207366,-13.3829971287,-13.6951563126,-24.6571882331,-22.736377429,-23.0104822205,-5.7342579681,-12.8496487066,-4.6507377834,-11.1772578971,-8.7676840718,-14.522219814,-14.103416264,-33.4032442137,-13.2614858476,-44.8237893659,-11.2025188018,-25.3337872752,-58.7734229197,-12.8667616748,-19.2783149423,-16.9537746543,-18.5719456267,-19.8892739935,-44.193461703,-6.9873753019,-26.9794172538,-43.9769525413,-4.849483753,-19.0109828352,-47.2978619339,-29.8225407061,-53.2194783249,-21.8592256008,-18.0088250131,-18.1751863879,-36.6242473996,-9.8422775861,-7.7851231109,-44.812160143,-20.7298771096,-57.276958871,-13.9956421583,-15.6594630571,-18.1008153691,-47.4245807591,9956.4099957994,-27.8192684887,-62.8608003314,-22.0332745766,-23.2722749583,-20.1650685996,-22.7422006717,-12.1754242278,-12.1922456503,-17.424607612,-63.6200583475,-12.3878076335,-64.7277710752,-56.032179362,-30.2854386325,-7.1882618311,-8.6678852767,-4.1765251966,-28.909206516,-33.2146563117,-26.1023536565,-3.2618368533,-38.7541540474,-21.7868781396,-34.1071315543,-31.8442666186,-38.5996693257,-7.8084141638,-26.9319317399,-7.8830230225,9989.7474484952,-8.4528165813,-24.8604550799,-28.278155743,9974.3289307368,-14.2367332299,-7.7701257675,-23.893056416,-7.4488154995,-40.1183579837,-33.6403246132,-12.6838454884,-23.1290607815,-3.3107494068,-4.1137201046,-30.9192590902,-8.5897893774,-11.782132849,-14.5802048109,-47.4712088983,-44.8221436668,-34.9126878025,-35.6252025955,-4.6058742632,9983.2459456919,-47.310574863,-44.3798150603,-22.1534585573,-9.0404308739,-80.8290640422,-21.8866788528,-14.0010990508,-3.4275556766,-60.2343644207,-11.283359451,-28.7210444243,9980.5741111211,-19.8972915016,-25.7859497966,-14.8846265241,-29.4870693706,9994.9234270436,9972.134548363,-21.2911928249,-8.087565382,-36.4306993837,-20.7169934728,-28.2913673687,-38.8751781402,-14.5870427095,-22.3882315257,-44.0881503916,-11.2873547786,-13.0336370908,-16.8525488195,-15.1943459305,-8.6370121164,-4.936030643,-13.1042026703,-23.3365147624,-22.8636505747,-29.0428226999,9986.5663583059,-90.9225485702,-29.4645474615,-19.6031237593,-9.3823737578,-87.1894989825,-35.2428576087,-17.877205534,-4.1172666052,-27.972755817,-62.8083566218,-7.8229761067,-20.3108683268,-6.4392059982,-43.2322583863,-16.5669951032,-9.7612317041,-13.0453008388,-38.2404638646,9986.4110564889,-17.8724659975,9995.1787731678,-3.897450701,-14.8688255118,-25.7348544861,-15.7561200631,-33.9676173232,-16.8287782507,9972.4148715185,-22.6910248025,9970.500300177,-8.0624368238,-54.0126304523,-35.7983328187,-17.1340017147,-19.1836891662,-7.8160883384,-38.1980151872,-42.2582040398,-46.8274164252,-23.5662259595,-9.2769953142,9976.00801559,9989.8487683151,9972.4700523056,-32.5152399786,9947.681561074,-45.5295142119,-3.6672676601,9984.948053069,-37.2868944432,-12.0299850966,-27.1812647331,-45.6777287819,-19.0763984126,-18.8239351387,-15.2372300085,-11.2586240959,-6.2658283448,9990.4982536026,-16.9933692523,9991.0900377667,-27.5003270299,-33.9027637386,-14.8113622283,9981.0467930927,-32.1096384641,-7.5878598049,-39.2115643923,-6.6120600201,-9.8659656782,-8.8459660234,-8.414198278,-26.3975360548,-9.4418356641,9983.3027529975,-16.575902593,-13.8183554902,9983.7421469659,9970.2911813165,-13.0192170846,-3.146509411,-14.3143035797,-14.2939030495,9973.3654660225,-49.4525288717,9986.5802105651,9989.256383797,-11.2636724407,9987.8187064959,-3.4968016281,-28.745378904,-12.5605465716,-9.4960938624,-32.9396442758,-54.6742666761,9980.5364077344,-12.2159567592,9982.8178836464,-23.8974852261,-37.7577197286,9966.6659154249,-11.5048939406,9986.8709833339,-46.7218768641,-31.8939885952,9991.9932791033,-23.1715497383,-41.0690464728,-25.2010342202,9996.2576938348,9964.352981343,-6.8962653373,-9.3644456123,9972.5856559492,9974.65326771,-23.0684787258,9984.4583175892,9989.5437596742,-6.5988637388,-12.6964011363,9980.6325200102,-18.9934958445,9974.0788995682,9957.3327304218,-51.7706973506,-26.047130672,-12.258837001,9992.0847439097,9993.5155602953,-11.7935836919,9976.0146712726,-9.0863800184,-10.4300779309,-17.4202574426,-11.7756248573,-7.3772180014,9980.2460933829,-44.404540825,-8.55541575,-18.4393268362,-4.2889659524,-25.0892494423,9982.9788399164,-23.871942366,-3.9994054001,9992.5486123765,9996.6959408009,9984.9089149703,9988.9638962788,9966.7186008106,-32.0446697957,-9.8041598975,9989.9810533625,9981.7639438468,-9.1202376865,-11.9871432161,9981.97541809,9986.9955922886,-19.270920805,-13.6926398125,9987.9760932486,9987.7865961842,-12.7801821777,9985.4620923394,9979.2302425008,9975.1547110532,9973.4746614137,9987.7423732975,9992.5938480011,-5.679136641,-6.0659833244,-8.8023530811,-20.9204597983,9990.6192853677,9961.2818307539,-32.5989749865,-14.829117748,9975.2706043245,9970.2413576825,-35.5743930766,-12.2488975926,-10.6151423491,9994.4821840613,9987.0819665528,-32.3105422559,