{"seed":{"0":186872697},"min_epsilon":{"0":0.1},"cost":{"0":1722.105},"time":{"0":15.908198595},"rewards":{"0":[-17.9800866581,-25.9975141889,-60.1577531029,-33.40379278,-14.2427962306,-8.1342664076,-48.7000013426,-13.134458214,-32.1719966472,-37.2039535138,-70.7143695611,-23.960971231,-20.8701528122,-46.9926787492,-23.8323784571,-28.7521113091,-21.3758753565,-9.8745624416,-57.8620835163,-10.8240866658,-16.8134816892,-15.5394248493,-10.9989124576,-45.8311106167,-42.9103439281,-24.6797178144,-19.4370980457,-14.7062945111,-21.8387023145,-20.4442639333,-5.2670712503,-25.5648737242,-20.3181742331,-11.484387917,-13.3602143628,-17.6577617342,-16.4703822126,-4.1827339703,-31.5241397962,-30.6561217894,-30.1674987868,-9.1185056746,-23.69711082,9981.0354055459,-32.2770164129,-29.3018591796,-33.1728962193,-8.3792741662,-16.3843129207,-24.9428071636,-34.6896744853,-56.4930901739,-17.0282128054,-16.0780172587,-10.594952806,-18.8164124912,-5.133380262,-14.2738880503,-9.5110317459,-26.2073887667,-4.4529566,-36.3456600922,-15.4895590179,-14.8363008982,-10.0488224045,-15.0382385266,-29.5079321542,-3.4652686537,-45.5189034811,-14.9999980819,-11.0922205237,-9.1878647918,-9.4652686537,-5.7146380901,-23.4581852428,-13.8219154172,-2.9237799674,-21.3193269897,-16.9299484616,-32.5412124851,-56.5778072307,-18.7046066146,-22.0941539323,-8.7277499765,-47.5594628653,-24.7142429689,-8.5162891597,-17.040703239,-12.5751660564,-18.8031375693,-3.6614309909,-44.0518088304,-26.8091238475,-5.271037807,-11.194478277,-7.7797352688,-15.4110718334,-19.2846253733,-38.1945358189,9972.0307715029,-20.6906392716,-30.0684518729,-21.7473506739,-16.4169564542,-21.2191234831,-21.4795467231,-4.192984105,-13.4265237581,-8.5303754227,-55.731083572,-16.1041873258,-20.4026726306,-26.6857002564,-8.6353031213,-28.1441981437,-40.0459568167,-4.8385488694,-17.0841895891,-15.4269649129,-41.5086073128,-29.9976484534,-29.6218057039,-24.2571145794,-38.9287458354,-30.6794838106,-37.5274024233,-12.4243716901,-15.1715880996,-10.5305710652,-14.6213415324,-29.8727517891,-9.6565399274,-8.2066234591,-4.3590481799,-44.1830811399,-12.5229563506,-15.296519289,-29.614568848,-24.2438492478,-60.4098960601,-18.9586331108,-4.6611701342,-19.3636515338,-3.4405371347,-54.1736500185,-13.3771681317,-22.7135409574,-8.5278320696,-13.744272181,-14.1837889055,-20.0680931949,-37.595549324,-16.41348284,-12.7985917573,-9.5586860493,-16.8605663276,-9.4309679127,-29.7531604902,-18.8043670484,-47.5542572393,-20.5312711586,-15.0265325812,-68.3285125988,-11.8904651114,-56.5174035549,-12.7106159096,-6.9844099747,-25.4182127862,-9.9500459376,-33.0088633744,-10.0230858199,-2.3986216791,-22.1280096824,-7.9667100789,-17.3720699173,-33.9648322941,-8.9991253628,-3.0940196678,-7.3691237708,-9.7902040628,-14.7586384814,-39.1636281334,-27.4565146089,9911.6686486663,-20.4836763152,-18.3639718505,-9.9125190128,9987.3566812887,-48.8129216145,-15.532297323,-23.7251414093,-24.3416148949,-27.9555507817,-8.6591082153,-3.8191936842,-39.6368279823,-18.9317667864,-10.1009592239,-17.0949710276,-13.5527093615,-24.2660661847,-3.4750642072,-22.8098661383,-18.6379922472,-7.6694983687,-39.7790255851,-6.9732238247,-57.3154103027,-35.081792009,-13.9907530128,-4.8140034026,-12.6726056326,-19.096538086,-72.7813483607,-4.6902575768,-12.8158409081,-19.0613953149,-8.3344739421,-14.6163526476,-7.1653869982,-22.8297257744,-25.8005136576,-29.9842315947,-22.0749368477,-26.1752266672,-36.7265320058,-35.1052019817,-11.0831116371,-30.7975694291,-8.2006180003,-6.8094460823,-8.1183023598,-22.7664776095,-23.1191885054,-76.714187345,-4.2510458245,-38.8231122892,9982.7553835265,-10.8791696317,9976.9318530993,-19.1627285613,9965.5248705786,-16.7920166335,-57.9973262186,-7.2060346134,-21.641097593,9978.4109011257,9985.1914822608,9983.5957468846,9939.7963974919,9969.9926001086,-23.6213319421,-13.8224448029,-2.9344290594,-8.8908352978,-24.5163524558,-26.8114792302,-51.2401397118,-16.0630563585,-18.0383555285,-32.8717505596,-20.315598273,-30.9794901402,-64.973264104,-2.7957204153,-22.2274747343,9989.1922859297,9942.9330135281,-8.7978782375,-76.2865530278,-41.0261566406,-36.1161886531,9990.1093833616,-3.9336349809,-18.4709557138,-21.5319712521,-36.7923005069,-40.7617419091,-10.5595453421,-19.3505511557,9950.3674416285,9993.9676556845,-11.7169896367,-12.483850859,9953.4896108056,-34.8535020974,-23.324780046,-17.4184218552,-21.3638989641,-46.9299868229,-20.0643548879,-37.0768779286,-10.347388268,-17.8963209612,-25.1141689316,-7.4335457909,-19.0284142021,-45.6050571679,-36.8130999944,-140.0123580872,-37.2123680612,9964.6485972238,-4.0940484388,9957.9390957095,-44.6395804043,-11.2176216388,-23.1007501549,-11.0993327055,9985.553560982,-20.8803473231,-6.9814005321,-4.0539724067,-37.0799429951,-11.6273278106,-64.9897556194,-19.523238306,-12.8210906496,-14.881511588,-21.7749209278,9887.3017997196,-29.3184350898,-52.8019157625,-23.917070579,9952.9643144167,-45.4991819456,9982.7279878165,-4.82265579,-23.7096837304,-7.352563205,9987.0675695634,9979.7446557938,-10.8595631801,-9.9949612455,9976.6371598073,-22.1558638098,9957.5887747214,9981.8115770515,-7.0093179556,9968.1321335203,-49.6244794853,-63.1099127473,9981.0467585675,-24.9801231014,-4.1666912818,9990.9960641324,9918.4345124952,9978.7051321642,-29.1016401366,-20.8741615662,-20.8393582925,-33.2526819332,-47.3498568165,-38.0046513055,9966.1855688691,9974.9532529409,9984.0183808086,9979.172648789,9987.8243225877,-13.3316121904,-14.9807253735,9901.3355192871,-56.3970546207,-20.7812217685,-14.4758391051,9969.1546822823,-19.54716232,9948.1476679217,9973.1861596328,9987.5475267522,-43.7522800987,-38.9577488832,9937.1428037111,-38.6998785865,-25.5588644293,-21.0754873321,-44.343231823,-21.9611611193,-9.0265344993,-23.5369409562,9979.6787165849,9970.5115093439,-15.682335972,9981.0853193289,-3.5778206572,9968.1360962408,9978.4364420677,-17.975297252,9975.6506994221,9982.1518186125,-19.5485797694,9978.2674356825,9945.4564148696,-22.1346922178,-34.934893231,-19.7739216164,-8.5919433634,-28.5863445342,-17.1910717951,-87.555805117,9979.155840793,-26.0545957776,9985.7798503526,9976.2213829626,9982.7791118979,9934.3536948628,-18.5964105348,-23.908636851,9988.3496189766,9973.2332730422,9984.8693644878,-16.1929016282,9936.4085380707,-2.9584873379,9965.4153836416,9984.8668172986,9991.4136171045,9975.9206650312,-18.7873480653,9978.3966767621,9990.3611676407,9988.0010434269,9985.9663207118,9947.2806338818,9992.7367936489,-16.0790434231,9967.8772765024,-32.6299018527,9990.9593332042,-63.5419413494,9983.9433461396,-15.5705089967,9985.3226164696,-42.3447490117,9983.6108957551,9987.996440073,9985.4211320798,9991.1533760806,9995.2725703402,9991.0021175428,9990.227077695,-2.7957204153,9988.5406466561,-10.9653156462,-14.0500595559,9994.6711268051,9996.3180092796,9989.6368222281,-24.8608425289,9953.9264786836,9972.585801722,-15.1623986543,9958.2420155785,9946.2503553214,9990.8412418314,-9.4987196922,9991.127879254,-3.7613659686,9978.7097968962,-20.6541634459,9993.7107386657,9955.1546113139,-18.942011167,9993.9071330887,9984.3623741031,9989.030054147,9970.0455923845,9974.8603035528,9956.9587673753,-16.0780115045,9992.5113961781,-62.1672302578,9992.310306334,9986.9608638194,9989.5222121417,9985.138016223,9974.1994920966,-61.9951511339,-52.3217226518,9994.3983991837,-13.0717624516,9990.0537038778,9992.9920783951,9992.2809944779,-24.2750197081,-20.823047075,9992.7029033737,9982.1690236478,9992.7100193916,-7.9516283405,-13.1810134667,9981.0623984625,9979.1859102845,-13.6950316385,-13.0803246899,9986.881572966,9993.0515786627,9992.9359193953,9984.9877838495,-13.8751934847,9992.2431299738,9962.0585584981,9987.9398993784,9991.4125161357,9991.4711245035,9981.0049773764,9988.1870687952,9994.2345869161,9994.1257962364,9986.6014627157,9976.4151956713,9992.4714275576,9994.9201011203,-18.2900132155,9966.7881824232,9975.8627222317,9994.738051899,-9.2270297434,9987.2268475273,-15.3847195503,9990.6509410982,9990.3772371821,9995.7028170608,9993.0936437273,9984.2721713829,9993.5223847675,