{"seed":{"0":437720306},"min_epsilon":{"0":0.3},"cost":{"0":64610.3049999996},"time":{"0":8.6675851345},"rewards":{"0":[-9.6065724386,-32.013069689,-17.6014607976,-6.028738355,-13.5433415363,-24.0472323294,-29.319068051,-10.601470388,-15.5480312031,-7.6466676513,-29.1710721403,-18.9197175075,-35.2483183373,-18.2307431156,-19.9870549851,-19.2068095113,-32.3478255866,-15.0407128294,-9.9986189938,-3.152580084,-41.8901083514,-27.2699080672,-13.8654612273,-40.4943292434,-25.7490519968,-22.8510412211,-5.2312379761,-37.0549391111,-139.1931682392,-3.6837898646,-43.569473242,-18.1259228286,-65.5674765373,-22.6586421257,-30.5061675352,-19.4924552947,-6.4531599148,-22.1363762781,-6.6156065207,-11.7256803853,-59.1922303058,-5.0556718116,-8.7389131098,-17.3127710464,-8.9659562796,-19.2566408176,-3.2982915803,-38.8567896593,-7.0892801313,-11.4027838783,-18.1487401196,-23.2071432545,-22.8743207655,-29.299091413,-6.0471594429,-9.6754155965,-21.2327340662,-13.0182906596,-18.8605701637,-28.231920807,-39.2099014307,-15.918207991,-9.1693957523,-42.1488667118,-26.4960881082,-13.0985213644,-4.3598269139,-9.5036625435,-15.9781494134,-13.5326157216,-13.0488914548,-5.1697199051,-8.806417459,-15.7494739709,-35.9158698709,-34.5248245451,-22.1344793127,-23.5671811554,-21.9069297739,-4.8011178478,-46.0270408682,-6.021261741,-5.3883657902,-27.3604944002,-22.9260087579,-21.1372259806,-21.2461048913,-50.8283850475,-40.317811719,-45.1680243364,-14.9905823051,-13.4856979548,-4.7160593756,-17.9300117577,-7.270978347,-24.1125826925,-4.1941100087,-3.3914059218,-19.7858366308,-12.85028934,-16.5549880217,-30.0841051943,-20.8616461977,-20.3504821054,-7.6193831889,-16.1609562701,-3.9197213436,-20.2321490566,-12.8778212326,-29.7772072603,-9.6086075046,-12.65966829,-29.9600946756,-16.1807027403,-28.3405350248,-31.4597676457,-22.1470119438,-14.8830422032,-8.300794654,-8.0725584482,-17.355852685,-7.5386902307,-17.3518055697,-22.6427509643,-25.3251770853,-3.5187634624,-8.1126287261,-17.7890570605,-7.9968754735,-34.8464512936,-16.9023206658,-15.2204853086,-8.8067051686,-22.6714739747,-36.2183505032,-36.3984452172,-22.2673954032,-6.2498738873,-3.0715629729,-12.0792333114,-39.0595961708,-20.2970544289,-9.9748119818,-18.2107683957,-15.781237113,-24.2945475191,-44.587744721,-5.7511119977,-12.5179195142,-35.7933995577,-6.3012875965,-5.7848565,-5.046474694,-24.0868998138,-13.3019128854,-11.6475825679,-3.7466563347,-25.2529619705,-32.5080031226,-15.3105902075,-6.8216833314,-6.5174898678,-10.4726627909,-9.592290533,-12.2653967803,-22.9281895968,-20.2026626566,-5.1596404781,-22.0835412835,-31.3282018724,-7.0974472484,-5.1037998769,-16.2054150787,-6.8129925828,-4.1746934454,-3.9269792983,-17.9730262641,-14.9372006621,-3.3329164741,-9.5508737741,-12.3487021419,-10.7703789519,-9.6030834799,-8.8721015653,-25.1766652153,-3.3047708009,-11.7938464666,-4.3150439524,-13.25898661,-7.3190929858,-5.8703925702,-20.2685328152,-49.1878187583,-7.5804867663,-2.3986216791,-3.0401738533,-5.5726073588,-9.2309924639,-28.4258102382,-43.7778056963,-3.8350905998,-6.017226134,-5.8375879193,-7.6886943546,-16.6105505036,-9.7974121479,-2.8340260742,-5.2833709594,-11.4227413356,-20.4072759845,-21.0553668394,-11.016449318,-16.7216198435,-19.2200729248,-9.7154628576,-4.99665106,-7.0089170802,-4.6774813516,-25.0219982776,-7.3211587409,-11.2887185222,-6.0214804003,-9.1593489323,-3.6109916583,-5.9849642952,-11.0288572749,-6.5663333711,-2.4762169637,-15.6717022244,-3.7620334549,-8.9542675968,-8.6029875767,-4.6191031516,-15.3055476169,-12.9183307471,-7.8327332989,-11.8952123201,-12.2145872614,-7.9603632046,-4.1424814763,-7.7712248182,-4.7594613309,-7.9324381089,-5.8144905909,-4.5981770718,-6.0372737404,-5.2703300413,-12.594323681,-10.8114216883,-7.1684769995,-5.3320456729,-4.6907792903,-5.9743171212,-6.67264783,-3.3866184337,-13.1508576624,-2.8923026168,-5.3130319032,-9.1442652759,-14.896225058,-5.6679447367,-19.5843439933,-3.1413920159,-4.5543282076,-12.0083224803,-16.2561095138,-3.9889500325,-6.9129256424,-31.9417829173,-6.8707915275,-7.5767580496,-9.8361493712,-5.29002856,-4.790566577,-5.3991970984,-6.9587999824,-9.6028935916,-7.2862538098,-3.6303717784,-18.9309995608,-3.1583860641,-5.2401243673,-6.4920640096,-6.5007010524,-13.8161132732,-7.4172748528,-7.3263739573,-16.1946509027,-17.1390289609,-4.5464564724,-6.0784392329,-6.6736202885,-12.5659459221,-11.2289880869,-10.6525541901,-4.2287636734,-2.8511179437,-5.3642307891,-10.4783920485,-3.5400386298,-4.6136078978,-13.9602231859,-7.4021720158,-17.8764459806,-12.9159312489,-9.4161105879,-22.6108075242,-5.2500330866,-11.0434786778,-4.7849715839,-4.9974374663,-5.4328265169,-4.2059483005,-5.7158081092,-6.3779104226,-6.9350792832,-7.2055320806,-5.43668758,-6.5744314378,-7.4057472874,-11.9921263467,-23.641964558,-3.8038817782,-5.581016152,-7.4246478914,-3.2519492327,-20.6893196435,-8.1766057553,-3.5655872441,-12.889857085,-13.2014101608,-6.5236219189,-26.7570177172,-8.9282816639,-22.1880297453,-3.0706518925,-3.6989253087,-2.8735036702,-5.1013485909,-9.3800720809,-13.1273460322,-3.9369935112,-27.1539610902,-4.7337420089,-7.4504938056,-6.6384487464,-3.049614565,-11.5730811207,-8.2053441103,-3.1571834379,-12.6100326263,-2.9047297544,-23.3047266855,-7.2325748668,-3.2341093181,-5.1130123389,-12.4595336419,-13.6111048241,-7.1933868985,-7.6143923861,-14.7297255826,-7.8974353564,-25.0995091674,-11.8714513416,-5.1054033785,-5.695526499,-5.3725551875,-5.2815123552,-5.3488997025,-3.2067692319,-3.94299897,-12.7903402454,-5.7804487886,-7.5054194902,-3.4771990126,-6.4211263256,-6.7619893394,-3.3929864067,-9.2798724104,-3.2661064641,-11.4266004807,-7.2687975081,-9.3087066685,-2.6926494028,-4.8907777558,-5.2301350893,-3.6576159614,-8.4131644414,-3.9548602786,-14.8413396527,-4.6447515052,-9.0372910029,-4.0678745356,-5.4476531526,-4.3337776849,-8.3190469523,-8.2609085103,-19.207308208,-8.2675066509,-7.8043517039,-14.6273143841,-5.5393155196,-4.3369118017,-4.8262118809,-3.9294037314,-5.5143921942,-5.93970949,-3.8057633991,-5.5749128719,-2.794247342,-4.697379349,-19.8945448338,-7.2298799867,-4.8953964543,-15.2883483358,-3.5069942209,-8.3832944286,-5.0121816253,-9.7250224893,-6.4012321644,-5.7573284435,-2.9089130522,-7.307105085,-6.2266000971,-10.0562664114,-5.4333808374,-5.3347271266,-11.1194071647,-7.4659553206,-8.7208085024,-2.7982311613,-6.2210242846,-7.5216942644,-5.1334051968,-3.5230963693,-8.1185056746,-5.1038075491,-13.7642852622,-3.0918906166,-7.4506817759,-5.6085269459,-3.5373571761,-2.6107020307,-18.6931787885,-4.9268833951,-3.6304945345,-3.5357038049,-5.448830844,-12.0459280457,-7.7975310678,-6.6533540229,-16.2252056644,-4.9538935743,-2.5042801601,-6.7228780936,-4.2822872531,-3.826844842,-2.9047297544,-4.7302530502,-2.6566857003,-6.4228103859,-7.2125253424,-7.1909931544,-6.0377455841,-4.4465310851,-2.9955558454,-2.8539547605,-12.5284631127,-4.1462504723,-3.3567560932,-5.6802030846,-2.6797772744,-4.983460533,-13.9900778542,-5.4646874802,-4.4269802574,-5.5022355038,-3.5209251207,-4.5067640532,-7.1762605038,-7.9714764682,-2.4450982912,-7.297773703,-2.8189558442,-12.3526878792,-3.6121252342,-7.9749884437,-8.5394919815,-3.6391872011,-7.0804666266,-7.3170157224,-6.5382567482,-7.1328086789,-3.3360410005,-3.5076118375,-4.8209410406,-6.5516525082,-2.2550238895,-4.0162939548,-2.9692745306,-2.2976125856,-5.8266683801,-3.3503459229,-11.0301941656,-2.6240555932,-6.0911406536,-4.5208483981,-7.1756141162,-14.94311789,-4.4240034218,-6.3793739055,-7.1592012414,-4.643817408,-3.8420589268,-4.5968804605,-3.4847101517,-4.9116462936,-6.0427632399,-4.8530398439,-2.8390034506,-5.5733937651,-5.5167897744,-3.2564605195,-4.4241165876,-3.9035194559,-4.7531010302,-6.3658189463,-3.7639687816,-4.1113743121,-4.2744979947,-3.9041121377,-10.7450624234,-4.03917646,-5.7562102122,-5.513427408,-4.6394288772,-6.9793865647,-11.579339764,-2.9451337754,-8.073390888,-7.0917103186,-9.9977405204,-8.0363262167,-4.6665656486,-4.7469881598,-2.7568182385,-3.5691510073,-3.2836126354,-3.239967086,-2.8524816873,-5.8210235174,-3.6977073379,