{"seed":{"0":2041095833},"min_epsilon":{"0":0.5},"cost":{"0":1712.931},"time":{"0":13.4932558537},"rewards":{"0":[-27.7652749833,-18.4035184969,-26.2216073761,-28.2929382633,-44.0211754281,-7.908366404,-75.2366449989,-7.1656363465,-31.0846863677,-29.5774638972,-19.5918781492,-8.3485084174,-6.5061982243,-27.5117970535,-12.8507170683,-89.9594367796,-8.683204855,-27.2132062552,-6.4057338609,-11.127938714,-83.5825352588,-20.0829505197,-33.2033358971,-12.8281874869,-122.6709369168,-12.0436954191,-18.2299662996,-9.3956218268,-33.1905270648,-13.6957509125,-71.5440857451,-8.6751815927,-33.9163781579,-9.4287717293,-40.9419190999,-41.7656451696,-31.0684768077,-25.1504702134,-84.3673322989,-7.9092621399,-11.5101877977,-45.4691776684,-45.0704562499,-35.538667214,-30.0862841152,-17.4998379236,-8.1516747577,-9.1046802683,-144.738262886,-17.3870423259,-31.2442923206,-23.3678578484,-10.771008077,-9.0934020512,-35.3387608155,-3.3136130766,-8.1170939794,-20.9985096642,-12.8715491629,-28.6270746261,-14.2650342662,-38.0741197524,-31.715771666,-50.9234251255,-8.011155461,-43.5646397204,-59.4153606248,-10.9690616255,-10.3790363262,-21.7323475762,-14.8060645352,-8.0130140652,-16.9586446192,-12.6513304652,-29.2832213504,-23.2017036246,-17.3117755712,-23.849899973,-41.0352923801,-10.6641527239,-13.0027600943,-40.5644344876,-14.8894485374,-18.3082041357,-69.3377979473,-20.4813919008,-10.4956795605,-3.9175942105,-28.5649216759,-7.8367343807,-28.8194296061,-48.3037657353,-57.0856473179,-3.7345648584,-17.0430394412,-8.7061333937,-10.7463935599,-22.4039443071,-17.0706576467,-13.875231846,-35.3044696649,-30.7014341366,-8.3531942481,-30.958339647,-6.6847987663,-7.4266081529,-10.761350624,-15.9827546854,-43.4778530725,-13.7763249508,-13.0281360828,-8.2678634108,-22.6452214309,-9.952359123,-25.6831799202,-5.451702186,-9.9585218631,-3.5582007791,-5.9745645515,-24.1082248508,-5.1667104625,-4.149919729,-24.9322846637,-5.9067111146,-13.2877633262,-42.9567687524,-2.9817726365,-7.4308739276,-28.2634365188,-22.4837952351,-24.2718529842,-11.9439637563,-34.0599490946,-22.0546609918,-9.6858594558,-31.7133529871,-11.5459712022,-34.9671531517,-10.6336439958,-18.0457918632,-67.3221522981,-9.807495411,-8.0743499201,-12.0610884247,-15.7718232542,-10.9110478576,-4.6650273612,-20.2244806362,-27.2048319872,-5.3049280822,-4.0247180925,-22.4594012955,-19.9436702924,-17.0598014036,-19.8906147204,-22.0915185122,-8.9152445819,-6.1413574907,-18.6326005689,-16.9822444803,-12.4019226675,-33.0680145543,-34.674023082,-16.2865952252,-11.0371663288,-10.2381756141,-12.763533381,-14.0214593016,-12.999102346,-21.9578889019,-3.6822937745,-11.4549111073,-46.6562464636,-25.7380077835,-7.9225313076,-38.4219990448,-5.2990645601,-16.5427028209,-8.2290935804,-15.5696861472,-27.2363553713,-10.7463782154,-17.5244562768,-9.5885714067,-10.3099265573,-51.0822983779,-25.8665008181,-3.5283077496,-14.2806722431,-27.5348943818,-12.5819809383,-7.8394062441,-17.6316031755,-25.7907008415,-42.9890785428,-11.5400328756,-13.6272434158,-15.5417322804,-30.0360711141,-8.8947155415,-15.5215005399,-8.9321388909,-54.3872494768,-45.0123293163,-13.5364230789,-18.5732575826,-34.6091253819,-8.8997773128,-17.5194175223,-5.4740591416,-9.8609691211,-8.3471370016,-7.7621351123,-15.8832071567,-8.3337642584,-25.2194380456,-15.0273535126,-29.9495165519,-9.1594141465,-5.1308158102,-26.717027998,-8.8623635537,-5.7268408141,-30.1688759569,-16.938483847,-28.926041365,-15.4812211931,-30.0202988728,-9.0735021358,-5.9192590902,-6.8357791848,-4.0619918329,-7.1419693532,-3.6782620037,-7.4293145414,-3.1433657039,-21.9262254991,-8.0581633769,-9.3806858614,-20.1905577539,-4.9268891493,-11.2553422881,-14.7051206558,-15.2850185765,-4.2628572634,-3.3170521656,-7.3458269638,-9.9980435746,-14.0735040538,-7.8310473206,-35.294785359,-6.2918219499,-9.9726311428,-13.3023732208,-21.0621932296,-24.5176663297,-10.2351546631,-19.6086343575,-9.0155382376,-8.9921531996,-22.8459142357,-12.4731039456,-19.5964738309,-9.2479980206,-8.6655567469,-24.5384447185,-8.2689969867,-22.317871179,-18.2656135216,-17.3397908159,-36.6244948299,-15.5155085076,-6.730724894,-7.2619634455,-3.6328345727,-19.0247660441,-4.2397330822,-3.4629362877,-40.2572085645,-8.1017628927,-5.6359878702,-7.7614407731,-11.8604819328,-9.8289048429,-11.5896627851,-6.1324039673,-10.7279532913,-16.6740211639,-11.2977564404,-19.545067794,-31.2235580473,-7.1778179719,-9.4804367048,-10.3667798964,-11.1050811437,-4.107572709,-8.0018298332,-12.586129711,-3.7066973045,-29.7590642916,-15.3404717287,-2.8832896334,-13.2506104239,-2.7212343126,-7.2185710806,-34.3791514101,-4.382977948,-11.0167197651,-7.9666487008,-5.2164439475,-4.1682890292,-7.2485561772,-7.0578871756,-4.0941213252,-3.7631996379,-10.1063010325,-28.7138919631,-6.9973032018,-5.756384756,-18.5329628912,-13.0823578379,-3.7046584024,-8.5969169037,-12.0346498286,-4.2477601806,-13.954484338,-16.8252240778,-16.943956084,-5.7556136942,-7.9396212591,-4.486002927,-3.8117324147,-33.2877307191,-11.682815488,-3.3836531066,-3.3981383269,-11.9499768873,-3.6911341321,-16.863449178,-10.4167032697,-23.8645827539,-4.1439123521,-4.482713447,-13.6403648925,-11.6904244484,-2.827201602,-6.3796040732,-9.7263344452,-4.6979087347,-9.9055449316,-8.6906335174,-4.2376174575,-5.5549496604,-24.1280979133,-4.1005602665,-4.2248316419,-22.43298188,-3.6905874839,-5.830882367,-5.1027411055,-10.025481482,-14.5413122244,-30.0604439551,-4.7945484781,-7.1960184825,-10.9285463567,-12.9504007795,-7.0941078988,-6.67581839,-14.3923265926,-19.0168156683,-10.9925579112,-12.7098295033,-15.3279544421,-12.8019809766,-3.8590913363,-16.6455954534,-7.2658590338,-16.5602358452,-23.5392560596,-6.9839649838,-8.6204055171,-21.929511143,-12.2295941952,-2.9772862845,-4.0602694113,-13.9247159827,-10.9567898511,-6.009062853,-6.2545462915,-5.0857202043,-11.7715240362,-8.7278132726,-12.7870546015,-6.277200547,-15.8903903069,-8.9968351942,-7.0299179644,-3.884919988,-4.5418147572,-7.7561565064,-8.5536012613,-2.8712998145,-5.9175289963,-5.2252881412,-9.9218599852,-6.8930775147,-9.9157643773,-7.5999436089,-7.0144871384,-14.6537261273,-21.4527398587,-6.1668945966,-2.9839496393,-2.595518635,-5.8924349632,-7.6854067926,-3.1099779614,-4.9110114144,-3.6580436897,-10.7828041714,-23.8589781705,-6.3356266987,-7.3310175906,-3.9542599245,-4.9982545616,-6.0711908685,-10.5938729359,9994.6892774461,-9.9918597358,-19.312788309,-11.8469576626,-4.0356280413,-8.2029829733,-7.7582759672,-8.5226130171,-9.4007929277,-16.9539300175,-6.474490706,-8.5789561511,-11.2500350047,-12.8675020475,-8.2594200925,-22.3023482859,-9.934833771,-18.8522764544,-7.4097330247,-13.4839122371,-37.0874809872,-8.7649527485,-10.9467775563,-19.1619613357,-5.5745925552,-9.9015035705,-13.0705502351,-15.9022151723,-6.6799268834,-22.8467505116,-16.5691337447,-9.1852581427,-7.3066888651,-9.6565188287,-4.3477316014,-8.5832353522,-5.3186384046,-13.6744373838,-10.8406836748,-13.8665257529,-23.437376165,-18.7542173435,-20.4819538936,-8.1149610921,-9.0638293383,-3.5778206572,-3.10437146,-18.2036830668,-7.4969991887,-6.89425137,-12.3152223324,-9.6369526564,-13.04719205,-10.2288595766,-11.7151693938,-9.9946984707,-50.6747308477,-5.9119455116,-18.072761763,-23.1760245819,-6.2641922361,-5.2987845228,-23.4872765216,-6.8166656757,-6.9780247392,-9.5822437131,-22.0044115475,-10.7479529461,-8.2778028192,-4.9602442846,-7.1448905649,-19.9906820444,-6.7458449936,-7.0516093517,-7.483371343,-23.2710761682,-4.2826536034,-10.9877167173,-2.9849815578,-10.5079532529,-14.5203036679,-3.9266513094,-8.1751940601,-8.0566270075,-11.4148139765,-20.3873664788,-13.1962870114,-8.7052261494,-8.0352923801,-9.8983464369,-17.9458511314,-17.2344238807,-3.9100236114,-12.1804131127,-10.1160179454,-15.5747920339,-5.3064529432,-14.0993442139,-9.5077691188,-7.8884473079,-9.8147706283,-13.40397116,-9.2467109995,-14.6605985511,-18.1315619372,-13.5074372937,-17.3543316601,-4.5788218866,-5.8172487672,-12.1472536199,-6.7986838244,-4.1986807555,-13.1756831665,-14.1005353317,-14.5296235416,-6.7905435602,-7.8499632691,