{"seed":{"0":437720306},"min_epsilon":{"0":0.5},"cost":{"0":1712.931},"time":{"0":17.5584521294},"rewards":{"0":[-9.6065724386,-32.013069689,-17.6014607976,-6.028738355,-13.5433415363,-24.0472323294,-29.319068051,-10.601470388,-15.5480312031,-7.6466676513,-29.1710721403,-18.9197175075,-35.2483183373,-18.2307431156,-19.9870549851,-17.9629679357,-55.9694318119,-33.2419484463,-27.2225817527,-14.3379264576,-26.4708904996,-26.0886030547,-12.9179816595,-26.9633668931,-38.0127455362,-60.6833717266,-15.1537980547,-16.061934291,-54.6305942738,-84.2407112949,-41.5783634693,-14.2971522502,-15.3119769679,9984.5453324868,-17.3429095882,-9.080117539,-20.2075211131,-27.200878857,-15.3096541922,-6.1871781249,-4.8412495037,-30.8172123239,-7.3635882377,9976.9872717264,-19.2660987918,-19.1946950182,-15.5106270343,-10.5869870857,-7.9376974407,-30.0631637701,-13.2839003451,-16.1980362859,-49.0355148755,-57.2133827171,-20.9270675293,-54.5532138124,-79.8294591635,-18.7482138028,-11.5646147856,-13.0941520143,-39.6620524437,-20.3882641328,-8.2424586513,-16.3234795985,-17.2873893037,-8.9372601221,-13.2896583736,-26.7338091411,-33.9846785037,-13.0123005453,-62.6152938762,-30.7218116499,-34.2982723996,-14.7626318909,-20.7747540562,-46.8065287067,-16.265954937,-41.1174852645,-3.0989337481,-9.8191476507,-12.3836185814,-27.600843181,-48.8548159713,-6.7962670636,-66.4681534221,-11.8959315942,-18.281684981,-5.1823426852,-11.4696380038,-68.0573616261,-14.4970816654,-45.7703885423,-23.9846957663,-8.4275192334,-24.8767547889,-47.1395794453,-98.8017776618,-25.6579803935,-31.0022633157,-66.1142322277,-5.1160869957,-26.7705956932,-22.5770457593,-35.0958226481,-29.6635140086,-21.8831304341,-12.615107824,-70.2494231422,-31.1752381756,-17.1812244538,-15.7285900886,-58.2384940128,-15.185118124,-46.2904601244,-29.0779328639,-24.3418642433,-49.7800728481,-12.4519035828,-18.5671504664,-13.2800066749,-19.2563166647,-8.5917266222,-5.7450854402,-26.3455430903,-71.849034926,-13.8986053756,-4.7766471855,-52.5153799973,-35.6431134784,9988.9393738288,-13.3144378442,-24.473023387,-23.7892622934,-28.2038748732,-42.860698674,-11.9534735182,-33.0656821883,-50.3237615539,-46.2943154333,-12.3271104939,-7.0522250503,-20.41539515,-24.4237866806,-8.0335143347,-18.6108420493,-6.6188039336,-27.2992602027,-43.5888380176,-12.7998289087,-21.5251985676,-25.2267036725,-24.4292876885,-18.5967711308,-31.5561177615,-28.8970479075,-121.6888957513,-19.3982725914,-5.154076174,-71.5941299565,-6.3236119449,-6.3806033846,-41.8339973032,-15.7189403079,-11.2185940973,-38.5691701879,-9.7145402688,-14.6411973324,-36.2833230078,-11.2920367731,-33.178869071,-22.8075050014,-28.4198412227,-9.3181895776,-23.376517908,-21.807403344,-5.249657146,-8.3697605681,-5.5933205335,-21.1863936366,-4.314132872,-9.3000351006,-9.8184935908,-3.9878720805,-25.0410235557,-14.5351015327,-21.1428938601,-2.4994466385,-28.4936982003,-32.5323932262,-6.4287410402,-19.2992582846,-10.8240789936,-35.4626121348,-48.524043893,-13.7808630905,-16.8205056401,-25.4126465641,-20.5735951619,-21.5294317351,-7.0586985168,9962.602279811,-19.0829812087,-33.014893768,-16.6233689262,-62.0594082005,-23.4312786391,-52.0958648455,-29.9497428835,-26.0701225068,-16.129285195,-33.7674040345,-42.1996378695,-33.6421352657,-33.0880986038,-87.7814404278,-41.6489002779,-23.3124756646,-27.2231648442,-29.5944387648,-44.8634683587,-27.6462188243,-21.1015672502,-12.9592277107,-33.3858358636,-14.163854465,-33.5025807553,-16.0198826528,-15.051379184,-13.1051559482,-58.0872834266,-39.283570438,-38.4530659296,-12.6449490658,-23.0848513213,-14.8676689191,-58.9899742788,-23.4643901803,-46.7569371585,-27.708325741,-2.7957204153,-4.9271365796,-13.1322620306,-117.4649617634,-38.4603603275,-50.9738702123,-21.3747782238,-48.058855798,-101.7804507067,-20.723039211,-22.2432776647,-9.5086859534,-22.0577529111,-11.1423299492,-10.5079417446,-11.9828083911,-24.724473923,-8.2926332911,-39.7088071751,9979.8790641381,-11.7970419615,-9.4214466423,-12.31598764,-7.7139936205,-31.8481142552,-24.8450530249,-23.1414111965,-57.6982156249,-36.6128387541,-7.8210235174,-14.2387452792,-70.3136533559,-6.4390717337,-25.6451485445,-13.2652241546,-13.726508989,-8.5733822568,-41.9046185066,-13.1765520495,-23.7462784761,-20.7481581789,-20.9587558669,-58.0341070165,-20.466446345,-6.1586200679,-12.3589388502,-36.6292094315,-4.3764373493,-9.3808431426,-17.6081816944,-26.3097040619,-8.0780383574,-10.107214031,-20.9182233356,-21.0731261952,9969.5302430763,-8.9307732292,-61.244871576,-21.5497152634,-5.5640700554,-56.3105288295,-39.2636705226,-5.4028203215,-16.7561258173,-29.7740673893,-20.6761406248,-37.170525492,9974.1132309982,-9.8808958894,-17.9294842901,-27.6997174692,-24.6820271636,-25.9991119363,-29.3939972265,-40.1299104839,-6.2647829998,-17.8580920249,9956.5036893964,-17.9461407591,-39.688498712,-20.6614866148,-75.1369229264,-7.9524454359,-7.7447977305,-29.7595495618,-59.4753135555,-81.5430845157,-39.0078506365,-14.8334640814,-23.757909617,-6.4956220186,-41.1121645546,-20.4695056573,9983.6646533387,-7.5820902679,-14.8255386404,9978.6730582957,-28.345775176,-40.0537499113,-5.3142556281,-30.4174474786,9984.4072203606,-10.5357018868,-37.9426652268,-12.1421381428,-19.0708513711,-30.0352329201,-64.568425979,-35.2140482853,-10.1099530266,-58.3897141893,-29.885460882,-17.0088557021,-48.2897868839,-32.392696779,9992.2859354111,-16.8395692795,-17.7086997635,-22.5834520935,-32.6029568877,9980.914976053,-10.2214366684,-16.5905335863,-26.3278700473,-10.3377250609,-21.0604842345,-22.338476942,9990.6885236469,-31.1206865135,-6.9539357717,-15.6771265098,-21.7521496704,-10.9577220303,9948.6887269617,-5.0905959233,-85.1720637795,-39.0804934795,-37.9591145449,-49.4874664099,-25.6154243046,-18.4361524401,-35.9094462741,-70.9247332452,-7.2385515547,9988.9475984878,-24.9541064794,-4.1988552993,-27.4306284154,9969.2741757599,-18.8399778272,-6.4272813934,-25.9442974994,-7.5418147572,-37.6275714047,-12.7637002526,-83.5367913472,-19.0740583744,9970.6100115276,-24.7706762519,-11.8507362489,-25.0198692264,9985.0722285412,-10.2766404723,-18.6806749284,-23.2595639473,-21.6540004105,-45.6968691439,-24.8564175549,9983.7648165659,-22.3521776741,-25.4766945617,-8.6115728318,-42.7620871607,-41.0000728864,-38.8210177632,-28.2034720797,-32.0729458972,-18.7011003934,-56.1815581969,-20.3691793946,-15.5125086553,-16.6068985095,-10.8747734287,-14.3783228064,-50.6752832501,-4.6735090408,-22.1829315309,-29.080447446,-33.3230537883,-16.9947598488,-12.4468974354,-10.6929601292,-44.8011025033,-74.9655726668,-16.7316417286,-33.1931797475,9965.3296461747,-37.8154841482,-4.0562088695,-7.5898104761,-34.7544244944,-35.000895736,-38.2491565313,9983.7118990945,-11.6189401161,-54.6586037644,-30.6065168147,-11.4219108139,-21.4962664882,-23.4509618133,-13.3472079699,9988.5224729985,-4.5330319415,9959.6811064928,-20.3617353877,-42.1837946597,-20.2307968214,-50.09456248,-44.3917761082,-69.7939557963,-39.2207116402,-6.4746825124,-14.346074394,-54.7648606814,-19.282014888,-14.789400394,-30.6137651791,-15.8168267931,-32.7363313954,-17.4092017209,-42.9482966631,-10.0609445699,-8.2666166691,-46.6874725477,-14.3615915329,9983.9573038923,-56.8137789891,-18.1670921572,-24.3482955123,-15.7235570883,-36.4462088503,-24.2343663387,-16.7806233325,-12.7893083269,-4.6553545637,-45.2599264614,-57.3061613974,-16.8922258942,-46.6146973583,-28.8787188866,-24.9621776933,-29.960672013,9991.0702912964,9967.9579195909,9992.6409594924,-3.0152486099,-14.5934241089,-56.5930251516,-38.6767812582,-7.6245120924,-12.2919907396,-28.7551073253,-17.2166376719,9993.8226941512,9991.9178090337,9977.7151176061,-24.846282504,-17.5134638512,9976.8551804035,9995.0103000044,-15.3693750372,-25.9698326873,9923.610115103,-11.1097036783,-13.7614599537,-4.8209583032,-14.4090789648,-31.5169106125,-26.4595240516,9972.9407797698,-23.206740461,-47.7282314106,-19.5439821697,-26.8445025405,9972.7987106773,-30.8339224987,9990.2973498108,9976.8617977248,-30.654316891,-12.6734975324,-15.6878158812,-9.8146363638,-10.6999687356,