{"seed":{"0":1000004583},"min_epsilon":{"0":0.7},"cost":{"0":1722.601},"time":{"0":16.5722539425},"rewards":{"0":[-34.7434148063,-44.6643387762,-10.1214249682,-27.1443036372,-21.5077537743,-48.1253032939,-37.0854056418,-34.9392357282,-68.8223910971,-13.9492748759,-62.1987114445,-40.2321183676,-31.9095191605,-22.5412489283,-59.1686361989,-10.8349640075,-46.5950333647,-92.2906039792,-8.7410498332,-22.6521456424,9947.886836134,-11.9769966568,-35.074555153,-22.4549839938,-9.5390661713,-34.4842920138,-19.8937258204,-14.3229003431,-5.2843204011,-20.6028724929,-46.7785134619,-9.304532961,-59.3105307475,-8.5349404153,-28.2579777083,-43.5916844247,-7.726298002,-8.4079607334,-31.7155530067,-9.406215295,-14.6879328831,-29.6961556241,-23.1352503745,-35.7379559958,-11.7150389655,-50.5850728577,9988.757311181,-23.1709302036,-8.6468306867,-7.3885940398,-19.3259519832,-29.9999328678,-13.9197040811,-23.7742918028,-17.2920425273,-43.3728850945,-10.6041575958,-6.6464969436,-49.4298132381,-44.1873814397,-20.6619872295,-13.6927683228,-42.6601593144,-9.6965929427,-32.8227037416,-32.9944855656,-21.6344054673,-17.9729303608,-12.4529470096,-58.949936608,-17.9867845381,-19.4404412315,-25.4251791951,-6.1201398652,-12.7641241448,-39.2970410025,-14.261079218,-7.370119246,-10.0029998523,-35.2323792243,-28.0991543255,-15.7198897497,-6.806177701,-48.4855445096,-11.1278293844,-26.7505902842,-40.4115705301,-55.6008642797,-37.5247554948,-28.8627279859,-13.096896764,-17.8388269887,-25.4656925458,-8.3999854227,-21.0833207061,-28.3326863064,-22.3732111654,-8.3595948281,-40.0677325988,-33.6280470846,-7.1883232092,-15.5111813549,-15.5876967694,-17.5177257897,-26.4483551641,-3.7805715448,-8.0878588458,-10.3869291601,-29.2040590073,-31.3493120863,-14.6944734818,-91.8521767151,9982.8882555015,-6.9485287489,-15.0630736211,-25.6628311777,-16.8117324147,-41.8296528879,-21.2515176682,-9.5848810513,-78.9213056646,-47.5268135776,-30.7820676348,-24.3981536715,-21.2597710982,-29.3179459835,-42.5139414492,-27.2037367726,-8.7074779566,-16.5912087448,-33.1142974419,-43.4367336135,-21.0479151602,-23.8697365923,-78.386177279,-50.1400110097,-18.038010277,-15.7763824927,-37.2574598309,-6.9193665018,-31.2787733596,-21.9177361473,-7.0426117129,-7.5801971386,-40.8546912972,-12.4679021557,-5.2270143989,-9.5132509461,-9.111757925,-20.4197299749,-15.2073446512,-10.1719218427,-3.9226905069,-27.7464779547,9976.4634714276,-34.3551794445,-16.2154983418,-13.3233299895,-24.7033234297,-43.1658319891,-26.6361393972,-10.3771489511,-26.8333547517,-61.7904610834,-11.1852504704,-34.38267873,-38.3931129989,-47.043004916,-37.2314470451,-11.9661922015,-2.6107020307,-12.4000314563,-18.2804113864,-24.5882184828,-15.4062805092,-5.5379134147,-89.5294106364,-13.30474203,-49.8042500465,-27.4733513759,-38.7376280068,-13.2128610036,-16.7955995773,-54.8217255289,-17.6425188785,-40.3756164179,-69.3223958923,-58.4274616915,-5.4378882881,-10.9476924729,-23.4966021494,-15.8768890534,-35.1484102125,-16.2654332236,-39.9965724194,-36.7421162769,-18.1719793846,-7.7150639003,-22.4511095042,-29.2101373526,-14.6282120382,-7.1209569606,-8.5919740524,-46.0669787996,-36.3679901949,-24.9662861867,-17.3954204301,-30.4869485326,-10.5715428332,-15.7095648104,-30.6965622536,-8.8797412148,-33.9108829041,-48.6128771154,-26.6218172123,-15.1986539026,-18.0142186094,-15.2099743171,-35.5301510092,-6.3966882705,-19.9077353609,-62.5230906151,-81.9525662739,-29.8845498016,-2.702912964,-49.8150468295,-21.2816101765,-15.7114483494,-37.166426589,-62.8979474796,-26.465938058,-8.6725116474,-16.1853310291,-15.6418648187,-3.4838412687,-34.4497112354,-10.6535630918,-3.3092763336,-14.6689881636,-45.0723090999,-5.406961422,-12.6010675945,-6.0009417695,-11.0865027745,-20.0627533043,-24.3007505385,-24.5231366486,-14.4712645221,-18.188048926,-4.509539492,-41.9652120708,-22.0893626081,-19.5454763416,-21.2451803843,-42.0032492006,-32.0595789082,-47.7268657489,-34.2879014268,-10.3592687572,-6.5045889684,-10.3286583717,-43.9698576221,-7.3019359021,-71.741761435,-26.0584683491,-21.7205706624,-19.5836438999,-63.0482239685,-12.7384086589,-11.7105564496,-13.3829990467,-48.5658423466,-20.2777778843,-7.8072671614,-12.6634622208,-68.5101225835,-18.5012918162,-14.1866238043,-21.0266725999,-5.0167562083,-27.8933786508,-19.4401170786,-14.8978899376,-14.5521166797,-12.6937887329,-54.3627174365,-36.9504928466,-8.295142119,-23.9684977146,-9.9989853441,-24.2652394991,-15.5483246669,-5.5156849695,-19.4866109533,-13.2146774104,-6.5572916167,-47.0638293383,-44.9968121774,-16.993000984,-22.1584896396,-12.3649960967,-9.60894892,-23.6981408204,-17.7827101863,-25.3300278695,-22.8890956136,-20.5047961194,-11.2244135039,-19.8513577017,-11.9286767851,-10.3625965985,-11.5230445816,9992.806896975,-17.7963073429,-37.0667141068,-41.1551886512,-18.3418719155,-28.8653480615,-23.2450077586,-54.6212245305,-25.8825703594,-31.4011458515,-12.1440197637,-12.8570620244,-61.6441492331,-46.0087655531,-7.4393882143,-23.5018902522,-5.9881118385,-54.4159552247,9990.2872895644,-14.8345842308,-26.0789072405,-38.7823591805,-3.9304145512,-20.3169562624,-13.6789371623,-7.7546853512,-54.1726181,-26.4272161793,-21.3217936201,-23.1966648701,-11.2462660086,-19.736916405,-14.5561599589,-50.7303240186,-12.5257720688,-15.0416258279,-20.5148448574,-57.5954937001,-12.8643199791,-16.5166535919,-18.0334778914,-4.3705028589,-12.6261482011,-7.9882096598,-9.3694843668,9991.8064941816,-17.974401516,-15.1993981115,-24.1177633838,-29.9040833667,-14.7701986539,-17.4070496529,-10.1241351928,-15.6573109892,-23.6028379677,-34.5479276276,-20.1546765281,-6.3770779827,-12.7885123303,-9.4558778116,-24.1634459173,-12.584484012,-11.9247044743,-11.1901089269,-24.0279519487,-29.2785431919,-27.5833504361,9966.287696194,9945.1036464317,-32.7090315886,-29.4801911926,-13.6318793768,-21.9169113797,-18.5763782729,-18.8753469299,-70.920122219,-8.2134843745,-17.2226086056,-4.1859889251,-29.9305104544,-4.6279761163,-6.5226034268,-34.785184489,-5.3957503371,-17.1992274038,9963.1153255243,-33.8504025058,-8.0372679862,-54.9795035666,-15.533674493,-46.7304985624,-21.9405745369,-7.1981839769,-46.7783274097,-38.0232315928,-8.8812046977,-64.7518830595,-11.4079051095,-17.3635556306,-23.3910472438,-4.8752740434,9987.8552264371,-20.5279644161,-42.452688071,-23.7827466295,9986.5878195255,-7.6904340387,-3.803847253,-14.4995099346,-39.2470792678,-18.420330329,-36.2061017456,-4.7445982519,-35.0437376165,-37.9201126287,-9.7894291649,-10.6388266051,-7.293828245,-2.4538830249,-24.2013967343,-9.018511237,9969.9572808756,-4.6714701386,-34.4119809958,9948.840090993,-19.7069984406,-21.7625628406,-19.0079292771,-22.7341332939,-12.9135279145,-27.5188574476,-23.2177060337,-30.3239303436,-28.0889233714,-22.3654410876,-13.5666786226,-15.2262855345,9969.8343847522,9940.4296693833,-123.1284604275,-16.870116369,-27.7156258931,-33.6217308994,-23.1345061656,-122.0090168195,-92.0956059069,-71.5240707459,-58.2303825195,-17.1945645899,-8.7895365765,-30.4277647456,-29.2792797286,-41.6159517722,-27.3170771004,-15.0801923435,-61.2418602153,-35.1192997531,-19.6202616623,-3.8130386164,-56.5737735418,-38.8264516389,-4.5175876891,9970.7434876927,-5.0655344973,-20.2056452464,-25.8645290481,-26.5745657023,-61.3857821578,-12.2365817028,-35.4224747247,-69.1659240562,-47.3583423323,-13.9906590277,-20.7115097275,-73.3638778653,-12.1599301057,-9.2712507121,-8.737693221,-24.5407790026,-43.1720944685,-16.1873718493,-43.3571339518,-46.4928005463,-34.4788005961,-37.7996390203,-62.4577882035,-13.6453576135,-38.9723415152,-14.3589215876,-13.7393216574,-32.1494152781,-38.2325537681,-45.3310732144,-9.4157825989,-44.1753513414,-32.0742540169,-5.034870406,-39.4313994771,-16.5413160605,-26.2239013808,-22.450624234,-23.4193214273,9986.6392370708,-78.780429608,-14.0265344993,-6.1263754917,-12.0424582677,9986.495811907,9987.9143584363,-74.2036159345,-18.6246118318,-63.2296133758,-28.7833987713,-6.808393065,-26.2050755813,-48.7021610829,-13.4569289108,-17.227584064,-37.3264065644,-41.0540126861,-53.5737390167,