{"seed":{"0":1000004583},"min_epsilon":{"0":0.3},"cost":{"0":1719.062},"time":{"0":18.933262825},"rewards":{"0":[-34.7434148063,-44.6643387762,-10.1214249682,-17.5699470039,-12.7846877104,-21.5077537743,-21.295351188,-17.4716327905,-14.8635853606,-33.8733348806,-29.5495560641,-69.0566308436,-10.0946603013,-12.4862330947,-11.1226697918,-24.1662021755,-50.8654784899,-9.8577084121,-3.1415281984,-27.8739179721,-15.1002399498,-3.0701877209,-79.3020318053,-9.8001319628,-32.6925132203,-21.470811859,-19.4231901626,-70.3664212184,-3.9956018789,-9.0943879361,-8.5939573307,-74.3461875598,-20.1423970815,-11.5189955482,-28.0381042621,-24.9851618558,-67.1595464929,-70.5651422532,-39.41210567,-20.408129523,-9.1328873195,-5.0145964681,-23.6408118015,-10.1878034138,-21.4289290105,9981.8920014807,-12.694001638,-31.039326069,-12.3711473284,-52.0970482911,-3.3806033846,-12.5361315332,-54.3313916131,-27.0220903447,-15.0235691721,-18.5067372003,-15.9610805606,-9.6860992138,-15.8651907802,-18.1447582184,-5.8148396786,-18.3343147428,-11.4153241816,-32.5607268696,-50.7269980954,-9.6627563732,-33.1761799451,-42.5601572045,-19.3129475083,-38.5051298625,-139.0947082529,-8.9294344204,-35.4296214317,-52.4383658861,-39.9648936721,-17.4179538475,-31.6040636107,-29.6611279368,-21.0706653189,-156.6387134393,-21.9224756837,-5.9343063033,-26.2258290353,-13.0975700045,-18.8631883213,-45.8360438776,-25.6173346964,9994.1979940885,-16.869191862,-5.0997796144,-4.6060142819,-24.4327191053,-18.1674163101,-47.7654859703,-8.2884288945,-29.097046373,-7.421976028,-34.6299670668,-11.2333325022,-8.6035860127,-26.6983940049,-5.5792265982,-23.788773187,-22.3908381748,-13.12686268,-18.8622465518,-18.8052186689,-32.5874052237,-88.6982616585,-32.5002215364,-37.6828615215,-9.9259761508,-2.8189961236,-31.0031226084,-29.5262324042,-112.4565261173,-32.2321682372,-40.0920670785,-3.9502856957,-57.5054559334,-11.3952420501,-13.5585326042,-23.2956427337,-40.4753960323,-13.2997224561,-20.1121357836,-44.359111476,-11.3010555107,-13.08463458,-49.2928442781,-42.4676585616,-8.5637785096,-29.612267171,-35.7232252632,-15.5771339902,-31.7615980543,-11.8834891121,-137.6601823312,-9.0238223566,-41.2388450185,-36.5246768541,-15.7231351142,-42.0352310021,-36.5434892272,-16.0372468875,-45.1737670204,-48.6211228731,-19.185985089,-18.7258952085,-39.3388260297,-18.1334550665,-19.6164581411,-22.1477619069,-10.7122942157,-37.5164867203,-20.6209349028,-77.8249325321,-22.3254532865,-9.1147942205,-76.8220765346,-11.9330825784,-30.1823254226,-14.4964563765,-2.5214487522,-12.8018294496,-72.5858765265,-20.9404613711,-6.4691738322,-21.6337552435,-17.5883757641,-11.2616814901,9975.9547778019,-26.9417809993,-13.9946428469,-36.5641525321,-10.8874403242,-24.8371179936,-23.7588475503,-3.0297952083,-19.0992003591,-10.810485673,-39.867427243,-25.2890330847,-10.7784942813,-45.7567511062,-33.6338262119,-16.4484568215,-14.3047477842,-15.1024917571,-4.5802796154,-8.0601159662,-44.705663468,-32.3376943718,-25.8296586421,-19.7864849365,-5.4890104515,-6.2636168168,-26.264460765,-25.3837413375,-7.2787829499,-20.0280056545,-4.3195015335,-37.9825590428,-16.1414131146,-25.9009952835,-15.3313532518,-28.8879275125,-10.0570470635,-22.5042533072,-14.9359961178,-26.3734892847,-26.5000239758,-14.8857313291,-34.2552387127,-39.8278671702,-8.8132822105,-23.4301258825,-16.267211269,-18.2787944583,-12.5513590443,-18.2441216129,-37.3569383093,-21.6926091235,-6.0339957688,-10.4050222591,-37.2995670929,-30.3169255734,-20.2652721062,-4.8928799541,-23.2436862124,-29.012352333,-49.0378146344,-27.0571985906,-18.428911748,-44.465997518,-25.5236698705,-11.0615238252,-6.4764854927,-10.2522772216,-23.2424855042,-40.2848133436,-29.6597526848,-18.6904397929,-12.50337867,-10.6818449475,-30.5248437257,-34.4444825926,-39.4879286634,-44.0235787624,-25.4059179951,-47.8688696273,-23.9805968632,-3.634487944,-7.2617428682,-41.5460479248,9971.4996691339,-26.5107574627,-32.1002514582,-14.6200775282,-18.8949495453,-23.8627874459,9966.7799174849,-142.6960251957,-70.4188073861,-25.1067690401,-37.3812286735,-11.522549721,-43.4128556331,-55.7563828379,-58.5068331035,-5.5524389145,-5.0273400862,-76.1266881362,-56.258359403,-21.1915148679,-17.1636511502,-96.7525735626,-18.5424304558,-73.7647935492,9975.379118803,-29.7335713012,-31.9812010534,-65.8278978592,-22.7460003568,-8.223130319,-35.0950151431,-35.080955733,-27.2740836928,-6.3491624773,-32.3042088081,-33.9857468654,9976.5211015826,-59.205633738,-42.0496088108,-19.4659821735,9982.3238037514,-29.6660842145,9904.1078661728,-22.1149476656,-26.4670006656,9972.4419488299,9984.8898206418,-48.1138601233,-90.3577918478,-27.6624437288,-143.2329220364,-31.6079649531,-25.9132536314,-47.2924031234,-14.1086295624,-19.3848001089,-19.1671727159,-20.8619013003,-20.33046327,-37.538488834,-11.6384084671,-11.135474788,-10.6054292723,9942.2152681741,-21.0206441243,-8.0738205344,-31.5964335515,-102.9750133785,-13.5741264656,9921.6509775414,-23.0876401865,-27.2374026343,9977.515640854,-17.945360107,-23.0606357615,-57.1921727639,-28.353788848,-56.89108081,-26.6588377682,-161.1288593848,-52.7792231457,-36.1927481831,-26.7965279203,-25.3232571031,-31.0207918152,9980.4314224939,9907.8149931237,-70.0610711621,-37.8105374608,-7.0359617845,-17.8554316699,-4.9435552086,-24.8824360949,-58.2244806362,-30.1266862181,9953.399394659,9937.3054382872,-56.1694226052,-29.2634499452,-3.5837513115,-17.5357709371,9959.6849426211,-26.1354517712,-52.4986717406,9992.1046591696,9955.4030926866,-10.320592912,-35.4507469901,-11.1113340328,-20.7833719184,9981.209222436,-43.2477045567,-41.5838376244,9982.4616147415,9994.2018685781,9945.8878469538,-18.4807953828,-9.9990064428,-15.6738811452,-49.4513396719,-16.1335663142,-24.2416530644,-15.792181587,-27.751299968,-61.6200679378,9983.040522941,9979.8029841242,-18.6353510729,-30.6792210358,-13.6174210093,-31.8088284656,-43.917849313,-24.9159178225,-34.7088858157,-28.4762591612,-10.2904390257,9992.9882652836,-65.899516456,-27.5236468537,-33.8369722207,9978.8030819455,9952.0306640913,-10.6832758234,-12.6109168538,-41.6687349792,-38.1889600064,-54.2145431459,-25.0120550331,-21.8931062857,-37.5903571244,-23.7495928909,-15.813922844,-33.1856916252,-16.9254793722,-7.262815066,9983.6033002212,-14.2195301126,-20.6926148777,-49.684430498,-17.3904296272,-25.5138052666,-29.7835924958,-49.1751556989,-17.1985848523,-33.9073172229,-34.4751620285,-24.2000176462,-23.6975347122,-21.2188396096,-7.6699414415,-2.6107020307,-11.3650747374,-11.6491400359,-4.8410596154,-15.8040006982,-21.552784166,-42.8409464496,-42.9775912567,9917.6889226042,-13.5930731032,-9.1269087136,-51.1954411452,-25.4277896804,9987.0997546796,-9.0287191743,-24.3390849683,-62.2469987091,-8.9325531927,-26.6723850552,-45.1346519385,9943.3366298462,9976.5252465192,9975.9856010925,9988.0869324208,9971.0119668021,9984.1271197006,-19.4358033524,-45.8478955959,-15.3632276416,-3.6983057739,-27.7123766925,-16.4975151479,-25.1371300774,9977.3828801267,9966.0218448324,-14.5952251711,-14.2460799564,-13.26861721,-45.1712332577,-18.9164356998,-11.3022888259,-29.8547123959,9993.8631422878,-67.7310221939,-8.3654698586,-58.6926647473,-28.1842722577,-57.7521419981,-67.1030518318,-9.5344915883,-32.9562125138,-19.0568015513,9992.9678532451,9915.2151588445,9971.951492158,-7.1634555076,-31.3397160114,-9.9669383285,-94.7765148391,9963.4891543063,-23.5356021475,-14.5534094549,-19.0419116194,-11.4889222206,-11.8332319956,-5.5730216607,9938.3243427274,-12.6866823053,-14.0805548576,9975.1950901394,9955.2967935722,9974.3480116388,-26.9229705443,-30.1757387904,9980.5220989759,-17.5343304709,9990.9893048744,9979.7805581183,9976.8484806055,9996.2331809751,9983.7124572511,-38.9051517285,-12.2934772393,9992.1716130344,-21.0129219981,-30.2043160279,-13.23308699,-14.3561288862,9991.7959927804,-41.6495505017,9952.3243139564,9985.1436783483,-48.6767889305,-40.0316058608,-13.7587554833,-6.2343644207,9989.6502544312,9987.2769511987,-16.9772018897,9986.8766435412,9986.8290084184,9989.3366375185,9973.3912352141,9979.1258921396,