{"seed":{"0":694388766},"min_epsilon":{"0":0.3},"cost":{"0":1722.105},"time":{"0":16.1963267326},"rewards":{"0":[-3.6620658702,-44.9782491527,-66.4489536001,-4.5956202924,-39.9443205162,-51.7411054571,-18.5907810165,-82.6133566314,-18.8686759028,-33.0571774919,-15.4329953065,-29.0115812713,-42.6351899555,-27.6790714268,-10.688230183,-7.6616381419,-39.3516732232,-4.0240429339,-49.0053513989,-30.621537175,-36.1236134794,-65.4513051467,-11.1838828907,-18.7349024377,-43.2709035425,-5.7918862051,-11.4773582119,-6.8041100278,-45.4872937841,-9.1232394569,-12.3742795272,-7.275376468,-20.2841132502,-5.9597494241,-5.3150266899,-12.8771978617,-19.2131276146,-7.4431246032,-17.8816247538,-21.0195028761,-15.049436185,-31.95107402,-6.5629403156,-24.2046689517,-20.3144819596,-26.8663377826,-18.4733130146,-21.6821134765,-47.6478338343,-44.7608231564,-22.521682756,-7.8038952046,-17.3703321512,-7.9746757992,-6.107990847,-8.6143712873,-13.6501067403,-34.5300205808,-14.0680605878,-18.9109212654,-44.124829532,-23.687330611,-17.4454281982,-9.4945325582,-5.2659875441,-10.2245189975,-71.6694331545,-23.099885108,-12.4140927844,-48.29965916,-24.5494198815,-10.3397121753,-9.6250625768,-6.1873871939,-8.6013111886,-7.2659645273,-29.8426880518,-15.1499389097,-35.7084389068,-39.2487326391,-38.0539378816,-49.5127119701,-45.5886097679,-17.0225736968,-19.5629786769,-8.3786757302,-25.7464050683,-15.7689327316,-14.0735922848,-10.3249488356,-8.4513300816,-8.8446099521,-32.1677251184,-11.9441517265,-12.0030420497,-18.6319254103,-13.9765286492,-4.3721715747,-4.680573271,-13.1416720532,-25.2457500494,-3.3765946306,-6.400591531,-20.2123680612,-23.1488072518,-19.5346124264,-11.8158696791,-12.8986936065,-5.1223859183,-4.5426049996,-17.0993729848,-10.5345222774,-19.3331332153,-2.7954480502,-9.0693034934,-8.0205347946,-20.0067726845,-3.6270727081,-17.4228314846,-10.6258374748,-48.060319281,-8.8422967667,-13.074106326,-24.2627709505,-28.7786534806,-14.3741088195,-2.9294459288,-10.7090776221,-38.1044827077,-17.2696376201,-11.5915808493,-45.7346377448,-75.434265065,-3.466805023,-6.3026148968,-19.7614637898,-18.3786814844,-18.8444373263,-5.0494687921,-5.467999977,-6.6500070009,-8.3362136263,-32.4728929586,-12.3045444694,-10.6304887803,-7.5739922012,-9.5580300714,-55.4953880148,-13.1369747142,-10.8670455483,-6.3467955862,-18.0924295927,-13.0195163026,-6.9875076483,-7.5471987632,-10.5003960802,-14.0117193719,-11.2449156915,-12.453497494,-9.9877876856,9987.2920732163,-14.4841730938,-27.903015005,-19.294633832,-38.0452509691,-11.1400225181,-11.5207870201,-3.8702813225,-4.0623198219,-15.0333954147,-13.5784612906,-20.8515667707,-19.7967849409,-45.7761139637,-29.4210534392,-28.010407416,-20.4294910033,-25.2766366362,-24.0606223351,-30.4902955545,-6.0555682361,-7.0766976306,-42.5682859603,-8.9922644473,-6.4925492799,-11.2266231138,-34.5566298846,-7.1366467252,-5.7207758953,-13.2992180053,-18.7349312086,-24.5103431609,-8.3618984232,-4.7575183319,-7.9942803327,-21.5298594634,-13.2189662018,-14.516208601,-20.5336955917,-30.9173717151,-31.5653263874,-14.8575779837,-15.7293036085,-5.5451330082,-6.3914193483,-21.1649688602,-25.207070368,-6.7435797598,-9.2065467365,-2.6107020307,-33.1954219645,-9.6987066494,-16.4904221467,-24.6552164631,-21.6425860108,-40.4033305266,-13.3895319732,-8.1176866612,-12.1229901085,-6.2509806103,-32.4606844804,-14.1714749338,-15.2010207937,-24.1150512411,-34.4947627259,-71.7435433166,-5.4319787325,-4.2176350653,-13.2131602217,-10.342336087,-6.064508333,-4.6948417501,-11.9298813294,-46.3958865197,-9.1315696094,-10.8725829994,-13.254530947,-16.6604988118,-9.7638172545,-24.1974244235,-24.3836300898,-4.7508473048,-4.9777696367,-15.647465566,-26.7787206129,-30.5625873918,-22.8968944624,-12.9495434048,-14.840152371,-3.842394588,-21.3026417497,-5.8386409365,-13.7219133073,-12.6691473629,-8.3849477999,-10.3639545879,-5.2713274346,-14.9960929034,-6.8283927198,-10.6005842423,-3.1479824842,-8.455739711,-3.2097172965,-9.2812860236,-15.9243131892,-6.4928868592,-57.3272984642,-3.2196375242,-7.2811498411,-11.6545528129,-7.1325765931,-4.3375332544,-20.8298485305,-7.7170471786,-7.3306435681,-9.7455860549,-11.5484263243,-11.7573361158,-4.8546529359,-5.2597921969,-8.441833746,-5.0616849426,-36.5903667147,-16.2611003167,-17.7891414553,-9.1300121413,-18.368053491,-30.4292224743,-23.5569252665,-6.1472037502,9982.5563057318,-21.0686801225,-10.763473921,-9.807403344,-14.9518412457,-7.3025266659,-12.2689643796,-7.3918413224,-18.2908283927,-7.0993710668,-11.585561964,-15.505264127,-6.9851350029,-6.6178218847,-24.8111838484,-21.8920340878,-9.8192684887,-7.460494592,-25.0831058829,-20.9586810624,-4.5507375916,-9.7125953518,-26.9067187869,-5.261648883,-16.9420054128,-47.4744370002,-10.1417986455,-20.0175944023,-47.027543401,-34.0583014775,-10.3819383573,-12.0116560758,-8.336533943,-6.7514591673,-3.3013202035,-29.3550029826,-17.2751002668,-3.9811665282,-27.4341634076,-5.2197621984,-4.9584048611,-11.0095864846,-10.0916988102,-8.5551299584,-5.2637299826,-16.3054056802,-14.5873054843,-39.6161435786,-15.2824080912,-11.1370782896,-38.5862025974,-9.9207666886,-8.7998365809,-11.712631795,-13.3670599338,-19.7818547297,-10.980621798,-6.3977182709,-25.9304816834,-10.1487151847,-14.9895868298,-16.702734584,-11.5807898205,-32.2517574263,-15.5068139228,-5.2355267675,-13.3642538059,-16.3066102244,-4.7986454631,-22.7299461599,-9.047101901,-27.5721412693,-11.5260578603,-17.1283530159,-10.5989059362,-7.423052062,-19.9091182851,-6.7987720553,-9.195078631,-22.9735479775,-20.1007693355,-6.2755164867,-16.9498752299,-23.4068636007,-26.9852826939,-19.2098553971,-19.0054645647,-13.1303439664,-9.8025947572,-8.3962739686,-20.9025278167,-8.6888612261,-5.9192168928,-8.4822147503,-13.0946372845,-7.8673390121,-12.0036232232,-5.0322791013,-24.951822065,-11.2872070876,-19.0731338675,-4.9851004778,-9.5615612275,-8.5896167516,-17.2493771087,-12.7224925627,-33.9369129525,-8.8615886558,-32.0722016883,-18.3958443222,-11.5860913497,-11.1018856489,-11.9061817289,-15.1866007876,-26.2576171122,-10.0353211511,-14.4523485736,-10.7911228156,-19.5529184305,-10.2903507947,-29.940037479,-19.2868944432,9979.7056404512,-52.1462293736,-7.207101057,-12.399394659,-22.7881670787,-8.1601621915,-29.6198991482,-16.295203497,-6.8082377019,-9.2692060557,9986.9672624813,-9.1574730656,-10.2867659329,-7.0550369323,-14.540013695,-15.2892114647,-10.1676138707,-12.86458659,-5.590913363,-19.4779988453,-8.4931611423,-10.3305169758,-10.0108485708,-28.246187368,-12.2054745387,-15.0144353507,9984.4472407688,-5.4806687906,-23.7523836742,-15.1538843676,-20.1486365441,-14.8896844593,-14.6904263665,-11.850709396,-8.14019898,-17.8139650414,-36.5332947163,-5.8561471078,-13.6654320727,-10.2895336994,-26.7070252935,-55.8432442904,-6.1255066087,-11.4320094215,-19.5241110252,-2.5283403566,-5.1842243061,-15.8639363663,-32.3563954972,-3.8804106192,-14.4945057053,-4.7506881055,-7.3738402905,-9.2459341835,-19.1503934909,-7.7831014713,-13.8605202941,-11.761229786,-30.1843029467,-25.3527914546,-10.1081960799,-7.0710777027,-19.920688048,-4.0102769876,-5.3599899493,-28.9975525502,-3.4197683362,-19.7381267035,-7.8313350302,-19.3543623492,-4.9769103439,9984.1535736412,-49.3705680731,-25.1714672615,-10.5361065983,-22.8919880543,-39.0292658226,-5.2732800239,-15.7098927994,-16.268467601,-10.6045086016,-13.1126536609,-12.5991169233,-9.4855003942,-19.7654533632,-14.5643347482,-18.1321373564,-8.1679572042,-25.8526888382,-11.4457178259,-27.2915131416,-5.9957207989,9980.3528202256,-7.446646169,-13.3747072555,-30.8549022842,9988.3612309368,-14.2100050061,9953.2651244152,9985.771965191,-19.7994414597,-29.9093350263,-9.6689037688,9972.6157120142,-21.6119027388,-14.9124768154,-25.9309918885,-19.2269127415,-18.5790386279,-35.2995920278,-20.3495000566,-3.9379352807,9973.7438808959,-15.6595455339,9941.2539171665,-30.4091403428,-31.8923927658,-13.4228966988,-30.7977190381,-21.2078011505,-24.0643357073,9990.4193022466,-28.4074888896,-5.0209912939,-13.4618890246,-30.9580327567,-22.8829808251,-7.343141674,