{"seed":{"0":1598189534},"min_epsilon":{"0":0.5},"cost":{"0":1722.105},"time":{"0":15.8069300652},"rewards":{"0":[-13.226688328,-17.8296049363,-12.0434940224,-29.5065377216,-34.2207231485,-39.1418350887,-3.0782915419,-5.1008038607,-3.5701042851,-14.2538653788,-41.1652853408,-9.1789553839,-51.5204187518,-3.3758619301,-44.3582847903,-15.2189757921,-19.51635821,-89.7502776398,-36.8302378975,-21.0816040387,-70.2874161566,-15.4726474464,-9.3975571535,-4.6406947996,-48.4630379451,-10.1887605278,-29.1003895588,-7.1791395181,-55.1734697205,-30.9856030106,-35.8183075386,-41.1178823037,-23.9960142627,-8.6947324205,-25.8126108881,-24.3425374838,-62.6276500454,-83.6701888718,-24.4420255525,-15.7621101774,-100.5096181326,-22.3193595967,-5.6805962878,-15.8402310116,-3.9266167842,-13.1836047714,-9.9536116189,-17.4397468923,-6.028412284,-22.8395942144,-9.4159398802,-15.1929054644,-20.4307645979,-21.7084408248,-2.9294459288,-51.3057797027,-4.8979225447,-5.42024018,-56.5807898205,-18.3007927359,-6.6062924012,-4.7973507698,-36.9577603916,-47.61086123,-26.1064103621,-6.9916909462,-17.3374680403,-16.0388676517,-9.8789145291,-9.0585891871,-33.7386330724,-13.4047326314,-40.4974614421,-6.5362274364,-35.3187458162,-35.1336238561,-44.6653572682,-10.5757472298,-15.7181001958,-32.5518730855,-6.3041244133,-15.7073130031,-4.0451665743,-14.3414556956,-18.722592302,-5.2566101285,-51.3610084414,-16.8896691148,-21.194539655,-49.4142443115,-9.2152509116,-18.5515988024,-14.4614171809,-8.8099946486,-21.8260104841,-61.7392698697,-26.5796485723,-6.8663818981,-23.958940001,-5.03080411,-54.4052620172,-5.8056368069,-4.1673491778,-7.0600411617,-15.915066202,-7.9563697951,-7.3964274137,-28.0329369973,-24.7913357207,-21.6462149881,-6.7466793515,-25.8239581555,-20.7013612501,-12.3400094752,-7.023415727,-15.2748911978,-23.2644665192,-6.5751219409,-7.5652669274,-6.657007935,-40.1348379907,-15.9976120102,-5.7267334025,-8.0935305615,-43.9664722389,-8.0308175365,-23.0768760106,-14.7004751045,-5.2241660737,-14.4751907994,-7.92816658,-37.2173972253,-52.3600935248,-7.6688577353,-5.7591985561,-18.3478639479,-6.6188921645,-10.2400975144,-26.15311906,-14.6994393499,-12.8992920425,-4.082988881,-14.8941151874,-15.2744231902,-28.3256124858,-3.3763798074,-16.1210432734,-10.0801021945,-13.8707972817,-7.4161681298,-13.7176341062,-16.7377143197,-5.5524734396,-34.1100144047,-38.1188701068,-11.3756912224,-6.8936490978,-5.0297184857,9986.1192978351,-14.2018935129,-24.5085958044,-20.2083458807,-19.611730113,-36.2671882522,-18.6336746848,-4.1266344304,-13.9866176665,-69.3789615217,-7.2885209616,-43.1011203413,-36.861563721,-30.4035069885,-12.3347252085,-16.325288333,-8.85668992,-4.4339658469,-7.471051617,-8.924366895,-19.8415679023,-3.9674581239,-11.9487263095,-3.5308280858,-3.5292073216,-7.418653941,-32.3955278417,-17.3842764774,-10.0594120366,-10.2357224101,-38.4536682018,-15.03564914,-8.954812327,-48.2936268483,-6.4414558874,-13.2781212178,-9.8628564962,-13.73449389,-12.4443598365,-6.2189662018,-45.1252860313,-2.8894811445,-14.5961285793,-15.3594528914,-9.6455992895,-5.0314044641,-36.1549623196,-15.2277298368,-13.8941055971,-6.5632337794,-14.080925044,-16.2300698751,-18.5979871835,-25.37149258,-12.6389052457,-23.1897675114,-10.8183324734,-8.2287732637,-12.8428012176,-4.64668875,-9.0691347037,-4.0941922936,-24.3161314948,-7.0196083697,-17.9281915149,-9.5210689755,-10.1690831078,-11.2056222296,-10.330969639,-11.7360839652,-8.1088002701,-19.948143218,-43.4820517148,-10.2932202187,-26.2157074108,-16.70368978,-7.9441267917,-5.0099029651,-19.0280574422,-14.4480290932,-23.1773000946,-12.7592906232,-5.9750996914,-17.0255217614,-7.9023590271,-5.5920910543,-8.5408614793,-20.5432187801,-10.8177666445,-44.5495714086,-8.8132611118,-11.3324849096,-10.7521419981,-48.4366703174,-25.5455415558,-23.9528559016,-12.3503113977,-8.6229335257,-8.2872339405,-39.499939581,-19.1463751465,-13.7404993488,-10.4360699633,-5.591304648,-6.1677308726,-13.7607349255,-4.6640376401,-13.4524061156,-17.5708830192,-6.7547755002,-4.4673459171,-20.7478071732,-25.0119303589,-3.3678482581,-25.1582115203,-6.9530956596,-9.5456489674,-11.1176406277,-16.2827092272,-6.3695342365,-6.6946039102,-13.791076782,-48.015192986,-12.409383937,-29.0279577028,-7.1129528789,-3.966863524,-44.6580130006,-6.4776209867,-9.7068085523,-11.0304684488,-21.5463490608,-19.2705755535,-34.1371952915,-13.9166236701,-15.3072988095,-30.3244041054,-14.7648242382,-12.8291541913,-14.0063181033,-6.7842810808,-18.6787683727,-16.5422367313,-9.9448575741,-15.8173600149,-8.1175677412,-6.8940691539,-11.8856641968,-12.0659238644,-5.9516475212,-10.581104383,-22.6329669191,-23.8916332124,-11.807944238,-6.9467142602,-8.564896741,-4.0912097039,-11.9727807518,-31.1083341805,-6.5145878368,-25.0541968202,-13.777140128,-11.1421170441,-3.310515403,-20.5153569805,-8.9261276779,-18.774119177,-15.8472492083,-4.3972636897,-14.5031849455,-16.119234539,-12.2621686784,-7.6720014424,-21.5675206528,-7.2355728011,-19.6090198884,-15.636043494,-6.9960622143,-53.1631121741,-15.3860199977,-3.7328731258,-7.9670821833,9976.6501105764,-27.9906762902,-33.2952207596,-34.1053113114,-12.2620171513,-6.5564534227,-43.3043775978,-13.398080785,-6.8492766021,-38.5736853109,-10.1290722899,-8.5591463847,-46.3556896496,-23.6221816445,-7.9220249387,-8.3888548965,-13.3558737837,-9.5748457397,-12.4130493575,-53.7163317407,-5.7451429821,-8.0728979456,-22.8102555053,-76.0271866411,-61.7089280131,-14.2688435416,-8.6093536316,-29.2394549629,-57.6296525043,-40.0533682165,-12.068963996,-28.7711269969,-9.2717474907,-8.3628421107,-5.1163190815,-11.7881114549,-57.7874746576,-24.883456505,-16.0765499397,-34.8771921075,-15.0158892433,-6.5773948469,-80.1994920966,-23.354118755,-5.627937755,-31.9540489375,-17.9420188392,-50.499849432,-3.1340822734,-22.1104689859,-25.9112415821,-6.9512945974,-7.7113217572,9981.9627838016,-24.2200729248,-11.1584052448,-53.4836686429,-30.589478651,-16.6313730079,-44.776990519,-52.3656808456,-48.7078327985,-42.9333722061,-5.4205125451,-15.5691452531,-6.2291012527,-88.19044267,-33.0767590087,-13.6495811907,-24.2038844635,-44.4288350254,-24.652759423,-11.8970977772,-7.6028283774,-56.0426730909,-8.6336555042,-7.8164124912,-55.8771192211,-7.5357325758,9976.7322766079,-45.1378608598,-17.6934645801,-74.27208507,-12.3901898692,-28.0532665591,-15.3445763859,-54.0696276462,-11.0690407186,-17.0574019054,-18.922153449,-17.5062691926,-35.5391275493,-35.9409543136,-5.2395604564,9975.2563415996,-15.799389672,-6.6956876164,-45.9167828694,-29.9256424076,-15.4384291822,-15.6728511448,-6.8971016133,9948.6612200039,-31.9497505558,-11.5619390861,-28.1600854689,-37.618038626,-37.7637309416,-17.1390615679,-9.2131026797,-11.1538325799,-13.3214560408,-10.9403827305,-36.7304295121,-25.0418368149,-17.7580764886,-21.9340742176,-7.0992425565,-18.3638644389,-29.409324477,-21.1041297839,-9.9528443932,-37.0717490251,-13.9623982707,-11.6379059343,-22.7706551532,-21.0280401796,-26.9845461573,-13.4304864786,-4.0901240796,-51.2333516828,-30.6064554367,-25.8221686017,-8.6032254167,-6.8583835706,9979.2963543355,-18.516327521,-11.1287980067,-18.0037306347,9990.5844705855,-57.9804031387,-29.1995745734,-40.503530197,-8.865363406,-14.7211326552,-10.2540591032,-6.282611406,-9.8736149179,-52.2802042355,-17.3804672021,-30.3409167196,-9.177731659,-14.8080785025,-30.9126302605,-8.8668077083,-39.7380921783,9987.8537974793,-17.8647553797,-20.1516728396,-18.6312349072,-8.2117753793,-7.5241302059,-8.947964838,-7.6835405162,-15.2646659979,-6.7942741949,-6.6018041311,-27.5308530207,-17.0295151709,-12.4752943749,-25.2098764959,-61.2877767527,-24.7682901801,-26.3942926084,-26.4821418639,-14.0445432034,-13.6444292704,-42.4914790001,-35.1860522212,-42.9357122443,-27.516327521,-20.8494338834,-16.7287109266,-17.0013234643,9960.2354347005,-5.2373604369,-7.1501920941,-16.2032265675,9988.9142069093,-3.4736314133,-30.827502738,-10.3198774741,-15.1181872759,-17.364046655,-49.9616157005,-19.5984225841,-36.6319330826,-7.948290909,-15.3884022334,-26.3405004997,-49.3764431035,