{"seed":{"0":2125204119},"min_epsilon":{"0":0.05},"cost":{"0":64604.1609999996},"time":{"0":9.4277405739},"rewards":{"0":[-19.6152785317,-17.8255501487,-6.961421976,-11.4708636467,-13.4152896565,-35.2644703554,-9.2923551718,-11.3469969829,-42.1806183455,-8.0179492442,-23.3568059629,-54.2371743846,-7.7176686314,-26.6152804497,-42.5142502575,-14.9110785466,-18.2684810275,-55.627699915,-46.1233180975,-4.6757455036,-15.0603768229,-18.791853598,-15.7761561611,-11.0764003307,-24.2988382286,-24.4424513627,-9.4366530548,-18.1991794522,-5.912256238,-22.4846679543,-23.1522156518,-12.166516738,-15.4473194095,-67.981786063,-8.3517633723,-15.3340347055,-118.5588107235,-32.295592864,-62.762605038,-63.4926758721,-6.2789287228,-21.440157358,-9.1264215253,-7.9362435481,-6.9101367772,-18.0901164073,-37.3570054415,-9.9801346097,-20.4397948439,-8.2475069961,-18.6491649708,-9.3066044702,-16.2876213895,-33.4399425348,-5.0769565693,-68.908876609,-13.0975047904,-7.7076851076,-8.1438835812,-6.1101966208,-7.6480218046,-16.5332947163,-45.3541398537,-16.5641697947,-14.9989201299,-16.0706058589,-21.6278303434,-21.759315558,-13.2663577305,-14.2007407564,-29.4986602322,-19.1418926306,-11.9980301481,-42.3877558458,-18.3505012861,-4.9592756623,-10.1626921181,-20.4661643896,-22.1783243408,-53.134488903,-33.1912079776,-7.4720490104,-21.5504882432,-22.4131548511,-9.629013789,-5.9852443326,-3.9345690781,-25.9609539684,-18.761707384,-13.3540439505,-6.5541709264,-25.2925604046,-4.4550319454,-14.253692753,-18.3539020138,-25.8533064549,-13.7516183666,-48.2283206006,-24.686106886,-18.1954718342,-15.3683949064,-42.7912148826,-11.4470604708,-37.2850626919,-30.8841546804,-17.2490433655,-3.8588880215,-47.5672271889,-10.6523681379,-24.6474924189,-24.4020454236,-5.9344616665,-89.7705458235,-16.0775012995,-10.6691243462,-20.421527201,-8.7421469659,-5.5868835102,-19.5454725055,-13.7328750439,-9.55691184,-11.930347419,-13.1675524926,-10.1924067677,-24.1014022967,-10.3583711032,-8.1835990172,-11.2208612492,-15.1852773233,-15.4800339114,-14.1352177674,-8.3259519832,-4.4658824342,-7.4553829511,-15.7787071864,-16.3118043421,-26.4498800251,-34.2630030363,-6.2690008228,-11.9842143322,-19.3292031019,-13.2600396272,-5.7955938231,-8.5416133605,-20.8868764134,-8.0201473457,-23.3112404313,-13.7622885574,-5.84831757,-20.2002056165,-7.7504003959,-6.957443911,-19.776961748,-6.1704852127,-7.3695591713,-4.1221097171,-25.5496078518,-2.385160705,-8.0465494985,-10.0505755151,-9.2930149858,-11.3621746244,-13.8513519475,-7.4167243684,-12.7731294559,-5.7096568775,-3.1839653674,-8.0420516381,-9.7168131748,-8.8138135143,-11.5626737047,-7.0722803289,-16.4481192422,-7.9229686262,-32.1864837856,-8.3123203014,-19.2178978401,-17.2378361168,-18.7353474285,-7.9436741286,-11.3501176732,-7.4953189645,-6.3983569863,-13.4237809264,-6.8793748645,-6.9817994894,-3.5369313659,-10.6102225146,-4.0665433991,-15.4676336267,-5.6819350965,-5.3997974524,-10.5295986067,-15.0191250175,-9.4377137443,-3.6869700149,-7.8250572063,-4.9874520244,-14.4193252634,-32.5208675788,-17.4932455371,-5.8858905284,-6.4460055355,-12.4000295382,-7.3992834112,-5.8368878259,-6.2140597937,-3.2022713716,-7.0588423716,-3.2330102674,-9.8965511289,-7.1081040128,-4.6529857545,-4.4730751747,-10.9278577717,-9.5602742064,-5.9738376052,-3.5076655433,-3.5138800711,-4.7240385224,-6.0575553505,-21.7617495814,-6.3653835457,-5.4252885248,-22.3719490792,-3.8139957304,-26.1734064244,-5.3285432878,-6.7513114764,-7.4361716207,-12.0879796839,-9.6488484902,-6.2281096135,-4.3201268224,-22.5305173594,-2.4314435926,-3.3646316646,-10.6549114909,-4.4304308547,-5.6411302001,-15.4949717949,-10.5035436235,-10.9858561951,-11.6028341316,-15.3840348014,-16.2403622072,-3.9211656459,-12.2835282406,-2.7212841823,-12.3088581956,-23.360189428,-12.3869310782,-8.5689419383,-18.4835056075,-5.1221308158,-6.7378217313,-6.9849336062,-3.4397162032,-10.1103347214,-16.6138994436,-14.0673029525,-11.9741540858,-4.0622315909,-3.6761444609,-4.5543569786,-5.113225244,-4.7906778247,-3.6837783562,-4.4511958171,-5.5739998734,-5.9936205187,-4.6526673559,-4.8920724491,-10.9587251779,-18.2843012205,-32.0344906293,-5.4169564542,-8.5123149308,-4.5382279773,-5.9379832323,-8.2296747539,-4.2083746516,-11.0218947021,-9.6184759446,-9.4668146133,-12.8970421533,-5.6279300827,-9.8336501336,-6.3350838865,-7.3396392889,-4.6438711138,-2.9655458139,-6.6109916583,-3.0104783844,-7.5028435301,-11.3335532714,-9.2816907352,-6.6622365779,-6.3338582436,-12.8888846265,-7.6877065515,-6.666816915,-9.8017623173,-5.7685970703,-18.4176565476,-3.746336018,-4.4146298424,-10.0721499005,-3.0371701649,-10.8347415121,-4.7904975267,-2.5779472494,-6.2530904808,-7.4941777163,-16.2132868139,-6.4954321303,-3.8162897351,-4.2375886865,-7.2998413761,-3.6860378357,-5.1675966081,-2.6107020307,-6.0084164654,-9.147197996,-2.6843288406,-4.2641519567,-4.7083238229,-12.4832735217,-22.440516036,-7.6579228516,-6.4707696616,-5.7416521054,-5.5495618182,-8.3859701281,-4.0906918266,-5.7166904187,-15.8322250119,-5.4678081706,-4.3639028002,-4.8881615163,-5.2660239873,-6.6824817448,-4.1537059876,-3.0375115803,-5.8590088595,-4.4396107097,-5.9601752343,-3.2875350766,-6.6542286601,-6.1392514563,-3.3166397818,-9.00305164,-4.682874948,-11.0735635138,-3.5579303321,-3.8883283879,-4.5309335794,-3.1364453285,-5.454661759,-7.2233624048,-3.2884212222,-5.0453449542,-7.7161188356,-4.6039619533,-7.5430173834,-2.2976125856,-3.6810585412,-5.6880038515,-4.0693169198,-5.496113043,-3.3806590085,-8.9609789032,-3.1052173263,-3.9957265531,-5.3392806109,-3.1516479048,-5.3091708401,-9.2092435347,-6.2791914976,-6.7731543907,-10.2438473298,-8.3824006107,-3.4430133555,-5.4296540388,-11.2413538464,-5.785006109,-4.426191933,-2.9705442891,-3.3842783955,-4.1068054834,-5.6398048178,-4.9791679054,-7.2002017803,-3.9621259056,-5.1104114439,-7.0650914245,-9.126145324,-5.3674109395,-4.8802667644,-4.5837167863,-3.163647314,-7.4456871369,-2.8171413556,-3.3309523764,-7.7870833725,-10.0878185665,-4.2909434766,-8.4689091394,-3.6681749044,-3.8291330926,-9.4935006397,-5.1206730871,-3.5147278555,-10.8574302928,-4.1836392965,-3.6859687854,-5.4259886182,-4.5617779687,-3.8762215671,-4.5600977445,-3.9104033881,-6.6930637047,-3.9893700886,-6.2159375785,-2.6107020307,-9.0864720855,-10.4279431256,-4.4733782288,-4.5063286526,-3.9444029929,-2.4974039002,-2.9885587474,-2.712334495,-5.8981814834,-5.7841947679,-5.816527575,-6.124378787,-3.8547239043,-3.9109231834,-4.7799078946,-6.0920440618,-4.3859202584,-5.7841295537,-5.8618552667,-5.4888359077,-6.2304074544,-5.2123277818,-7.0248849641,-4.7263459536,-3.9894583195,-2.7450336524,-3.9466049306,-7.8796894271,-3.2343490762,-2.5752293525,-6.9432406461,-7.8619396615,-3.5636001297,-3.9872793986,-5.4317121216,-4.8970901049,-2.959716817,-2.2033761765,-3.7728647631,-4.6122575807,-7.4012877883,-4.7452714924,-5.9436472757,-3.8977192299,-11.3741222459,-3.4098442724,-7.1343872456,-6.9805546658,-5.4176162683,-3.9281857607,-3.2859565098,-3.6806365671,-7.6362103656,-6.5823722234,-4.1371243232,-5.3254225975,-6.1586123957,-4.4721334052,-2.9016819504,-3.7244777591,-3.9045494563,-3.6407158983,-12.2996092903,-5.0438277655,-8.1125385771,-2.7813675414,-2.5902535489,-3.890871741,-5.8088898437,-5.465280162,-2.8539547605,-4.08971745,-3.7219286519,-5.6542075614,-5.7170414244,-6.7108249786,-3.4935274926,-2.6213549589,-4.5716195558,-3.151624888,-4.0510550312,-4.3907461078,-7.5178466278,-3.5218189386,-3.7628083528,-4.7541099319,-4.3370307216,-6.7624707735,-3.8245239844,-3.7436718269,-5.149442131,-4.0108581611,-3.4693119329,-3.4537391701,-3.1741947487,-3.7714070343,-3.7093039537,-3.6589547701,-2.2274210285,-3.2470946123,-3.5311867638,-4.2838351309,-4.2327168036,-4.8262790131,-2.6138956074,-5.5378251838,-5.2399133802,-5.1463885729,-2.9874002367,-4.0922377862,-4.282043659,-2.8215778379,-4.2169004467,-5.938364927,-3.5297098544,-3.5514511114,-3.871315159,-3.02589962,-4.5302776014,-3.6780625251,-2.4900941578,-3.3363900882,-6.7255422847,-2.3513720872,-4.1518454654,-3.933548668,-6.1775283442,-30.4741665532,-3.0397039276,