{"seed":{"0":762772169},"min_epsilon":{"0":0.05},"cost":{"0":1715.974},"time":{"0":15.1177535057},"rewards":{"0":[-37.8297334466,-6.2938531799,-16.4075924651,-6.5178734807,-10.7334907425,-70.892429209,-14.4197510736,-18.8703081754,-14.6166192585,-26.6290636586,-26.3264890411,-75.7350290299,-25.7336154166,-55.9121795155,-22.079160425,-37.8480605494,-18.3394551547,-15.9220843987,-9.8648512829,-24.3926699261,-57.8712154197,-34.5582775017,-37.5939477404,-28.6545528129,-5.1351563894,-69.8727038375,-8.4526343652,-8.2808909024,-17.0866216945,-8.0583839542,-19.4685753962,-24.203002154,-23.5463893402,-10.946886886,-36.5300781228,-12.3806935336,-18.4543414423,-29.1401318477,-27.3710188181,-6.8790507117,-17.7016508778,-12.4408977307,9987.6162835973,-12.1068342543,-5.578384568,-3.1863303405,-17.6951313778,-3.1071392265,-57.1515366571,-16.8281702244,-11.4227106466,-14.1518704002,-15.8688562008,-8.5957948362,-17.3649558174,-35.1098360247,-4.4757048406,-17.5195690493,-54.1229843544,-71.0877897955,-4.9408488201,-13.4462452936,-19.4935294106,-9.7090680318,-9.7968616635,-26.3562746591,-27.8804777514,-39.914828362,-19.1414649023,-9.1819724988,-17.1910602867,-22.6917172236,-5.8646287875,-5.1652949311,-27.9936646342,-50.9000093985,-13.3144685332,-4.0838769447,-15.2951651357,-14.9056907045,-16.3944537257,-19.6295911263,-16.0704754306,-17.7979453697,-71.8554105712,-5.4849805988,-4.8747734287,-53.2697853111,-25.1047032851,-13.6624398927,-5.25892715,-6.9907223238,-29.254231729,-7.6058761813,-14.0642647389,-5.9317130806,-10.5461898615,-4.927566226,-5.5521473687,-13.5039982047,-33.8126645939,-38.5443005683,-7.6403706467,-36.2440084472,-11.7218883725,-21.4485201176,-48.106554217,-9.7967063003,-5.7157601576,-21.5564534227,-11.3705623189,-5.7841333899,-57.4404182147,-13.0521003761,-18.9309439369,-24.3085493873,-22.602249122,-35.4911912905,-22.3342993983,-13.8185530508,-13.2682182527,-8.2366891144,-32.6198684592,-4.8282699637,-9.6407561776,-27.8836444753,-7.9400317248,-6.576560489,-16.8489313506,-29.0644124298,-28.6861510015,-6.7714031982,-10.6968979149,-3.7303489534,-7.9945776327,-5.4019763733,-6.2439355607,-15.229709279,-31.1839461868,-6.1208936644,-13.614988904,-10.9293346811,-20.1312416205,-27.6536014531,-16.251481225,-5.6230466914,-41.3329375728,-22.1932622243,-30.233447586,-19.6822381507,-7.5466003272,-6.838447212,-10.6431211507,-12.1391862421,-10.608559553,-9.511066271,-9.0784258064,-5.1887049039,-38.032328971,-34.1636127889,-5.4850669117,-15.7618991904,-9.4041648845,-5.0844082484,-10.8783813073,-9.5813978468,-5.3008387694,-4.849303455,-49.5797061142,-13.9330269546,-13.4441392591,-5.4096620563,-27.4749261066,-19.0123389066,-37.9577277845,-15.5392196164,-18.2623048609,-20.1268569258,-16.5903360257,-14.3383484317,-13.0132308064,-4.6793974977,-7.0584836936,-32.9014978163,-10.816945713,-10.9700225756,-7.7801572429,-5.2752709745,-9.3307528977,-7.6187406374,-9.3395165328,-5.6601976757,-26.694450465,-14.0783356574,-16.075813403,-5.0709415201,-8.7365308741,-4.8476539199,9949.681618616,-21.5971240546,-14.0084260558,-22.1303631471,-6.7391662942,-10.6499360326,-4.6837553394,-47.2209648246,-16.4772220294,-10.4243160663,-7.896524276,-9.3019339841,-5.393325904,-5.4540364701,-5.4738443184,-3.7613659686,-3.8326642486,-3.5967864753,-4.3599976216,-12.7118664874,-15.7979261891,-24.1954181284,-15.0152409376,-23.7706915964,-22.4593763606,9975.0767666809,-15.233687344,-9.6350940523,-13.0932716228,-11.7116056307,-34.9464207964,-27.2434579627,-5.9601675621,-12.8882286486,-29.2567597375,-10.2690008228,-7.4852568,-25.8539221534,-16.2477793612,-11.7016911571,-4.2683505991,-8.4142980173,-20.4207216141,-28.5696554581,-39.7097374362,-11.3963257563,-9.5001064526,-9.2213848807,-12.1542123566,-12.7322957885,-34.2307987394,-16.6620332631,-20.6673098575,-12.7275658423,-4.1494478852,-18.1821432065,-15.9833531214,-27.3995998918,-15.0053341364,-13.1305722161,-35.5114786548,-18.9003795849,-21.3474343015,-16.3476529608,-11.941113513,-6.3086069292,-16.1739396462,-15.0718142393,-10.1299066478,-7.2867160632,-10.9936224367,-12.6212456292,9992.7447900583,-10.7216562867,-6.8894581277,-11.8961579257,-18.9592200384,-16.3839235536,-24.2355919817,-14.998653519,-10.3070513792,-25.4254170351,-9.4728488431,-17.2605248974,-36.112507888,-15.9747678663,-27.9824266964,-15.1196929563,-37.86332834,-7.4666669224,-9.2860715937,-11.4485392983,-28.9481240374,-16.4663370154,-8.2631948427,-12.4112598037,9992.6853665133,-23.1264253614,9970.8743917339,-9.6572937266,-12.803607495,-9.158861744,-6.2558122138,-44.556463013,9984.1778927764,-5.3025784536,-15.629612225,-9.5024042934,-13.9861036253,-14.2063721927,-9.1903275862,-19.6584925167,-7.2594622899,-4.7871217338,-14.1074326903,-4.7579460602,-35.6890702951,-37.7569314043,9964.1059155016,-24.9178301324,-12.6061159393,-13.544231518,-10.209849643,-6.1765520495,-7.3683642174,-21.0742444266,-6.0868863873,-9.7581896543,-8.4326673175,9974.851635821,-9.9101214326,-12.7959870262,9987.5674727012,-15.9569068531,9988.7537934513,9951.043334823,-116.1129106815,9985.487710004,-22.3741874601,-7.4761306509,9954.7317875015,9978.3116163718,-11.6942260515,-16.8164450983,-50.7674692486,-13.811532936,-31.6107653268,-18.8717582319,9964.9494206487,-21.882021793,-13.0178725216,-43.7842945072,-13.8887292633,-9.7536361701,-5.0912269664,-14.6013975015,-11.4567505308,-19.2067481332,-9.0650664897,9975.0309978345,-30.9510337407,-16.7799059765,-66.0023534647,-12.0358160116,9987.0864855119,-41.9554913217,-19.5587263287,-14.3143150881,9985.1054992817,9952.5888437718,9963.0658739947,9991.9829484098,-9.1758366116,-19.4715368873,9981.4740284526,-19.2500714479,-33.4743641138,-26.6250184614,-26.8331706176,9918.8040083704,-47.8504293587,9985.2811421688,-19.2202186977,-9.030535581,-17.2295846049,-31.717386676,9985.9767281278,-23.146271571,-30.0919596669,9980.4987810702,-35.5467614446,9955.3508695544,-48.6332757275,-35.1469639922,9991.358244511,-21.1230534047,-31.6080857912,-69.455020437,9930.8898033792,-14.7401905405,-17.6568007841,9985.0455540232,9960.2342033033,-12.3294428599,-34.4422192769,9988.1655864769,-18.6775695826,-11.1057236952,9995.2258021824,9981.2897983923,9929.7696059721,9993.1329640421,9954.7682153756,9975.7103991683,-12.2880030842,9965.7828463688,9969.3121112324,9992.1998066591,9982.3346830111,9957.1073291149,9982.9381290052,9987.2106053602,9986.5804004534,9971.2757619989,9976.4046923521,9984.4542417029,9989.4099747007,9993.3727968636,9991.7075508431,9970.5094282443,-42.6050705944,9988.4954417206,9978.5827021304,9988.0975162988,9975.9822809235,-52.0577836002,9990.3419927536,-24.4260077988,9980.3663694307,-34.669507959,9984.8076258394,9975.2971196431,-13.032117984,-14.8231544866,-19.1005084788,9943.3289863606,9991.4212241469,9985.697678567,9994.5690742847,9988.8124344262,9969.5842078107,-22.7102898387,9984.7662493598,9982.3535011384,9985.5296446403,9994.5306803949,-25.4327766472,-16.9898668672,-28.3163616625,9972.8058305314,9995.3996727783,9985.3883140024,9976.5320748275,9957.6248976233,9992.3313973673,9989.4904355732,-11.3708730453,9992.0904846756,9978.0825438901,9989.9469808711,9965.3481017878,9990.1210317651,-62.5422117965,9992.6597929642,9972.0488799464,9996.3645702865,-28.0673144609,9993.1601564373,-49.1782437821,9983.3823929385,9979.6744258755,-18.6726420758,-8.0284391369,9942.1332939491,9991.7934360009,9967.3544486621,9990.6368241461,9983.7634451501,9981.7579422241,9986.4108282393,-7.9677113083,9991.2212659607,9985.2911582998,9994.6041959571,9993.7115979584,9976.2381065638,-11.7895960365,9992.6034862734,9985.7054352183,9995.2494039616,9992.2123392902,-10.2816658003,9987.3536258125,-11.2242197795,-16.6126833909,-14.3955297597,9980.4932743081,9995.3478025698,9984.7843884924,9985.3900517686,9990.4493755742,9985.7437197785,9987.36300131,9994.2585454552,9994.3889047662,9952.4004630207,9975.4052390004,9985.3929442093,-19.3766272377,-16.2470485788,-14.853787889,9986.196273585,-14.152850531,-51.8860689084,9980.8835677527,9993.9112319918,9979.8833279947,9991.1743309313,9948.8559936627,9976.9517837037,9993.1001900802,