{"seed":{"0":773370613},"min_epsilon":{"0":0.1},"cost":{"0":1712.931},"time":{"0":14.8165071011},"rewards":{"0":[-22.8013039,-4.3441870189,-4.7493416245,-24.9587347682,-52.7882073581,-30.0465859417,-15.5786492609,-11.3983051985,-10.2893898446,-8.4991972902,-32.4546982022,-12.2081598284,-17.2311881065,-27.9398763616,-15.7251068841,-43.9981318055,-31.7558016645,-16.0267282237,-5.1421554054,-5.9247447536,-28.3246131744,-20.7389917504,-53.9778962289,-13.782165456,-6.0661425237,-7.7651675717,-52.2930725278,-9.3404851551,-3.7164353162,-26.4505244946,-14.6765146473,-21.3526303373,-9.2086738696,-9.3499968352,-14.4674897719,-13.8320063526,-8.8025659862,-27.7753946896,-20.9129256424,-9.4999779423,-16.2962334975,-18.3530216223,-37.8081974225,-10.5353873243,-25.2118099045,-7.4314205758,-32.6797178144,-14.1054359856,-25.4211167353,-11.7323322317,-10.7543266732,-18.9293711243,-5.8841815333,-6.7016451236,-93.5510080386,-42.8661900917,-52.5490055796,-16.6398278346,-34.2132273539,-4.714457792,-29.6044395512,-35.9558269829,-20.5838606411,-12.0240256714,-8.5332678634,-18.2527509835,-4.082031767,-31.4239458799,-8.8599755639,-10.7835656429,-8.4590042562,-11.9891303305,-16.9805776826,-3.9255695212,-18.8714379151,-46.8331437647,-7.797506133,-4.5996961786,-8.624828573,-8.403342035,-8.5112082078,-8.2445512593,-22.538999039,-8.9961159201,-2.6825891564,-5.67593731,9978.4780659776,-36.5725900963,-4.108169227,-25.5701522368,-21.871942366,-14.3456754367,-27.4507834333,-46.0562050334,-30.5549439062,-7.6718633418,-16.7526790561,-27.6628311777,-18.8560128434,-63.4902265042,-18.3597022397,-12.2482857302,-10.0752053767,-8.7896516604,-7.0719907012,-40.1862286831,-17.4946955936,-60.1343891637,-9.1104651497,-34.5391927635,-20.8742248623,-21.6634161873,-7.3309197693,-28.8624959001,-19.7195847775,-5.5688038377,-22.9643681225,-19.2953339254,-35.2348190019,-7.7308649127,-4.7342656404,-13.08648743,-12.9236130958,9990.3079375248,-26.9381692845,-8.1663210954,-5.9495395687,-11.438962404,-27.8501742561,-35.4735815436,-16.842572968,-11.6718000456,-29.9031511876,-38.9004658978,-8.7224100859,9986.2420999733,-14.5860280536,-9.4302563109,-6.80770448,-23.8623961608,-24.5435237523,-41.3520088845,-11.9877167173,-19.2397158196,-2.9824573854,-18.6187905071,-48.2491718758,-39.7572325403,-16.3418776697,-6.8363661124,-14.132066388,-4.7789220096,-20.1825038026,-7.8649260874,-7.3851204257,-7.7517257782,-32.2822047764,-14.2490126765,-3.055715927,-6.210359848,-16.8189443359,-17.3082002996,-29.2106015241,-17.3591786082,-10.4444461494,-44.4715023621,-6.464888877,-30.8772688301,-53.0101005257,-11.2860600853,-31.1426847911,-8.1078623367,-23.2866297503,-18.6932478388,-4.8763788484,-16.1701342069,-20.6175821267,-12.8227229222,-36.5290327778,-4.6224444193,-18.9916775197,-35.1718508743,-13.9019543155,-39.552843626,-27.786172292,-13.6157695561,-4.3187112911,-28.8703848979,-30.5633009117,-12.0248044054,-14.9527887694,-17.2896507013,-29.3227641606,-13.8222760133,-14.8419572694,-32.6271666932,-25.4526861529,-7.6886886004,-33.3698449629,-8.808360458,-50.3153508427,-7.6198147534,-33.1673108165,-12.8365406562,-37.1118883533,-4.1372010457,-12.9624059429,-7.6957547486,-18.8418997274,-25.6313979427,-17.3724247591,-8.4289692899,-11.7414871518,9972.711166394,-4.7925939708,-16.1819974336,-17.076889437,9985.5104850976,-12.3797632725,-45.0029672452,-18.4223845757,-8.5988081149,-21.2644933721,-19.8748463151,-20.8951873853,-20.2194783249,-5.7106983863,-12.2977909655,-21.1124445919,-3.6861893628,-5.6237122597,-18.8170205175,-17.3679115542,-15.0705943505,-20.3997264841,-38.4886517735,9976.5546063269,-71.9163704856,-18.6958832589,-4.8898283141,-16.8486839203,-6.2340249233,-18.3766771073,-7.1226621196,-14.0066882896,-5.3540803937,-14.4204319864,-16.5295372287,-15.9112262376,-4.5512804037,-5.7717311871,-50.1868673985,-30.0779405362,-11.8760719581,-19.8942456158,-5.9829426556,-26.2956849311,-47.0136508625,-22.1373122934,-12.7522168026,-5.4416419396,-6.840660658,9988.19068051,-32.6829075551,-17.3517135026,-4.4020204888,9986.3389411135,-6.905617818,-16.8659867769,-59.4255129383,-28.9891706099,-22.9260835624,-18.8610228269,-5.3382889717,-22.7679315021,-38.2661275628,9987.4235987103,-43.2796153898,9957.070757386,-19.9230894643,-19.8454903435,-19.3384309085,-12.5255438191,-31.3099687547,-11.0285254498,-20.2370535466,-21.009390842,-39.773401821,-25.1481397655,-38.7627412205,-8.9250094465,-31.0686225806,-14.9035060294,-7.6187368013,-16.2614321418,-36.6585807476,-32.6729067687,-27.4442984585,-31.7332413941,-3.6086688827,-25.795563134,-17.6492819727,-6.4313323449,9985.5333407498,-50.5916403093,-7.8436048865,-23.1932775688,-21.657516222,-38.4536586114,-28.6606234859,-16.4537909579,-17.9923488422,-25.4797346934,9982.5477626741,-25.5903417798,-18.2472154504,-20.5956241285,-48.5505937368,-24.8573957676,-7.3964772834,9988.6379769027,-11.3635594667,-16.6022932375,-38.2815181094,-9.9580998889,-46.0673911834,-23.7533446243,-19.6549249174,-29.0398746353,-36.4478027616,9989.5476456722,-23.6722507907,-15.2009037918,-16.1927999708,-19.5642848786,-17.2105516544,-31.4794201309,-42.6799383918,-29.7640877016,-22.6573244156,-11.4021374907,-14.4810543215,-2.8539547605,-31.7995661339,-24.4502559657,-4.2874852069,-22.9626840622,-24.7236338109,-19.9548526064,-19.0329907031,9993.7710368479,-37.8841661887,9965.4711149131,-15.1433868026,-15.2740971193,-23.2622147119,-11.1741410429,-16.5179041697,-35.7950318303,9983.2560193648,-7.6772089865,9990.9253470258,-38.1411982914,9993.4932992429,-15.75752025,-3.146509411,9968.5676050476,-19.4809967796,9962.670165855,-23.4675722487,9993.6303775326,-23.9933730884,-30.8825147355,-20.6323128593,9966.4651919311,-26.7124764318,9994.0455501871,-25.1844928351,9982.8523397505,-53.7998116461,9991.7996754635,-15.2529101828,9974.5984475189,-23.1771543217,-16.2561344486,-20.0260031955,-32.1177633838,9974.6345493221,-9.0973935426,-14.0302210185,9989.3165477147,-19.2402682221,9970.1599588767,9939.3681071968,9989.6591945281,-22.3055015834,9988.056164754,-37.2249735787,9986.3262243483,-27.193283323,9985.4854102451,-31.5135597544,-13.1472497837,9982.8881787789,-15.8114178522,9984.3285816491,-15.529964957,-18.4184985778,9982.2169349719,-5.9477365884,9993.3753306263,-9.7514649215,-94.5811676791,-28.5771531708,-26.3580488684,-22.3227910135,9985.0030478039,-7.377235264,9989.4764221966,9990.224743411,-17.532836299,9989.6410093621,9991.0475277112,-10.4228890266,-9.9701798569,9986.1506274947,-20.2703760748,9984.6932459208,9988.1068822059,-18.1942596177,-23.362493023,9981.7844632969,-9.1895124089,9991.6098120489,-23.8266108382,9985.6132453837,9987.5916652441,-44.3726415004,-29.7165293013,-6.1801714366,9975.4805402803,-14.3683143477,-29.1571163057,-13.6727725042,9970.7822958844,9985.0059862782,-13.0937089414,-18.1060804551,-44.4956258547,-34.1123640332,-24.7024852357,9954.8630905,-31.2147234439,-17.2896660459,9987.4910551079,9989.9408680007,-19.7389706517,-33.6420278541,-4.7158963401,-10.23278969,-25.7038432251,-14.8962116315,9984.0778734039,-9.6499302784,-23.0746894175,-8.6860320815,9986.9070333494,-21.3070609695,9981.0735443332,9853.0400990488,9973.3166838973,9993.4295216923,9993.1752573563,-3.7732713926,-15.6378253756,-10.173663445,9989.6866228453,-11.3881624754,-10.0640268989,-28.4033305266,9966.7996466926,9990.3602335435,9996.7144884811,-4.0052017899,9996.0418425691,9967.051227657,-37.794663562,9987.2838888367,9982.8834584231,-17.9684727798,9977.8468540871,9994.2830352981,9986.0974510846,9993.8766243606,9987.0787518773,9981.8474640315,-35.7058495202,-8.2621993674,9973.1686016737,9996.7144884811,9988.503649117,9995.8193586377,-20.0007384547,-43.3757641088,9990.9030111689,-4.1025243642,9974.8450683694,9984.2162233701,-5.1277526618,-27.2109199227,9960.7518868956,-8.5686810816,9995.8584641293,9982.0386739272,9976.8334544911,9985.2114013568,9985.7075431708,9987.4913715885,-22.4546195616,-10.4614478699,-17.090645793,9967.6804447607,9990.2702897619,9996.101920174,9990.9469214112,9992.9854284668,9987.4993852604,9969.8821925008,9983.8811414016,9978.5727128524,