{"seed":{"0":437720306},"min_epsilon":{"0":0.7},"cost":{"0":76646.9999999987},"time":{"0":17.1439313889},"rewards":{"0":[-9.6065724386,-32.013069689,-17.6014607976,-6.028738355,-13.5433415363,-24.0472323294,-29.319068051,-10.601470388,-15.5480312031,-16.7436507282,-18.6888017662,-18.9197175075,-35.8474045715,-18.3287044052,-19.541032187,-5.0380428841,-11.0519450129,-35.2663116969,-9.9986189938,-3.4466078077,-28.9613356631,-12.3544486621,-27.2699080672,-14.3379264576,-42.4207887463,-18.2564509292,-15.582600473,-42.2256602456,-70.9155783251,-4.1633807031,-36.3093894994,-3.6686045508,-37.4903492603,-34.0375269248,-48.0092623317,-6.8746851977,-34.4296808917,-36.7370640959,-17.3769724892,-25.0531553114,-15.6226554064,-18.0194012187,-6.2848459507,-4.8067377757,-44.5824547001,-22.6246712918,-9.404690434,-8.9755274197,-23.7923599669,-19.1900475488,-39.4977529879,-14.5747670991,-37.5036126738,-22.0414608744,-8.2110273343,-25.8080861748,-40.7915275271,-6.5153742431,-8.2102965519,-10.1126306441,-67.4259982085,-15.2442597136,-7.9417752451,-8.2217186238,-91.1611480765,-9.0166219438,-23.5469954484,-23.4838662035,-11.7722739993,-20.6204899119,9972.1481608642,-16.9161211373,-31.9608081955,-41.1530749445,-35.2920866428,9973.0172721675,-34.5956778343,-21.0339056197,-3.224325273,-23.8285595914,-26.1759996471,-16.4984492451,-46.8178855645,-6.2408225426,-9.2043582253,-58.7388632401,-59.659789128,-16.0308961771,-6.1992216496,-17.1455100996,-34.5372593549,-37.4426892026,-11.4401017341,-20.2658283448,-17.8912131564,-51.6879789166,-29.9776142735,-14.1935998036,-42.4246996791,-36.4580739951,-32.3154620904,-27.2155961631,-24.1439315328,-30.7534098385,-28.7453251982,-41.6786820598,-11.5033422268,-46.822627019,-47.025540942,-23.6536455686,-2.2976125856,-20.6703730059,-8.456217309,-3.7381516383,-33.362312725,-23.1067134163,-72.8169188601,-19.6195788315,-6.5351168772,-15.412374199,-89.2588753623,-38.6743491529,-13.7978168594,-86.9918635719,-42.7566321863,-17.1544099172,-18.9474316162,-33.9415604219,-16.4904816067,-34.7108019618,-37.7758109096,-34.0064485316,-8.0994113461,-32.8549694165,-4.7638939771,-5.084993258,-9.9249672491,-23.7241996398,-37.0146578461,-61.3756240901,-15.5395284248,-17.9872947432,-19.7776062176,-44.9435820615,-13.7352572795,-48.9816805694,-21.7374457907,-18.0704006261,-8.1511415359,-18.2703396316,-5.2469967911,-10.8823862252,-10.3272984642,-70.0968488124,-3.8242094219,-17.7986032657,-13.6524045811,-29.4617394156,-60.5252177482,-5.2218164451,-44.8190498294,-17.2016825259,-8.0643855769,-10.5601169252,-23.8381729288,-39.3330526566,-10.0393126425,-36.4811272079,-22.3526475998,-9.9162841727,-15.3055878962,-12.3213083499,-28.8247119547,-15.6989118822,-13.6994297595,-57.9116961633,-82.5309354974,-7.1166604969,-18.5584002578,-9.9674638781,-28.0638657815,-7.8903826346,-31.524703707,-28.5449047585,-46.7120563757,-9.3298609979,-4.4695727896,-25.4347388268,-41.9675501909,-35.0790165702,-5.9961868885,-9.6382607762,-61.4191392112,-39.33369329,-31.1857549213,-21.5880823003,-57.0676827292,-39.6799499002,-12.3401034604,-18.3830757693,-112.8652579125,-22.4194576098,-40.108470363,-27.639900721,9954.3153086453,-3.3121400033,-4.7601268991,-35.8508148895,-49.2143935369,-7.7071096883,-24.8269771885,-38.600603423,-34.9499442802,-39.934444404,-15.4375411185,-48.543424013,-55.5844341423,-52.0987707127,-54.1176981696,-27.1058291887,-8.5463624873,-21.9172911564,-15.9290162824,-83.3098632612,-61.7100980323,-10.2665015853,-8.565763706,-5.4421828337,-9.6663335629,-14.2577782296,-14.3695994507,-14.5147010026,-16.851426752,-95.6204803216,-13.5846144403,-11.7964416074,-24.5395514415,-133.1002591305,-23.919940003,-12.1041834897,-12.2271755163,-46.5796524084,-12.0858870759,-48.4247035152,-14.6951390501,-29.3559524243,-16.8918499537,-31.6924115629,-37.9818282604,-36.0566154991,-44.8254791804,-7.5343995213,-22.4279814868,-42.3995519402,-22.2429842009,-7.4345623649,-39.5426433609,-6.8646805752,-60.4750661253,-6.0320815407,-14.80920057,-62.5265047693,-15.5317027231,-61.7788261064,-7.3771777221,-49.1089959126,-4.6825834022,-25.9545111909,-5.1238839264,-12.8806561314,-16.464860106,-30.0571257042,-24.7394194787,-57.0275932707,-13.2967686373,-26.9431159719,-44.4145128405,-24.8514881301,9982.3029006884,-23.451284048,-37.1984294891,-33.5301855343,-29.8824725381,-28.37604031,-7.6932324943,-18.4225878905,-15.1438413838,-20.8157143159,-12.4106460232,-96.9330039378,-13.0899533719,-111.3854963662,-23.3302791359,-15.550900627,-9.1777067242,-51.0206134353,-45.6205723887,-15.9003853391,-14.8730740238,-74.6432611694,-24.8166771841,-9.5448376263,-62.4844147699,-26.7503390178,9962.1490028944,-53.0470808023,-37.0433846927,-31.3283840885,-21.3614284974,-27.6121827762,-12.1819303014,-60.7538375668,-16.6817547985,-16.8091813894,-10.3182758905,-5.8151158798,-26.5499607756,-3.3404602203,-20.6309567879,-20.129701415,-23.1067709582,-32.3929192744,-42.1967032314,-29.7862106533,-10.278784868,-50.3308603093,-3.2328376416,-24.1263486388,-36.316465238,-20.0223377749,-34.2181126633,-48.1094466577,-8.304953017,-32.4070995226,-14.5159304817,-23.496111125,-19.949489699,-57.0786924173,-35.8758974143,-48.0652122626,-18.1168503852,-29.9633246957,-28.6633605635,-15.0978557961,-6.9176479163,-60.6937254368,-35.9024357496,-24.7995718881,-14.6078345248,-35.573031251,-19.0000460335,-46.429749942,-58.9448805909,-13.5168588247,-17.8099562873,-34.0287958969,-20.1607855623,-42.1466762826,-23.4183719855,-44.7569352404,-10.0657397302,-43.7343346907,-30.1254433126,-45.2039209067,-17.8179181715,-10.5445479986,-45.8983272563,-18.0824710037,-39.2341802865,-23.6210998563,9983.162089846,-11.6114481576,-39.4896683475,-14.5210555491,-44.527095533,-7.8203042433,-70.5287508224,-28.1030921112,-23.5232152893,-31.1823522755,-8.4902054055,-56.6011193822,-22.3160451819,-10.9291179398,-14.3440565906,-34.7631190792,-37.9296166365,-13.4000333743,-47.4526612181,-31.5529011679,-14.5843267307,-91.8915449815,-6.1962237153,-9.7011042295,-10.4018229282,-17.3716863044,-26.3425317296,-22.8126799384,-16.7224369388,9984.3821972959,-21.8310032051,-13.2585339469,-23.2467455247,-15.1605266237,-12.5440416297,-22.201208764,-36.8039546646,-61.6698455383,-28.7050688681,-22.4051641959,-13.8557117073,-3.5517848546,-32.200550868,-8.4324141331,-4.3451613955,-44.7073341018,-12.4488327621,-15.6975711554,-22.0192401014,-10.0723244444,-39.6941282303,-4.9083280427,-39.6750319837,9906.9358829521,-30.9975065166,-77.2334686847,-33.5910476275,-27.8832397638,-70.0866543015,-25.0357258626,-33.1342011934,-3.1562033071,-35.1149917811,-35.1634344089,-84.5003960802,-10.2132254358,-13.9621143972,-39.7048348643,-26.0714210362,-59.5666536878,-52.3951039495,-27.4417090719,-9.8073592285,-3.4406982521,-32.10413362,-28.9041063835,-5.8913186499,-47.8384011785,-23.2033896029,-17.7776580053,-9.6327137347,-14.2387855585,-4.3447432575,-45.5942680571,-68.9835353375,-25.7459025355,-9.8568817264,-30.4378959604,-24.1270276336,-20.4421137834,-3.0167216831,-26.3097289967,-35.1935058184,-19.6439459183,-56.2437437543,-38.0056141737,9991.5584827345,-27.974012149,-20.4687422678,-33.0701263429,-25.8348143985,-16.9371527105,-8.0377244854,-30.1412826862,9978.062055129,-8.4440280114,-11.4193885595,-17.3991011951,-18.1919905478,-23.4967057248,-57.0688393218,-11.6508375227,-10.6135081585,-22.6817912417,-13.1916050169,-4.1370782896,9972.63030081,9928.9077564596,-12.9423966979,-3.4405735779,9964.1639906475,-47.2335837686,-20.7155223176,-46.1705983785,9957.3788771269,-22.962287023,-10.1398805813,9963.4696725289,-25.3687478302,-22.7769080423,-39.6543399078,-43.4941182563,-59.4236620064,9989.7151233603,-14.0868058286,-19.7167211077,-54.9040392513,-27.4014489056,-44.0106395018,9941.7070310477,-32.9704081065,-9.8440824844,-58.7072861502,-13.5536012613,-19.5405967865,-9.8227210041,-52.6030642993,-20.1484121306,-16.8651562551,-14.7725252657,9983.8494856711,-30.8682692732,-33.9211560556,-44.5321841572,-28.9911864953,-86.8756001143,-25.6137210636,-44.658114658,9964.0176097468,-63.7283081332,-24.6032330889,-6.4637763998,-19.8824840465,