{"seed":{"0":1277478588},"min_epsilon":{"0":0.05},"cost":{"0":1712.931},"time":{"0":12.010751009},"rewards":{"0":[-13.0271578701,-88.074704762,-12.1864684411,-4.855374128,-22.1028581074,-42.9718428185,-33.6436754712,-5.4642290629,-49.6685393366,-14.4161853924,-31.0397710599,-11.5693735027,-43.8330478615,-24.8411344199,-10.4863405063,-11.9667963917,-11.5485931959,-26.2867793593,-27.3989343236,-13.9316421122,-14.6827349293,-5.9771865452,-29.527991269,-13.9139767416,-45.6042573352,-8.5089026947,-20.9636296678,-9.7090622776,-36.6578653097,-33.1890520735,-52.5193714887,-47.0060438201,-28.3848442244,-7.0282108873,-15.74286624,-10.1589557292,-15.866051991,-7.118607332,-4.8197364963,-13.8233597195,-27.2978485075,-4.4128383705,-20.4699794192,-38.4393747878,-19.4654777226,-4.643069363,-10.0587196155,-16.939797721,-17.2524728642,-59.2996016181,-8.2374601762,-59.9652293333,-16.4566450373,-20.7704269035,-13.0264174973,-88.3524097599,-19.9383553367,-19.4712626041,-14.1535218535,-7.1800141553,-16.7617150562,-19.2779505101,-6.7056577138,-5.6180309537,-15.449160751,-9.7806482673,-8.1028504351,-8.2483471082,-41.3333748914,-11.8631537961,-16.8919132498,-21.1396408233,-29.6350825439,-19.6872749871,-38.5467384278,-12.7047466333,-4.9095747844,-14.4350764061,-10.3447701104,-5.3064874683,-42.0804301834,-27.4080547185,-9.9878145385,-4.4203188206,-13.3928981757,-16.9084738155,-5.9177495737,-10.4404911011,9984.7236779263,-18.3361253954,-38.2414459135,-7.231533358,-16.7979818129,-31.5123724727,-17.2935558799,-45.321879933,-17.4765698875,-27.0827567952,-14.2545232747,-24.8855970646,-19.696631304,-100.7640589306,-7.2069130868,-21.0209145713,-9.6505287144,-55.0477406164,-35.6114385673,-15.9185609148,-51.7585732672,-10.9725851093,-39.6041729403,-10.995034132,-11.5362216822,-36.1453413099,-24.8742728139,-23.7449780286,-16.9551134631,-35.8612817655,-21.9177054582,-7.5732614187,-23.0438680449,-5.0571007693,-17.2094487675,-35.0963654603,-12.8225042629,-5.0277793229,-7.0113760384,-6.6437560299,-14.5960461026,-7.5142023059,-21.632186267,-48.425115899,-25.8683728487,-8.1029405841,-13.5758680679,-10.9188524606,9979.6801819859,-7.5686101132,-12.4051200804,-7.6671429859,-7.9863261208,-18.8008800078,-16.2757715893,-11.0722707386,-13.6872999219,-7.0194568426,-15.0342681339,-6.9921416912,-12.0135971567,-9.8564923594,-15.8803185521,-14.3264314992,-11.6850807217,-6.1838157584,-10.3818213553,-29.6014301086,-16.842783955,-24.9848933269,-18.5181074845,-9.7896420701,-9.4766159211,-26.7192874775,-8.4443464101,-16.5021626173,-8.1612343894,-90.7541962448,-8.9048179853,-4.7405530546,-8.2070339248,-18.5556133106,-34.860307389,-9.4879977137,-4.6416308149,-15.4717440382,-47.4618468272,-22.3528125533,-17.7209619475,-13.9806294703,-7.9184822742,-40.9678168019,-17.606466945,-11.016658387,-18.3901898692,-14.2438415756,-26.2884020416,-21.9993075788,-81.8608195121,-23.6422848747,-21.1687416924,-19.1472536199,-43.0985213644,-3.557539047,-17.9705500433,-13.4794278031,-30.5238981201,-14.0605110874,-8.916592981,-25.1131005699,-17.07476614,-7.1742733894,-8.30294864,-12.0703833635,-11.1726085097,-37.0312280022,-8.3426966831,-47.0826129404,-15.8145423787,-32.206322323,-16.5605542438,-10.9481892516,-6.6578000955,-9.2963294007,-21.2509499213,-9.4479542887,-10.2621667603,-6.5934087644,-19.8039987801,9992.2549011334,-12.6288756883,-13.5760426117,-33.8844462261,-10.5051049277,-16.9350850374,-9.8097568086,-31.1642879475,-11.9851043139,-7.5239460717,-21.9250919232,-24.8997044263,-9.8873847004,-44.1292027183,-3.7851346193,-14.2661448254,-22.3742277394,-41.2350990392,-21.0159851465,-5.0587790755,-16.9088651006,-21.3072105785,-13.7467157947,-37.8679585468,9993.4722101278,-16.0379086196,-3.9088286574,-18.440876632,-23.37149258,-18.127789105,-13.1055760043,-6.5049687451,-11.4995981656,-42.7736358248,-9.2192443211,9988.2154561444,-31.4939859099,-20.5135156389,-8.4507584985,-11.2638335581,-5.3131815122,9987.7100404903,-12.1180204044,9993.589238893,-17.1076973832,9987.2424739958,-13.766044127,-21.1329486975,-10.0786329573,-34.1718815634,-11.0725987276,-14.0778503872,-60.8609998101,-27.9522267766,-16.0175042533,-44.2065563268,-9.2092723056,-20.5380054818,-35.4258792886,-3.2299298564,-24.8237203156,9963.3191351832,-13.8890035465,-43.9613836147,-34.2570762181,-10.2643917147,-39.4444538216,-14.822897466,-5.8503775709,-24.1276433321,-21.106465986,-27.6509986401,-8.8578637752,9981.6367090623,-10.8938198055,-23.4701175198,-21.6659326875,-23.9691632829,-47.8064673287,-6.6280835279,-7.8946790983,-24.3279467699,9977.645583945,-6.0622603619,-6.8435741974,-23.1310248792,-10.6432304803,-27.4534840676,-27.1555741821,-27.4626389877,-18.4938056119,-34.6642409549,-7.7963725571,9971.0008918998,-21.5991226775,-11.7363045426,-15.9343024672,9991.178748233,-34.6103260901,-14.8579999578,-14.6301492829,-38.1152027682,-15.8867191321,9954.2839598051,-15.7858040237,-9.4616492666,-29.3531827397,-42.7634528223,-42.8388250706,-31.3050757731,-17.0571065235,-67.5428179047,9976.8179450244,-22.2622588274,9960.1104517233,-4.7854894612,-28.2237671163,-17.1963138643,-14.7156258931,-33.3650804916,-12.479276276,-11.6079822157,9991.3170464114,-8.5722256641,-25.0621222612,-44.0231260993,-24.7661745553,-7.6247556866,-22.2310634323,9973.6092980077,9988.7232521161,-15.6932670195,-36.5109684498,-26.4265026594,-21.4106671219,-26.8330382711,-37.5298556273,-30.8925366206,-28.7340776701,-39.2582596637,9984.9855339603,-23.8421490758,-16.9362377939,-25.1516958564,-22.2084264394,-12.0834185273,-16.4642041281,-32.7394846929,-27.8560090072,-20.4424551988,-13.125005994,-14.9283679768,-24.6238311797,-24.7355277266,-15.2818000648,-47.5793455182,-35.3750371625,-36.325167495,-8.7799558462,9991.7455189227,9987.0240199172,9989.3986600404,-42.735510464,-64.3744962684,9986.5268097415,9982.0393605941,-20.3258675884,-9.7660402909,-5.0795171849,-17.3671903621,-12.3430668695,-21.0069299657,-13.9604092382,-17.4307876147,-27.2017880194,9979.7217521899,-15.8110898632,-18.3183430228,-14.7317702389,-6.4022602468,-38.9312968607,-94.0940407665,-35.2948831803,9961.5560909086,9990.2704930767,-9.5170007615,-12.4977031182,-25.599826607,9975.6175456835,-9.1373775076,9993.1966955591,-22.5023947031,-16.2574195516,-9.7576813673,9989.2060211869,9964.0991293907,-20.5528301995,9985.0814621019,9990.0956020707,-8.1388064654,9991.0033566122,-26.6101266114,9986.4287467944,-8.5903015005,-18.4807723661,9977.2653718455,-16.0187663395,-6.3312477583,9995.9213727969,-40.3865934989,9994.7858960908,-35.1588253008,9990.303098249,-35.9843562689,9972.3968608962,9979.4863961301,9974.2096597546,-49.5366283118,9983.6866823053,9982.7222182795,9985.1031515712,9988.0584088891,9983.4298880426,-28.5926607194,9980.4028586828,9988.5085900502,9985.7465124799,-30.4814129995,9968.2901417258,9966.2375790962,9991.0736670893,9989.2614551585,-13.2788289835,9987.1877919054,9984.6829977041,9975.240504144,9984.8895521128,-24.2606438174,9984.8183113747,9994.3160701168,9994.0607719441,9995.2031862881,9969.9205326848,9987.0418905207,9987.3338735881,9988.4280773901,9972.9032624353,9974.1165204782,-20.3788464379,9984.7515665789,9988.3287466026,9992.427329345,9989.2776225211,-22.7517718117,-2.8524816873,9985.2901206271,9991.8982045002,9995.8795340639,9992.7896650868,9991.5919682982,9966.3150094273,-14.3645587781,-25.3997341563,9996.1281075037,9994.3281021331,-29.2710531515,-10.7613659686,9979.651324711,9991.6269326894,9988.153030829,9986.0374233494,9994.3122646775,9992.3247877183,-17.3503037255,9987.5677412301,9982.2166242455,9995.4388223853,9994.6243279583,9980.7867055139,9991.5982077609,-26.6204784036,9993.5390163016,9984.5000067132,9978.2665878982,9976.6992091822,9992.6146628331,9992.4013741011,9995.6652690373,9994.7206032695,-15.6909768509,-19.2078702008,9987.0186570099,9983.3207482752,9991.8298216776,9989.5105771647,-17.9287573438,9984.8224582294,-19.3861657706,9994.3300854114,9996.7144884811,9983.6505536492,9985.2471348917,9991.9943570553,9995.3483741529,9980.1563509981,9994.7916195942,-22.5165864596,9982.0171992811,9989.8901025973,9986.2814106978,