{"seed":{"0":2041095833},"min_epsilon":{"0":0.7},"cost":{"0":2473.723},"time":{"0":17.0510601997},"rewards":{"0":[-27.7652749833,-18.4035184969,-26.2216073761,-28.2929382633,-44.0211754281,-7.908366404,-75.2366449989,-7.1656363465,-31.0846863677,-29.5774638972,-19.5918781492,-8.3485084174,-6.5061982243,-73.7788069257,-9.2951881525,-32.2548531818,-16.8196540196,-32.2396525235,-6.4057338609,-5.7525390374,-14.0865641525,-40.8582876674,-32.6942298877,-28.8822059272,-34.1280384533,-49.577575145,-39.0769661596,-26.8134874434,-16.804503231,-7.6415771091,-12.3003841882,-18.2299662996,-9.3956218268,-75.7463916418,-19.9728555563,-32.3003400728,-42.3572471176,-32.5020743864,-38.8219058269,-37.918923429,-68.025690551,-7.3574504324,-15.2535949317,-11.5101877977,-11.0707382053,-12.3157977516,-38.4719032375,-22.0048814732,-10.2833421884,-7.1362707846,-21.2336048673,-18.6745946651,-58.4350495532,-17.896585654,-6.2735773239,-9.4116127275,-65.8068029899,-15.2099436281,-18.4234280026,-18.8350138772,-11.5157521017,-22.7991633404,-18.0794270359,-8.0152754628,-40.9743593186,-24.0347131247,-32.106556135,-14.2184866858,-46.9612666128,-14.7905838395,-11.0034352529,-34.3875064974,-30.4501197831,-11.3327879638,-22.5190128108,-33.6247787034,-48.4224306092,-40.7019117345,-4.6142197603,-22.8337268562,-35.5761500233,-8.5451061553,-22.5481366966,-8.8092120784,-31.8342869309,-35.302678193,-51.9518872792,-13.9313889278,-13.0962599667,-26.3359508515,-4.9316497845,-48.3429115063,-75.8462479788,-29.9549139844,-30.9877435702,-88.3262569554,-12.9367690977,-14.7089932273,-64.5510310554,-10.7340373907,-26.7214625623,-45.1718815634,-43.2833882219,-19.7807767776,-15.2106724925,-67.721245821,-47.9467468673,-5.5433818156,9956.4766197572,-4.7996562829,-8.3305917803,-27.7225846298,-9.1897790198,-20.5513897334,-13.6900005562,-20.0350526221,-29.1356224789,-17.9620856262,-58.998803128,-54.0765250048,-19.5062845371,-48.9924984512,-10.7397973373,-22.3994464467,-41.7142851663,-70.9373425989,-4.2471099569,-19.755097735,-46.3094623858,-19.4368218444,-30.5674113231,-8.3457061257,-10.1346442662,-27.0928726655,-42.3548284388,-7.1641114856,-26.4220163074,-15.1048317954,-30.0759879469,-27.3744713336,-16.1199307962,-11.016926916,-9.8696560336,-40.4083846256,-21.4875795757,-56.5232785854,-10.0157262079,-38.4611448158,-25.3498491443,-8.0052670041,-8.1893608818,-16.1677711519,-33.2068536268,-11.7270709818,-3.6221221845,-25.4150805875,-58.4307799424,-28.7793324753,-9.2659223299,-28.7130748678,-13.7355066279,-40.5556957874,-16.7312293448,-8.3289575897,-54.9116079323,-33.6835961401,-52.0781380968,-9.5164387687,-5.1826802645,-19.0081249197,-13.8913953725,-16.621028888,-34.0747699762,-4.3280963789,-23.2096750991,-8.7931310287,-19.0265460076,-31.2353407153,-36.6433129571,-32.5895266026,-39.7493301161,-9.6867686182,-3.4373934276,-33.3229521309,-76.3341440351,-30.0246049267,-5.9979802785,-6.3916380076,-2.8524816873,-107.713109393,-3.7980355187,-13.8751589596,-31.8646307055,-52.8610304991,9912.5975095855,-11.5959943149,-11.6485550264,-52.559783182,-5.7521880317,-19.4578438274,-20.1980727292,-5.0036558302,-47.8787361492,-47.7566072514,-44.7291175562,-18.0164627445,-67.6862162157,-29.1634286547,-3.2321375482,-29.1263045234,-69.3027146362,-5.4992989476,-11.421465823,-90.4639183365,-20.3338064558,-10.0776259737,-20.7268427322,-30.6516718806,-9.524043893,-11.8671894031,-8.0194530065,-14.43812421,-27.1703260134,-22.7082451823,-81.1675007049,-6.5406274755,-56.3542434292,-6.7992899327,-42.9031857127,-24.4825734283,-12.7144712185,-9.5836630805,-22.8978381499,-12.6620294269,-13.827082682,-8.6916424191,-12.934384944,-26.4217842216,-17.4988884818,-24.5211399439,-15.7139207341,-11.1853482917,-4.2737979013,-15.6675860587,-23.815388245,-40.1886511981,-5.8820333014,-12.8979954312,-16.1093181474,-18.9570219369,-58.1053535088,-15.0829466836,-12.2863842381,-17.1246933495,-6.1452799319,-4.5533423227,-4.1964347024,-12.518512196,-7.4906120351,-16.2907938676,-12.6775408116,-25.8379868766,-17.9648879179,-20.0141955927,-15.1372950309,-26.9115177833,-60.2086412625,-28.5179080058,-2.6404013357,-24.3869886201,-27.7364733322,-9.4559928955,-57.1692116181,-6.3245939938,-8.5371979768,-29.452479002,-19.0576109744,-11.6284402878,-23.6080570202,-24.642562994,-23.4748973356,-63.1219466817,-15.3050393299,-27.0488108961,-89.4860815676,-46.2452455985,-23.3098843599,-34.5021453547,-8.2469488395,-94.4938497273,-42.1913633408,-60.5398909389,-4.3627500436,-28.2462314835,-27.5211859774,-36.4230060285,-6.5842001385,-11.9263597636,-13.4120538823,-39.4475323146,-25.9126571134,-3.2570282665,-9.8889249059,-13.49333185,-6.8116307573,-42.3052119557,-14.3920158662,9978.7585022988,-14.3553942677,-2.6107020307,-91.8212594393,-10.5760387756,-30.8780494822,-23.0402102966,-8.3229636393,-24.0347725847,-74.4728277444,-39.1344332792,-10.777379886,-45.7316474828,-6.4639240907,-59.6428890649,-15.2423742565,-7.6896092712,-35.0786176128,9973.4784457543,-6.0325610568,-60.7929277139,-22.3567656835,-18.9324975689,-19.8040179608,-30.4421348821,-23.2874602721,-64.4374624779,-5.2410814813,-9.2869078696,-35.9790451493,-11.3420100161,-17.0699824881,-17.8969903656,9989.8015570845,-10.9701414956,-19.7597221876,-25.4814839679,-11.3460321966,-25.2645835211,-4.3033514335,-15.3584631703,-11.2013161756,-25.2133692906,-39.606883165,-29.7356965162,-9.3982956082,-11.8524107189,-4.6778649644,-16.658770636,-8.7034346774,-46.2396774583,-10.5070594351,-14.5499818743,-9.2520202011,-18.0969427976,-53.5905220779,-33.0386911898,-2.8524816873,-16.331090477,-10.3180342144,-19.3792492313,-30.8217753985,-46.1243461799,-30.8460811073,-21.5626928853,-34.0472495919,-10.6218421472,-32.8712595352,-47.1440140095,-5.0431890502,-14.9942956773,-8.8125533462,-35.8697711174,-55.2156652134,-23.2436555234,-19.6074969455,-16.8036343479,-47.7260966052,-11.3570668196,9908.4767866288,-20.5912682048,-4.9970538535,-49.0044614172,-31.5325217365,-41.3320706078,-56.296697669,-20.4853105058,-11.007058476,-76.9375113885,-47.2848114255,-45.8563408323,-36.5790060208,-71.1698560876,-12.4980406975,-15.1706923636,-12.0467547314,-25.3852029024,-44.8612395681,-22.0750500135,-5.1328604666,-47.4802717513,-47.6804409246,-26.8438964322,-43.5464660627,-18.3356708142,-14.1763966864,-17.3822874449,-20.8490809596,-44.649232103,-29.9733676795,-47.6593460552,-25.0729497333,-25.4443042126,-12.7863123107,-8.7375608746,-23.5568638884,-11.0365851553,-5.4056072687,-40.2489839055,-39.6449107045,-7.5093112423,-3.8215682476,-44.8750860731,-3.0400069818,-6.1344428695,-28.2022617812,-11.7828444508,-24.7849907645,-47.4859031876,-14.3461396082,-31.2947278171,-17.7371005392,-44.474818695,-29.9052994194,-9.6851804611,-32.6842502,9963.3660069165,9972.5579437585,-5.5543972579,-16.942369845,-13.5899217238,-36.3051218067,-33.4817064633,-23.0506790906,-25.8179335161,-19.3688744224,-48.4222292125,-5.4354811176,-20.2410507923,-12.9931275762,-15.7415619563,-12.3206734707,-6.4339926998,-45.842843415,-17.7203309044,-8.0904271337,-15.0714191181,-36.1964730637,9989.7489100601,-25.6581300026,-3.0920574882,-29.9909850986,-41.7973373434,-3.6747270115,-48.7785422329,-10.0064178426,-47.2694016983,-15.3211222977,-48.9158813792,-13.566300764,-19.1407571366,-11.3642749046,-18.9124998322,-31.6497135371,-19.9665240266,-41.7049499481,-42.4533018515,-15.5756666711,-20.4831124043,-9.3467054371,-7.5740132999,-7.1393396872,-25.6796506822,-47.1317460713,-24.710239969,-34.44440587,-19.9349526909,-22.3631029674,-23.7781682104,-17.829415048,-36.8408639728,-9.7056327789,-12.7182229519,-51.3079471151,-12.1736864617,-30.7271899018,-38.1582882428,-37.4106019077,-11.4274003134,-16.7230238665,9979.5912298435,-45.5259370223,9946.8697097394,9948.9143622724,-43.5142790285,-4.2170711544,-33.271666932,-27.9817553739,-3.2153429786,9972.6089201491,-24.2302233202,-5.2556453423,-30.8554239977,-8.9040987113,-75.448263097,-4.4200675542,-37.5665731291,-3.8571003857,-8.8989065116,-54.7098084046,-66.0120550331,-25.4467650889,-38.4943695227,-28.4582964905,-3.6755843862,-13.8201316176,-39.4049186837,-24.6005880785,