{"seed":{"0":186872697},"min_epsilon":{"0":0.05},"cost":{"0":1712.931},"time":{"0":14.0533881187},"rewards":{"0":[-17.9800866581,-25.9975141889,-60.1577531029,-33.40379278,-14.2427962306,-8.1342664076,-48.7000013426,-13.134458214,-32.1719966472,-37.2039535138,-70.6914314321,-23.960971231,-20.8701528122,-59.6990461467,-64.4542647197,-71.9013884866,-19.2865434374,-9.0083876945,-29.8366672485,-22.8405302296,-27.3809083568,9989.4022736732,-30.5721105802,-29.1150071256,-12.9978747849,-141.0295938116,-8.1274956412,9964.9539280994,-19.6400100507,-21.8057633991,-53.8177896613,-51.6564632048,-57.9093561251,-67.0513849382,-73.3725360069,-21.9948193088,-20.4123895435,-15.2929516897,-3.4653319498,-24.6340429531,-6.048329462,-17.3975322187,-23.6946269269,-21.5211591245,-4.0175406965,-20.6172176945,-4.5588625112,-28.0121681989,-77.1408914011,-56.3515849923,-44.5847180158,-11.4992855211,-30.209224354,-36.0957094823,-31.8363047344,-26.5919855608,-69.35809682,-9.3416551743,-30.0220980169,-14.4417953848,-11.099317361,-25.4657596781,-26.6825239422,-31.7963821474,-10.0038188657,-23.7562389831,-31.3232379224,-29.2305800801,-24.235240976,-31.8378967276,-44.4051584417,-19.796489559,-27.3263566947,-26.0480935402,-20.2702360562,-11.2273596505,-62.568067301,-19.5794778646,-25.7166578116,-102.6929754737,-9.9046818028,-10.1946355582,-23.803548035,-16.8204711149,-31.024135001,-14.7329824555,-30.3399768681,-6.5432072718,-47.8233386208,-24.9461292507,-10.9151122355,-29.0440732777,-14.8094499184,-4.3965233169,-31.8807002469,9966.7781087504,-8.4032979195,-26.2939433289,-25.3931724589,-32.3414595317,-8.7390761452,-57.9777063405,-47.0950055528,-5.0024378595,-38.59626668,-12.9882940546,-12.0979344367,-7.141514772,-7.2598132956,-23.1713886209,-67.0296110741,9970.7412665745,-52.597674539,-6.270560209,-13.8756653285,-7.7866594803,-25.8988451336,-21.1619536634,-5.7495717922,-60.5516736069,-11.5739711024,-25.4519726331,-50.8472568806,-23.9283583864,-16.4839793693,-48.4942717015,-24.2856726363,-68.3011878571,-33.2206445079,-19.8520693035,-19.480350392,-57.2612134825,-28.7663932147,-19.3585993528,-26.975625241,-26.7856889399,-7.9789070487,-20.4627770883,-40.7353263298,-7.165678544,-41.3891828855,-24.7638939771,-38.5297328712,-28.191399784,-54.4820593871,-42.124288638,-42.0015478778,-14.0557811412,-5.1532763413,-34.9595614538,-5.9861765118,-7.5250163515,-10.5492088944,-32.0728998636,-3.0882750657,-58.1856647723,-11.6513688265,-31.6929083415,-24.9642818097,-42.6987622732,-38.3319094904,-42.8826681807,-41.0957535978,-33.017822652,-3.8598547258,-19.0676558763,-3.8716680828,-18.252438339,-15.9930642801,-60.3746746484,-8.2714444366,-31.0685381858,-17.8567704787,-6.0164358916,-22.8319219578,-14.1096844976,-30.419522824,-26.1346135772,-60.1069263214,-22.3923170023,-62.3921309501,-38.9158027386,-18.9705749781,-30.5151939451,-6.9398149835,-41.8816592789,-28.8794093897,-27.7435413985,-14.8306943968,-8.6317029149,-12.9251609735,-21.0723839044,-37.4470278637,-43.8165294931,-14.9591951036,-6.8244721967,-19.8864544393,-7.0440272442,-25.6977859786,-11.9380215936,-13.7362239839,-23.6793015945,-23.9739488529,9984.945241187,-13.2510074632,-21.326874572,-41.8238066284,-54.7455783826,-39.1073425413,9985.0628530437,-25.7196557458,-4.718792617,-24.4308125495,-15.0122295769,-19.8015187232,-24.8155225094,-28.2656211938,9993.322416991,-5.8946733441,-58.924785033,-18.9231028907,-16.6813615954,9955.4961494862,-7.8907509029,-23.0972765407,-22.1076129884,-13.9846363063,-15.2125541134,-56.0491120322,-9.2094257508,-52.23631701,-14.5781256294,9990.8511754856,-34.4792801122,9985.4548228764,-37.5862850742,-7.8074301969,-24.3418067013,9966.3404678926,-41.3971083265,-51.3131891844,-32.9880830675,-24.1696853799,-49.0314792686,-61.8615867377,-58.1159815022,-5.6582949561,9990.5727838207,-32.2666531123,-5.965457583,-60.9143641905,-19.2639870032,-13.7871370783,-37.6131897598,-21.5314994083,-11.9685955359,-50.605569291,-33.5439169555,-60.0599452584,-29.2252843051,-8.9694893538,-25.3323372187,9973.404540825,-51.3874777265,-54.5770150702,-81.1854806381,9989.1078680909,-38.4970874196,-33.3654583502,-23.897512079,-9.715265297,-26.218582589,-20.4460285523,9981.8793441755,-16.629702374,-7.3630396713,-13.1767476921,-4.6432132178,-19.4167780742,-14.9340473647,-3.1537270863,-19.5724213066,-25.0308271268,-19.2247012136,9988.3017306693,9954.9579195909,-38.5444616857,-10.604101972,-24.3826346145,-64.2027125263,-21.9702393169,-6.9701127246,-10.6483075961,-40.6848543902,-20.3859356029,9962.7267525832,-9.7855259044,-10.3600916067,-24.2313684045,-14.1481992255,-16.0460527199,-4.8800250883,-26.8596878542,-24.7398452889,-34.821130929,-13.432680744,9976.2793123356,9986.6697342906,-10.0474663332,-26.0900838002,-6.5757932634,-5.8608847263,-49.9000477598,-6.5007374957,-13.9955884525,-6.6410400511,-20.6958659964,-13.4841750118,-9.4017308611,-24.0784622496,-38.5879652984,-34.3551986251,-15.7056788125,-4.2767287033,-12.2482569592,9980.0535887939,-24.3857936662,-14.0769508151,-46.2751501365,-5.6374647795,-11.0199881464,-22.3062918258,-20.4267424174,-11.2816830629,9978.7681559156,-13.9935917477,9933.9086637039,9970.2921883002,-15.8487433803,-38.3647563387,9939.1078489103,-11.9072807797,-11.2797880156,-24.6938328484,-10.2038230854,-33.4692102755,-12.427716794,9985.4740687319,-18.5368335446,-5.7969767473,9986.3378401447,9974.9091508922,9985.4247725655,9986.4201788019,-9.432412215,-21.7948189252,9954.9631539879,-21.6414390084,-31.1894011612,9994.5967557863,-12.2846694888,-29.8834238979,-13.5029931391,9968.1489683692,-21.6430885436,9989.6023948949,-11.8680717126,-21.7198839955,9992.6428526217,9970.7004712684,-12.3882852315,9952.6509641149,-13.5128136275,9995.7226038104,-9.7818086961,-13.7204344799,-5.6414773697,9973.8723643401,9958.7469267817,-24.2841995631,-65.5043146853,-81.0661367695,-17.1387259067,-3.6300687242,9958.9840052632,-44.2541089729,-4.7372060327,9992.3215519441,9991.7929449765,-3.0898440422,-36.0591128186,-8.2659376744,-26.9806563232,9984.0929513061,-32.5146396245,-22.4776382493,-17.662869539,9984.2948620816,9979.7635544797,9986.5152303883,-63.8560761395,-14.4750373543,-7.8682999622,9981.5400482201,-15.544321667,-29.8638270366,-17.0058500956,9981.3992642306,9973.0852368522,-18.6738888175,9990.7058936357,9974.5799132651,-9.8294840983,9989.10419308,9989.5931440716,-16.816585117,-12.243855002,9991.2949292138,-70.0707727305,-6.283658669,-8.9324841424,9977.0840016188,-33.3595526307,9988.1108756155,9986.8913301583,9979.8127010371,9988.2741987767,9984.528651083,9988.0183175125,-37.0598493552,9952.5779875287,9985.0863263126,9988.7789968141,9989.2339347743,9959.3850264405,-27.2453971256,-13.0338288972,9954.4616358402,9974.093517135,9994.2832232684,9978.3404659745,9995.1619901066,9984.8982754685,-38.6432880223,9986.9874731231,9960.6804639414,9982.2973325482,-4.9397190803,9978.9882998088,9962.5714814552,9975.1638314482,-5.7808650086,-10.3980999657,9980.096029799,9984.3102430379,9969.0707055983,-16.6601919215,9990.5129613184,9990.1945492453,9990.3843915613,9931.7492284587,9981.5559106105,9964.4743199983,9996.6959408009,9994.4675837571,9949.5642350089,9985.8614678178,9977.2382945341,-45.7259853575,9972.6746311083,9987.3310559519,-13.6818852269,9987.9934881723,9964.8842390752,9984.0387851749,9992.1666049689,9992.9946255843,-15.3665401384,9993.683143477,9993.5633814703,9987.5420602694,9993.9649339515,9982.9850582804,9989.4583214254,9994.8809611036,9984.7180867694,-16.6949299811,9989.5474557838,-20.1111940141,-13.9785522068,9996.7144884811,-24.6164658134,9987.5491014829,9984.4602298992,-5.0284985969,-30.2843587624,-7.5790213653,9994.9297067855,-10.0702874603,9976.9222973038,9988.9797375705,9995.0212003629,9983.0960048642,9988.8684035377,9990.6972470025,9995.6770286885,9992.5537336077,9993.0819550444,-9.2401684828,9992.2772120554,9983.3436537971,-40.5675302431,9981.3322969393,9989.2948218023,9949.2267823131,9993.7511350145,9983.9495913564,9986.8392585531,9985.2119173161,9991.5329072674,9993.1971750751,9969.7294263646,9986.1019988146,-32.1609716146,9962.1611615029,