{"seed":{"0":773370613},"min_epsilon":{"0":0.5},"cost":{"0":87434.6000000007},"time":{"0":16.7263114452},"rewards":{"0":[-22.8013039,-4.3441870189,-4.7493416245,-24.9587347682,-52.7882073581,-30.0465859417,-15.5786492609,-20.3492775611,-9.5536319503,-26.9742116277,-7.5807399508,-9.7849370587,-17.2311881065,-27.2011550582,-17.1215227895,-13.8270155497,-14.2976068314,-33.5371692059,-10.3877500916,-20.0186800266,-138.412794255,-31.8831783857,-32.7164065452,-6.9020176117,-28.1137814826,-45.7004674322,-7.817511542,-19.9895081892,-28.2651435959,-24.4076845322,-5.4704742797,-17.5588222319,-49.8171106665,-10.4135864155,-5.7119163571,-7.0885646934,-24.4306380057,-21.0759265688,-26.9325953901,-8.8833586837,-10.4602989495,-9.834858514,-11.683891522,-4.5241743213,-8.3384404988,-31.1396369872,-3.6949146366,-80.2146448033,-16.186644903,-18.4010441941,-6.6018194756,-34.6190513638,-5.2635343401,-30.2253533554,-6.6722814797,-13.6363216133,-6.9608734097,-31.8386601171,-12.5898469193,-5.5115400329,-34.687810127,-50.5015795258,-16.5078189885,-5.7087419609,-23.7147723546,-19.9467890647,-11.5690301692,-9.2974629766,-11.7120103422,-22.4420447331,-14.2782228752,-6.1667142986,-35.7795837417,-8.611758884,-7.2802483509,-22.3695917784,-44.2659683635,-16.2943250236,-21.572971791,9976.1299641897,-6.1509516475,-35.9942995134,-60.0833437228,-20.6458294572,-24.4375353643,-5.164065452,-3.9610882329,-6.6688922604,-26.2603196646,-7.9396116687,-25.7152576248,-21.5961055626,-75.1317786784,-9.9812681856,-29.0458436509,-25.9432847616,-43.313116298,-21.6135043224,-36.958222645,-10.5891871052,-43.1498353342,-8.2173818808,-4.7228934381,-39.0638063216,-49.1534432128,-15.1323694422,-5.9201452358,-27.5216271322,-28.8360477138,-18.1582460454,-4.4732976701,-31.2625714719,-19.2965960116,-31.9162726643,-46.8100426002,-63.9087385084,-18.8099313525,-37.8948785769,-6.6646821096,-26.3295368451,-21.262665457,-22.7596531373,-10.0663726914,-9.7599389288,-4.8490310899,-51.7866613984,-15.7711404234,-15.1570683541,-28.594981577,-51.5617357713,-5.1517476441,-23.2479001993,-42.8843196339,-11.2193248798,-8.1610924526,9957.9081151376,-8.6765760253,-7.1167468098,-4.9424657482,-18.1768857927,-14.1013447548,-12.5854066008,-73.8078425806,-74.5369678091,-59.3853218224,-20.3334381875,-27.1571585031,-23.4118313868,-23.6198569508,-58.8705786224,-26.8620183022,-75.3036851766,-12.3901706885,-25.2358911997,-12.1147635315,-17.9824669757,-39.5481616314,-5.3128688677,-31.7843405408,-13.3182586279,-63.0775434969,-25.9652734488,-35.7414545448,-31.6719362282,-14.6313327285,-26.0866581377,-25.7686431039,-14.6810182619,-18.3838103879,-52.1110348148,-5.8668172986,-82.7527634509,-16.6168762791,-66.1362113246,-19.0488569297,-10.3268189482,-46.6928009299,-12.880435554,-15.4350668158,-34.1808542674,-25.4735259198,-20.3194113845,-24.4493947549,-22.0883556244,-46.041269068,-53.9007612797,-11.2031747798,-7.4026879751,-15.6737181098,-14.3919966856,-51.9177610821,-42.500808464,-41.7777270556,-24.303815605,9958.6120216588,-52.0704696764,-20.8844577345,-12.2421440888,-36.4875124434,-6.3525382702,-31.0081153294,-63.6999572272,-12.1503167683,-13.1351832423,-8.7325834981,-13.7270287844,-108.9592603177,-42.0691519663,-6.781954469,-7.7456992207,-12.9472244653,-9.8729627761,-17.310962312,-41.5291401894,-12.0889847495,-71.1244535915,-39.0961966706,-22.6450948387,-37.7959966165,-23.8772151243,-15.9973338909,-13.4130397672,-16.8267757917,-36.8183056205,-10.4925588702,-4.0069779173,-34.8125437558,-8.1339345825,-38.6368279823,-20.6132319573,-25.3681724109,-5.4602183908,-17.5841675314,-11.930917084,-16.917607637,-4.4024041016,-15.4614401976,-34.164872957,-45.3401303133,-70.606585865,-26.8711789765,-23.6037912456,-12.2333401744,9973.5522298455,-19.1412500791,-24.8765131128,-10.9613337451,-36.5069654499,-4.4943292434,-4.8450645333,-11.9354513876,-84.9912306108,-16.2983606306,-3.4476608249,-15.802441312,-40.5378673812,-26.1457460215,-3.211046515,-36.4703380972,-5.1149860269,-3.9285156677,-20.6457815056,-8.8829367096,-38.7905627408,-19.7864389029,-37.9894026956,-9.8767701334,-12.2093586185,-4.8783602086,-21.535019056,-15.1458476789,-4.4015045295,-24.3708289298,-6.4918530226,-40.2432546479,-25.1950863033,-6.5868931005,-2.6107020307,-22.6125874877,-45.9445468478,-9.9850103288,-30.9435053389,-27.8763328148,-18.3600820164,-37.1405672483,-12.2928615407,-35.6854432359,-57.2288730031,-20.347359497,-26.2629992002,9965.1320107642,-21.8660289743,-3.3843589542,-15.7099234884,-24.281356992,-45.6749341624,-8.5056803469,-8.7874478047,-64.4256702196,-58.5621289745,-22.2709169689,-5.2075594744,-85.5804292244,-37.6763132506,-39.0326818948,-14.9095882108,-20.1298970575,-8.8401331904,-41.7173598231,-47.6091790877,-21.7043457579,-40.0649514058,-4.1370667812,-9.7554525768,-27.5822072698,-15.234851609,-38.2996802587,9958.7891567998,-86.26568449,-16.240415913,-25.2186151961,-10.5905124876,-15.2885478145,-47.9147593117,-42.4598865657,-5.5753003209,-12.6824107765,-7.9404613711,-14.0279749654,-18.6064592728,-75.7466563347,-6.3557260928,-10.0301788211,-81.2425507184,-56.9726579957,-22.6402651532,-10.6037202772,-34.3658918327,-11.1353040803,-16.02135189,-32.5541364012,-41.8813849958,-27.9585256992,-29.7325432188,-9.230664475,-54.0124635808,-42.0780057504,-43.2628495912,-19.0467700759,-31.0925504307,-43.9986074854,9981.7892929824,-86.4682838505,-21.2288250515,-53.2803231554,-13.2277739523,-31.4886191664,-8.8286497404,-17.3153259079,-30.7487489427,-52.9576568161,-8.4793740973,-17.8720459415,-24.1386089048,-3.865482326,9973.9801614626,-33.5643980443,-20.4149117978,-5.2448562315,-35.3930477847,9980.5105388034,-7.634008428,-15.422752844,-11.1428094653,-17.3479751956,-54.6041115623,-11.4683413924,-132.456846434,-21.1974877196,-18.0059977866,9988.2080984504,-26.4825005419,-11.4091998028,-28.4211800314,-49.3329797702,-7.3483683987,-9.1628743342,-15.9505580608,-45.3482897581,-13.1495706413,-3.4500622412,-25.6714682206,-19.7968923525,-36.1112458018,-82.7555619065,-72.9713441218,9968.7387500743,-21.4632700308,-11.4571878494,-20.4978699898,-27.6812139044,-23.8450971404,-18.4237195483,-35.0005850096,-42.8354147526,-20.0110000978,-6.5279663341,-11.9598817705,-35.6794090061,-30.3389238509,-3.2783763203,9978.8378142508,-11.1082440315,9993.068693549,-18.8475541805,-92.836264455,-33.5099231048,-56.5416920011,-62.6972776916,-29.5028090049,-32.4398485497,-9.9385087819,-21.9890133286,-5.4123684448,-30.9820967894,-53.7324511517,-15.8895022432,-8.0335104985,-19.6908809477,-9.42681914,-12.6474483034,-37.5735663909,9921.7821175044,9966.5707008031,-43.3616375664,-12.7457855336,-27.6183224995,-28.9036307036,9948.0804225112,-18.005892293,-17.5216463128,-18.5777228359,-49.7600214056,-24.2259364469,-17.3824792513,-14.7493761496,-17.6019844292,-24.9406224885,-13.2130393836,-9.5400347937,-9.5988810014,-17.9841663806,-16.536125779,-16.3034300741,-27.5259600391,9966.1088789107,-17.4753730155,-13.8618993822,9978.3330027869,-29.4725304445,-63.1620725834,-7.6977246005,9910.1176521361,-12.2782535642,-34.6578864084,9977.9139882499,-13.3566505997,-31.1793735219,-3.146509411,-6.8479531379,-31.8917214434,-20.5756072112,-37.1150052075,-24.9504659937,9935.7836538738,-12.1190043713,9979.0806680234,-40.0286424517,-22.8493245537,-13.9615044528,-28.5922540898,-12.123421673,9976.2206119008,9979.0793963469,-12.6251968413,9971.1653141118,9978.7064306936,-67.4460132078,-3.9240964479,-22.4519822234,-18.3928080267,-33.7462708038,-17.2031479269,-17.6487065534,-49.5382874373,-49.6571287731,-19.0724874798,-16.3556704689,-12.0605417764,-15.9329943475,-12.4542647197,9990.7619855033,-8.0049121623,9930.310515403,-17.9018929375,-5.4398159426,-46.4860834857,-6.3764987274,9981.6789755236,-38.7368377644,-28.7727650237,-18.548207665,-40.1260494208,-22.971979001,9994.6128579347,9979.1219639442,9986.7585061349,-6.3938073381,-18.6382665304,-9.9517415063,-16.1852811594,9947.616364156,-32.4024827422,-21.2807144405,-6.0989701914,9979.5878559687,-24.5601495323,-25.6541231666,-18.5878885758,-33.2110215801,-21.0173239553,-24.9048755272,-79.5092134211,