{"seed":{"0":1822174485},"min_epsilon":{"0":0.3},"cost":{"0":1719.062},"time":{"0":23.8577647209},"rewards":{"0":[-64.1943938821,-44.1186725462,-51.5088298083,-52.5281063528,-12.4103544774,-33.3684793012,-13.5701253839,-13.8786249015,-23.2070895487,-60.1016976786,-35.5274925723,-4.5766909174,-36.5109626956,-42.3265791902,-69.2497050976,-54.3262588734,-37.3354540729,-40.5102415035,-35.6544530736,-17.9662938589,-8.7131343278,-6.1425275098,-15.5408614793,9924.7333833309,-5.9390688566,-12.7009853095,-16.5061982243,-34.0008842276,-55.6599214745,-34.1874696706,-11.3764603661,-8.3185731905,-70.7886063154,-22.578173581,-51.6176300783,-49.9259320353,-29.4836341178,-15.2885171254,-5.7673138854,-7.6211900054,-76.3342054132,-38.3615570077,-67.0206095991,-20.2630567421,-9.1331788652,-26.0240314256,-43.5608093463,-11.7481255718,-118.4430478806,-39.2437706072,-14.3641252956,-22.8605126218,-34.4169296013,-24.5841099895,-47.6208294093,-31.7303393631,-9.2998317858,-47.4209460276,-26.7023087738,-47.858575377,-2.6107020307,-49.3235064514,-11.5277956264,-23.9991963311,-38.5292207481,-52.0094618104,-24.7013650862,9981.5739154786,-17.795112389,-23.6280796917,-11.5980792506,-65.1210183386,-18.2328587403,-10.6284287794,-34.7483039518,-56.5433146834,-77.2893668278,-14.4343168527,-77.6730640499,-13.327052952,-11.4439397805,-11.0850565541,-33.1834110469,-32.2555302584,-91.0223761362,-25.3962758867,-17.7634988559,-23.3316524698,-10.5387650352,-14.3261898231,-55.5443907173,-21.4757777271,-27.189815463,-25.0478672086,-12.9509551,-14.0052190525,-6.2316503599,-20.5321764849,-37.7437773204,-45.9195602263,-77.1245629211,-52.0587675671,-32.7748691401,-43.4569442553,-55.152700922,-17.9501591034,-11.1719928111,-8.2270987937,-40.700369611,-35.9067955094,-22.7408004849,-8.2875926185,-20.5073720795,-53.6815649102,-47.3768823402,-16.8674656043,-17.9439023782,-28.4520340111,-8.8122291933,-41.4797385295,-16.1486096912,-2.6819619494,-22.6951428862,-36.9514307799,-3.146509411,-12.5029240888,-28.5487082797,-21.501286062,-6.1297877278,-11.6138495739,-4.2534875201,-70.8421529119,-14.446168571,-31.9941748392,-18.8903212566,-33.7811105208,-49.2033263068,-74.4131989665,-5.5779453313,-10.5846010139,-15.8975159151,-5.7430791451,-58.0615084807,-22.5815263571,-3.7170490967,-15.1937072152,-34.2199175616,-30.1803018649,-18.7249112416,-21.4490648478,-7.5622862557,-15.2938129005,-29.6215295027,-26.6616074528,-15.8640015805,-15.234343322,-9.1219409275,-25.6568544899,-25.743794583,-31.4649176479,-37.8719807273,-42.2561919905,-9.4115782024,-48.4259176498,-33.8037877931,-17.2317673618,-18.6652364302,-30.7381957538,-24.7640934558,-26.0709415201,-45.5544989153,-26.8057998423,9974.4922443077,-28.9383994522,-3.3001693651,-5.2858759511,-24.3109316229,-9.0179415719,-16.37155204,-13.9250784968,-41.768735171,-11.4798881385,-26.7392813781,-4.1134477395,-11.459209489,-31.7695388398,-45.2912983184,-32.5982211873,-25.0291488207,-3.9036307036,-12.6950815081,9987.537980547,-43.0545171369,-7.9578850658,-12.3026475039,-14.5534880955,-33.0566461881,-12.1893455373,-13.2526148009,-4.0261911658,-35.8842352391,-21.2877537359,-21.6713703993,-9.4241396044,-41.4559698787,-51.1917968233,-30.5130725661,-30.0022690699,-22.1539150566,-12.1797897418,-5.431155883,-50.3024326807,-12.1940102693,-4.2680609714,-8.4596717425,-22.550900627,-27.8446463953,-61.8026005114,-26.8164335899,-14.9734520743,-13.5868643296,-27.1543389488,-36.2839463786,-11.8818165602,-15.994915212,-19.9308230989,-13.315538813,-24.8343329644,-4.0072637089,-15.2923570898,-7.4505264127,-3.7868493687,-11.6672005279,9953.7057382725,-16.9803053174,-19.4542071778,-26.4889759264,-7.5971873508,-35.7071864109,-8.2317385909,-16.8478035289,-24.5202576344,-11.3523215289,-14.0767148932,-11.1232759001,-21.7443738384,-33.0494515296,-18.889555949,9980.0034179903,-38.5323222578,9968.4702115049,-17.919523783,-22.9584470586,-39.2466266047,-77.7744452479,-12.8016433974,-64.6239539358,-61.6088395904,-4.3385402381,-25.7502527049,-13.1665627715,-23.6480735923,-48.6082258099,-14.0821161618,-48.6698781454,9973.7974121479,-21.6860052286,-11.89419191,-8.960852311,-13.5748112145,-36.1686649698,-28.9168768545,-64.4816182324,-31.7146284997,9980.2560922512,-30.3825847449,-22.903553981,-17.8990311858,9970.1001171937,-52.8552053384,-35.8084256721,-18.2700442497,-16.4051028178,-6.2352678289,-3.5341194839,-20.7936872673,-7.0405670565,-19.1644797539,-15.8077159884,-4.0972228349,-10.5248609883,-54.2146735743,-5.1174680019,-21.281355074,-9.0965898738,-12.2365126525,-25.5060946488,-37.1794214735,-11.3605078267,9984.5721451054,-59.0758920437,-6.8100004028,-12.4505014779,-59.4974691144,-41.1720848782,-15.6861855267,-22.2860926924,9925.1493232111,-54.4457657775,9968.7755270361,-6.2246724426,-17.9106086209,-52.0756868108,-5.6603607111,-42.3268956707,9962.2314604716,-4.4165095452,-22.654433893,-21.1222152106,-31.5074315395,-65.3902627556,-35.8579788591,-18.7132225587,9960.4908594654,-38.0827625494,-34.564775903,-49.4908997447,9987.299181562,-32.3542932989,-28.6749782779,-14.0583973807,-8.3119079176,-20.5067736435,-22.3171001172,-69.4103026897,-29.189245798,-19.4957908083,-22.2739743632,-38.0488818645,-10.3415477627,-12.8335887555,-33.4088871584,-51.5171139273,-36.5281466322,-26.3746190245,9970.451849877,-17.6229680508,-28.4530793561,-47.4448451067,-52.2883598442,-14.8452275687,-66.469676365,-66.5234224402,-23.0796495313,-14.6962937247,-25.8704616205,-8.5335632453,9963.6168283275,-47.1139598626,-67.6246156679,-9.8747350674,9958.0913420503,-14.6384027129,-31.9843505147,-14.782731285,-34.7247712229,-9.82923475,-36.7404111179,-28.3333595469,-40.2957041118,-38.7220609983,9945.9167464262,-19.7459677497,-22.8519139403,-24.2129760875,-68.8210637967,9972.7013382333,-24.7143484624,-49.7108268966,-29.7168400277,-49.7727918766,-64.8322940622,-29.845505688,-35.0279078332,-5.8989506271,-22.0471038191,-66.1984889491,-36.9446465871,-12.0279883919,9978.5908807559,-24.7527922219,-16.5475401786,-53.2763048111,-32.5560026776,9952.2544005186,-25.0781802942,-24.4689781897,-11.7912513259,-45.3381719698,-7.6504213028,-51.552784166,-41.886356618,-6.689006999,-52.8025717404,-27.0649763407,-48.186884661,-29.7325393827,-36.8745355887,-13.1566674786,-7.5776537856,-7.9618017527,-54.5657713783,-56.7201544425,-56.2199635951,-7.345894096,-50.1878532834,9943.0052612499,-9.2646257186,-14.0286386156,-8.8201834053,-35.494496115,-59.3147255538,-31.5401901569,-20.9235555539,-11.5703018458,-11.3865282847,-57.9166677855,-41.9430028061,-41.0122545118,9911.4291802769,-20.1065388724,-13.5695077672,-4.5764818484,-35.9880638869,9979.0129526871,-45.7064460381,-24.6871714116,-18.1661561419,-22.345834636,-20.4115129882,-58.6166902269,-19.8386083294,9954.0492443786,-51.9293212546,-30.2668487549,9978.3631068036,-33.5921351698,-39.2421038095,-23.3451038536,-16.5676645076,-8.2517670166,9982.1080176999,9978.0151757234,-31.6560047875,-23.0258228975,-28.8256000184,-14.1960625979,-18.5935200121,-19.8656990672,-47.0901202434,-39.9243112711,-63.1608565307,9981.8762829451,-19.3995538583,-14.1828682347,-10.0024263511,-30.357945293,-33.8042979981,-38.8151293063,-42.0219253911,9973.6548443587,-5.7749094194,-19.6422810386,-34.4854888858,9990.0915607096,9958.6483306129,9981.1651357318,-21.0146290752,-12.4924073431,-7.0417850272,9984.0663343301,-38.2081790091,9992.5621021216,9954.6288852787,-33.0023707273,9919.3160586084,-17.4725496251,-58.6410131982,9984.2516672773,9911.5253385863,9965.8909810706,-22.2918603112,9986.9114237982,-16.1751883059,9968.1926657064,9939.6962208382,-38.5266428699,-7.5771781057,-14.7425593497,9990.3748760451,9944.1117176456,-20.7106427625,-26.1307160709,9987.7346224003,9979.1776242474,-15.8426554447,9989.5390834339,-12.9302917951,9984.1926311812,-5.6301492829,-3.3389871471,9983.081822698,-3.3788080766,9981.9142951402,9934.0025663698,9956.8783659628,9962.4737081359,-25.4012628534,-19.9295917017,-9.869130484,-83.5604660129,-17.2165302603,-20.6852514294,9949.7934513454,9983.9438179834,-8.8715951964,9990.1355189035,9957.9167521804,-37.3504782693,-38.8399605646,