{"seed":{"0":1695858027},"min_epsilon":{"0":0.3},"cost":{"0":64604.1609999996},"time":{"0":10.1219358444},"rewards":{"0":[-3.313325367,-38.6314343859,-28.1099261737,-5.8202582098,-33.7850387161,-21.3586242877,-22.052604827,-56.9169996106,-9.8347779553,-27.6329112953,-43.8896652786,-13.4347906145,-9.6006820636,-16.660744324,-19.1297896459,-32.3268189482,-19.8436701006,-10.3340308693,-18.9499577067,-5.2679017721,-3.3547421259,-17.0012179707,-35.9795764531,-15.1093603448,-5.0416565169,-25.6828480951,-68.2673359432,-17.039178378,-21.5182992909,-114.6958487338,-47.1081251115,-10.4245328075,-21.0648900278,-25.6314132872,-18.9016167363,-21.015191068,-19.9773725974,-16.7635122823,-61.526556557,-51.1913153892,-44.2845467327,-8.6321440696,-41.3361388218,-41.9192686805,-9.9060628089,-8.7792135553,-14.6105217326,-37.2983222693,-13.8473527838,-7.4178905514,-35.9736438807,-16.3851050811,-17.8449513675,-25.4515871022,-34.9267932461,-18.7448552725,-4.743075309,-24.390632942,-15.6688634895,-3.4540326339,-10.1646888229,-15.8885240305,-42.0260223761,-10.223187861,-38.0756657121,-26.7632648521,-8.2180474491,-20.109905075,-5.7799731087,-8.9013482073,-7.5367280511,-3.6489865908,-14.2694688305,-20.8033504744,-15.851307832,-8.7526387767,-8.7733692139,-20.7457836155,-9.422992602,-8.7637501223,-24.4154642003,-7.8341871916,-9.5859724297,-10.6003885998,-27.6269020003,-35.1158203848,-18.1954142923,-12.0966646783,-15.1240028464,-6.8994704225,-8.8398397266,-11.7018215855,-5.9320391515,-16.5742338772,-11.5699738568,-4.7439000765,-54.0501650494,-5.290686456,-10.1600912231,-15.495754365,-7.2823236963,-17.313237136,-4.9725179771,-6.9715781256,-4.5576157696,-25.0090781976,-4.0634457255,-24.8107004962,-11.7844997401,-18.310695701,-6.9791218719,-15.7343423629,-14.1600451896,-5.1905941971,-15.4103237884,-5.1754990323,-5.8418153326,-13.2163365359,-7.7432632792,-22.342633387,-6.1946604931,-24.2632274498,-15.4222253764,-28.0459894238,-14.0209452604,-14.1123026552,-10.2624410435,-33.4455989059,-25.6752007734,-28.2567808362,-8.4646107577,-9.7791636857,-10.6397434397,-29.9961849704,-23.7365327922,-16.1292775228,-49.7148912745,-6.8876014416,-31.9674888129,-20.9656839145,-5.1160467164,-28.4804654758,-10.0840035369,-10.237245353,-43.4784246556,-13.6759852616,-12.0582822968,-18.7101459839,-5.3135325179,-5.790179128,-8.0902391634,-5.315241513,-13.2369001015,-10.3552216419,-11.5662508943,-18.4786375607,-17.6764436789,-9.6270055758,-9.0457803548,-9.006101362,-6.177762348,-11.0946353664,-16.5735222754,-7.7071729845,-20.0465264818,-10.3066389954,-11.0159122601,-25.5008468253,-7.6667689634,-14.4241760476,-7.6921430339,-14.5164445229,-19.7548675673,-7.7262845755,-10.1329160904,-20.0908375994,-2.7912570801,-26.4756607251,-10.2649172643,-17.3809198652,-14.3163578264,-6.7763671482,-8.3064145819,-10.7949167464,-9.0194836955,-20.1063278854,-27.3326594535,-18.8975542764,-3.1493730807,-9.346879981,-15.3066351593,-4.5606367206,-12.2767536381,-11.9603075808,-6.2083688974,-40.2885132893,-26.4893480308,-9.4343532959,-6.3464043011,-28.5041324692,-7.5179406129,-6.6563807281,-4.3992814932,-5.2257734114,-11.3828993074,-11.1089019275,-3.9365811274,-2.3986216791,-25.5049783355,-10.6932286582,-17.0214382029,-16.9527983597,-5.1410640269,-13.6650081805,-11.4148024682,-11.2223630934,-15.2293275843,-4.663974344,-12.3037542269,-19.671420269,-33.5898469193,-15.3656731734,-12.3428942437,-16.6799134569,-4.3586875838,-4.3187649969,-21.0216587802,-57.4996211823,-6.0626957624,-6.1600164186,-24.3977259432,-6.3276456338,-12.7577791886,-9.5056765108,-8.461958075,-7.614751064,-6.1279885837,-13.043900652,-5.2664478795,-8.4333827555,-17.1291164054,-12.049823634,-6.0491292948,-10.1010110116,-2.9074649138,-8.0042715288,-17.1140480935,-15.3197010122,-7.620133152,-6.4425472659,-5.7379118803,-4.4665173134,-11.8055562482,-11.2161926811,-12.7050554416,-5.2805226341,-7.2840441999,-8.9632364647,-9.9411231033,-3.6871714116,-15.0816673348,-11.3573794641,-5.8288204481,-9.3823353965,-4.6740902142,-26.130359311,-7.3175604526,-19.1762624219,-12.878191419,-4.7221473112,-4.2787733596,-11.7716218575,-12.0054223673,-5.0556200238,-2.9883515965,-6.8475503444,-7.6866343537,-12.5131454526,-12.2088560857,-5.1139905516,-7.8589436454,-16.4408593695,-9.5761059078,-16.8869608082,-3.9452661218,-6.0888274682,-12.0691922457,-12.0728423217,-13.3255760426,-4.6648259645,-8.2963485813,-3.354508122,-4.9550616754,-6.167682921,-4.9080211524,-4.2502402375,-5.9290699882,-14.9062642057,-14.9690002474,-4.6527114714,-7.8564367355,-4.5804138799,-4.2550641688,-7.2807566379,-3.4923536373,-4.6219936742,-8.4111025224,-13.5529548737,-3.333213774,-7.6142792203,-16.0020504106,-4.0572446241,-7.7874151976,-3.2817866384,-3.3060923471,-3.7375474481,-6.898290813,-3.0152486099,-4.2875715198,-11.3705910898,-9.2959361975,-19.6185680117,-5.7768140571,-8.8355221642,-9.2531345963,-5.246992955,-2.8858425768,-6.9564407635,-18.5091788959,-6.8724832601,-9.4618007937,-15.6481061994,-7.427478954,-6.3604733015,-7.9569260337,-21.9255791115,-8.96602533,-6.0355302201,-8.2811671037,-11.2633943214,-8.5614173727,-7.5392445513,-6.2742850895,-7.4614670505,-5.1036157427,-6.230067957,-8.3914059218,-7.4544546081,-6.8386140836,-6.5382586663,-10.7425497594,-5.2978389171,-9.172048435,-8.174532328,-4.7832932778,-2.8604550799,-2.2151607625,-15.8925327845,-3.3944115283,-6.5912490242,-20.9309938066,-7.7321557698,-25.4475841023,-6.1940467125,-15.4380206345,-4.9961542814,-4.1110194703,-4.9622908591,-9.7125991879,-8.8053222444,-7.7638747964,-7.0997144003,-5.7945542323,-8.5468650201,-4.5073183737,-8.5956912607,-16.6469227538,-3.8859116271,-5.6595359436,-5.1851737478,-11.2421383346,-31.7044896127,-3.8753680286,-3.4772431281,-5.4914713278,-10.7570656688,-6.4678484499,-5.5750854977,-8.3230633786,-5.9100274475,-4.1032263757,-3.2817866384,-3.476644692,-9.3231477734,-5.2133712087,-8.007536074,-11.074764222,-3.6368625074,-8.2976893081,-6.1541739953,-2.2033761765,-3.7452388853,-19.6364060081,-3.0820988992,-10.7735782829,-4.0434863501,-9.7106523528,-8.1856801168,-8.0194952039,-9.016238331,-10.7601077185,-2.8229108925,-18.2503054517,-5.8193010958,-4.5811389081,-9.5299438583,-6.9334546829,-7.1753781943,-18.4182012778,-4.8739697598,-4.8016510696,-6.2857742937,-6.1021177346,-6.6719765076,-3.3880473915,-8.050360692,-5.087446462,-6.9194202076,-7.6028245412,-7.4894170811,-4.0251688376,-6.7120563757,-4.3540516228,-3.7332720832,-2.9047297544,-4.2359525778,-5.6330321333,-7.0954505437,-3.9257900986,-7.5930942019,-15.101411887,-5.5840677921,-9.3625102856,-2.8783295196,-3.517315324,-2.6008642797,-9.1868980875,-7.3973768555,-4.9673449581,-8.1470982567,-12.3860641132,-9.7256094169,-6.928015053,-5.3731766403,-7.4497841219,-6.1008076968,-5.0669155035,-8.3689338824,-7.8716642467,-6.9512408916,-6.4325426434,-9.0572484603,-6.9447712613,-6.270621587,-4.0297549289,-3.2247760181,-5.937018446,-7.8657566092,-3.4177121715,-8.169357391,-3.0219426537,-3.9180449556,-4.9987916196,-8.6223485161,-4.206351094,-3.2826344227,-6.1509746643,-4.9812931205,-4.1373238018,-6.9079559382,-16.7158081092,-12.6139991829,-5.9444451904,-3.0559403405,-5.3212277912,-3.8081456348,-5.0774744466,-5.6957796835,-9.7381401299,-6.5992377613,-8.5995523238,-4.0589095038,-11.9305986854,-5.535320192,-6.1859083664,-5.5594206679,-2.6213549589,-4.2387587056,-9.359679223,-4.2933775,-6.9329521501,-4.31598764,-4.9350984638,-12.0622469354,-8.0823367392,-2.9375823569,-5.4975400827,-2.744032423,-9.3513164633,-3.4925780508,-7.6281007904,-4.5744697991,-4.2304055363,-4.4051488514,-5.4473136553,-3.5582314681,-7.2964464026,-5.6350115755,-5.052785125,-3.223009481,-7.3068710812,-8.8692954375,-7.4346659404,-3.6736567317,-5.5891583343,-4.709819913,-7.0989164856,-7.1409240082,-5.3301774785,-5.1988552993,-3.8439865812,-4.7146419262,-3.463154947,-4.3160029845,-4.915785476,-2.3211472325,-5.2648846572,-3.050840208,-6.0016303545,-3.9557521784,-8.329356547,-2.2702935981,-3.8123557856,-3.6456050437,-2.3250888543,-9.9827048157,-3.3676852227,-5.0341204429,-4.5370886472,-5.1510168617,-2.5930884477,-3.3360410005,