{"seed":{"0":358485174},"min_epsilon":{"0":0.7},"cost":{"0":1719.062},"time":{"0":16.0923023224},"rewards":{"0":[-5.4433624432,-12.0281667718,-67.8993131412,-36.4821246013,-5.2386723927,-18.7787052683,-13.5730216607,-11.1264502962,-11.239727328,-25.3755780566,-24.3213332847,-86.9186913432,-20.1621742408,-16.3202572508,-29.3985737275,-29.1224856577,-27.6064228296,-16.8221705197,-45.0144526133,-27.8980644815,-11.9225025366,-128.8092197507,-35.3939607833,-24.5257375436,-27.8484479984,-49.6216426685,-7.0600910313,-26.7154571035,-51.5401901569,-7.6692816274,-77.3895204648,9990.6609054414,-7.3086050111,-30.4207964186,-13.4235469226,-36.0429109309,-12.6945118431,-27.5582199598,-59.3022964982,-12.8171049124,-50.7063117737,-59.7769540758,-14.9815463049,-73.5652285661,-4.464532117,-29.3546711575,-22.3631029674,-5.916263074,-80.390153426,-16.2928768852,-26.8059456152,-23.7521630968,-58.7328021574,-9.6284402878,-27.7207452063,-25.4802602429,-16.6714778109,-15.2290015134,-21.9228190172,-13.9607966871,-23.4622381123,-14.8910616293,-32.0928074513,-27.4203169026,-13.7257743704,-13.524252962,-16.4183067713,-29.9061721386,-22.5587781164,-16.797803433,-14.0937684014,-10.8632918968,-18.4184870694,-14.7142870843,-21.3393976128,-31.6532657919,-65.0385530891,-21.6936295336,-29.8968522649,-17.2698620336,-5.3573353486,-12.6478683594,-6.3636265989,-26.0676961556,-32.3227411438,-14.1557448898,-61.3219662459,-11.0836563673,-31.7838802054,-74.4207427128,-14.8018563025,-29.4485930041,-18.4144572166,-5.1415876584,-27.4869178436,-45.6500511164,-42.9164548804,-26.7027269118,-60.4995060985,-37.3092629071,-8.7320138331,-15.7136675496,-57.1212849495,-28.135983075,-35.888002317,-4.5530392685,-71.8549924332,-28.2428250016,-6.2229289223,-64.6078287706,-14.2810520198,-29.554757854,-23.6268981642,-13.3856325488,-12.1701131082,-15.3605653686,-18.4924226876,-106.8287168726,-42.2631277105,-15.2405808665,-43.6130056257,-20.1610713539,-15.6771725433,-12.7793209669,-10.7080936552,-3.9130253817,-36.0568993726,-7.3000351006,-50.8830038419,-10.6521955121,-18.3302925623,-22.9134320113,-22.1398518104,-22.6995832047,-9.9113605021,-8.1650801079,-8.8608559553,-67.8486915925,-36.3796558609,-10.0847324013,-4.2934849115,-5.4163465098,-31.6152497607,-44.9119455116,-32.9989278021,-5.6979355876,-10.6489712463,-11.544948874,-16.6415502562,-16.6479278194,-20.214366684,-29.0792620824,-5.7117187965,-5.8687622157,-40.3027223084,-10.8088323017,-29.9353075328,-9.8574187844,-28.1598246122,-64.1854921465,9990.8813600609,-68.3035739289,-11.2353234527,-67.3563571359,-9.2519147075,-26.6091848419,-23.7747387117,-45.7788855664,-12.042945456,-20.4775538544,-12.3864975957,-36.6562924971,-25.9409869207,-4.4639183365,-13.0394085457,-20.2324444385,-40.6332872359,-10.2902337928,-24.7381880815,-17.494438573,-32.7623998051,-25.4629631406,-13.5671715651,-18.4905947725,-7.0065290903,-20.252557259,-36.7985131167,-45.6509161633,-15.1729422528,-13.5444655218,-44.1697621025,-25.0640767686,-14.8839724643,-24.783719088,-4.1494478852,-21.9853498261,-11.7706666616,-10.9317207529,-40.1582517996,-40.2170941712,-31.1052710321,-26.8502337161,-28.3234374011,-7.2500350047,-21.2427693777,-3.4343456236,-27.6172119403,-20.3407421757,-13.0318667176,-14.3694383333,-4.9116520478,-18.1557525621,-30.1379989604,-37.1469601561,-9.4891696509,-3.9368496564,-27.5675686044,-34.8507036418,-33.4684737388,-52.4160664724,-15.5485567526,-15.1310459779,-64.0564697262,-10.5798231161,-9.5568542981,-5.1418274164,-14.1469217948,-47.2712296134,-13.1296477092,-4.7011425908,-23.3796731235,-14.6064803715,-43.1117694333,-14.3235256321,-25.7456646955,-7.0440464248,-8.7562082941,-20.8523455047,-15.6939613587,-20.1595215581,-18.5182858644,-48.6335653552,-28.0901451783,-35.9201049565,-22.6650139347,-9.389647057,-11.5434182588,-32.3592821837,-10.5010961737,-7.8539739412,-21.4963010133,-12.1693976703,-31.0069817535,-9.8543019301,-12.8932213695,-31.7566686295,-9.651654618,-18.8838535443,-4.3764124145,-17.9235382913,-86.4046137115,-16.2366239002,-4.2703108607,-14.9529901661,-34.4212951153,-5.9128182308,-6.1841686822,-17.7451679169,-19.1104382968,-11.1811151241,-23.3965635963,-12.9724220738,-8.5924036988,-22.5170026795,-47.399394659,-10.0041756256,-5.7154762841,-14.0185591886,-17.0943380665,-4.396793764,-12.0555893348,-24.7417633531,-43.1924738999,-16.3046518809,-37.3854637591,-70.4459575839,-60.8713765371,-37.6447630136,-9.9317034903,-5.4045331528,-8.973202726,-32.3370326397,-12.7624132316,-29.3762743139,-35.2264773409,-8.9005234397,-18.5171887318,-10.3069708205,-10.8872868791,-11.4516101189,-27.6532619558,-8.5708101327,-16.0373025113,-21.731114261,-14.5383257985,-7.5168281357,-21.2246379174,-30.5146875761,-65.824360949,-13.4949660407,-76.9647728341,-3.1479824842,-18.770799008,-15.1226275944,-13.629823212,-10.0406667958,-4.6286838819,-7.9178991827,-32.7326487123,-18.7904303944,-32.1293849344,-4.9231949578,-7.2739571006,-29.4803849171,-24.4534783134,-11.6503944499,-15.3203205469,-10.8871526146,-15.3047401119,-32.6842003303,-8.7179141436,-50.013366989,-11.2517650985,-56.6375146492,-28.1259899609,-73.3566697803,-24.4478027616,-20.2400092834,-17.1053324101,-12.5840102501,-39.564447914,-11.8796299671,-32.6674786472,-6.6283405485,-10.7889803379,-7.0265766967,-8.9207436718,-4.1678056771,-26.4539655017,-46.1700287134,-15.7064882356,-8.5827577543,-32.9665259447,-38.2394166016,-7.7805274293,-13.5293396681,-5.9672490549,-36.0214477932,-13.6833870711,-10.6470263293,-8.5279740064,-12.6990269661,-34.4507239733,-28.6646821096,-4.4150211275,-14.4429922568,-26.4062229673,-35.9144658479,-21.5241743213,-36.5285283269,-32.5383795043,-12.5278243974,-22.8608425289,-14.4533900825,-5.5819406589,-6.6475422885,-4.7720419135,-6.0820183405,-52.4424935601,-10.3836224176,-7.7021687551,9980.3403854158,-20.3754457102,-16.634039117,-28.7799961255,-2.3480097207,-13.3728639958,-21.9862570705,-16.7056999112,-10.270500749,-4.5404260788,-23.199353996,-13.9718198017,-35.8753603563,-40.2686287184,-16.4799495166,-6.9949113758,-24.7206569753,-26.301003723,-34.6438020635,-13.4426911207,-17.2925661588,-8.0797032371,-4.3642461337,-4.2136665906,-22.5596105563,-7.7641183906,-20.6174133371,-26.2296613274,-33.9677362432,-23.253543144,-30.7055886635,-25.0169787037,-38.6374551892,-10.3965597602,-6.8640265153,-48.9327967869,-21.8022111443,-29.2009555796,-11.1845599673,-12.1799067437,-21.5324430958,-9.4701577991,-35.4000659814,-26.5679598894,9974.1689430891,-32.0938221072,-19.9770695433,-18.1682756028,-15.5096277229,-42.1310517321,-22.5110259917,-27.0867559589,-52.7948687948,9987.3402626597,-50.0003644322,-43.5855216847,-16.6250472323,-18.7273203301,-32.7458411574,-19.32549932,-28.3378574073,-6.3407325854,-13.7376548597,-55.4687269233,-31.5238827756,-77.5051854864,-28.4979735652,9989.32753055,-33.264548996,-22.4371613418,-8.8617018216,-10.4739536481,-53.9178531492,-2.8345151805,-31.8753085686,-53.6009410023,-28.8311643225,-40.0928860919,-6.5407195426,-18.7090047357,-29.68718292,-5.68072288,-3.9638655897,-38.9595154203,-18.9469521002,-6.1374810831,-7.6791941829,-15.5515431785,-20.5366705092,9994.8006114788,-60.1878302667,-19.6467961616,-28.4059084048,-33.473084765,9974.4995962475,-12.2555647836,-35.6386827503,-12.2798743284,9983.5692891079,-8.4141925238,-7.9840263619,-13.9545687329,-60.7400908012,-61.2965845032,-6.1189238126,-7.1183234585,-20.6548213419,-49.3409397363,-19.4462318671,-2.9047297544,-17.3196588148,-55.5721892209,-15.0976333007,-17.3163865973,-38.6092040226,-25.7414602989,-9.9243035989,-9.4630187644,-21.5081661581,-9.5915290615,-29.9213286814,-18.3849976696,-3.3882890676,-29.8179469425,-7.8483866204,-5.6870237207,-50.7367936489,-22.9750172146,-16.4614555422,-28.3178193912,-18.6861203125,-9.5357939539,-7.2154216193,-17.0438527003,-22.8925692277,-15.9517376702,-22.2493138126,-15.033017556,-15.5668013787,-4.3195437309,-15.0115601725,-16.3047592925,-11.2935827328,-9.0319338498,9990.2153909302,-8.7665754307,-21.9556083236,-25.8954117988,-33.9747275869,-7.7233710361,-8.1147596953,-35.6549632787,-7.4574678868,-17.2143743562,