{"seed":{"0":358485174},"min_epsilon":{"0":0.05},"cost":{"0":1728.732},"time":{"0":16.1719925404},"rewards":{"0":[-5.4433624432,-12.0281667718,-67.8993131412,-36.4821246013,-5.2386723927,-18.7787052683,-13.5730216607,-11.1264502962,-11.239727328,-49.2532266634,-126.0896656622,-10.8123461952,-20.0180873448,-15.9325762095,-14.6177259815,-38.9056523432,-30.7375723829,-16.3294620406,-29.9857411112,-23.5414234721,-46.9570641343,-24.4219952087,-4.6446690284,-20.9003661584,-22.5610644489,-22.6479201472,-17.4376638746,-22.9521174469,-25.0754892502,-52.1156573494,-11.5784900616,-67.714664943,-12.0428476347,-66.9280380697,9976.9869188026,-13.3219144582,-20.4429960929,-43.6325871424,-11.7875648066,-83.1506198224,-14.4976302318,-24.0081095752,-43.7239809805,-27.162747742,-9.0927268926,-5.2719277887,-39.9895196976,9967.6790599184,-28.4778147112,-38.5551702378,-7.8811701726,-47.6627506191,-56.4084325772,-13.5391735829,-14.4703879668,-39.7022608222,-11.4889241386,-33.4249375191,-41.3260306238,-14.153149749,-33.8296030183,-12.7075585153,-21.7720131426,-9.098390936,-15.3189395407,-18.7405242837,-52.0447004847,-22.2249985135,-52.0697235494,-25.5606328844,-22.22154408,-16.7674423957,-16.7244566604,-55.9394543875,-30.1973572912,-4.561457652,-53.6507818988,-8.1800122372,-5.9421665302,-9.470541412,-12.5971087101,-32.0906784001,-12.0428399625,-9.4797308572,-29.2226930004,-83.0880679148,-10.4962741604,-48.1030326512,-9.2637664258,-16.9346496368,-58.0765422674,-32.2043582253,-7.9721017571,-15.6220243633,-81.0501554591,-20.3858454539,-21.1225604622,-9.0935401518,-3.6374110738,-8.6542363324,-23.409861535,-9.5273621439,-13.1293523273,-4.3379245395,-14.3014947474,-39.4300568322,-11.0006981753,-3.9513099419,-31.181021139,-24.0555835806,-23.2944899772,-47.6318467697,-16.0427805025,-30.1642668488,-20.2178422162,-17.0970559634,-8.9631022002,-34.4203801987,-6.5699738568,-3.9205307667,-13.5313056838,-29.1200631427,-13.4072050161,-10.559272977,-19.3631221481,-7.3630703603,-8.9468542789,-11.5265527209,-21.6410036079,-4.1514465081,-16.4624318368,-7.5586304255,-30.0063008407,-11.3074560907,-9.8024585746,-12.1268569258,-30.1849474163,-17.9852232339,-36.9990332957,-37.0471556068,-11.6150675446,-3.8095745926,-64.201895431,-7.8967103282,-3.6270285926,-9.167264783,-45.2928308517,-23.7737183016,-12.7665025443,-7.2018551516,-41.7935414944,-45.5457640513,-54.384742567,-44.572553653,-10.8327122002,-3.1939661538,-7.4340713405,-19.3912850838,-9.9858983925,-6.1441540282,-14.6227877528,-17.0067669303,-4.0952625734,-7.6546659787,-10.8399912536,-21.4140736038,-21.2293007314,-14.4448700416,-19.367276675,-14.1613878345,-11.6589394256,-4.4962645701,-21.563462029,-7.9067034423,-19.0122871189,-9.3818347818,-15.244363289,-24.6570309518,-21.1422762434,-35.5616897378,-10.7463321819,-8.9006442777,-11.8942705506,-3.7345648584,-8.1567115941,-13.8387291674,-31.0010932966,-29.853937498,-31.664183413,-22.4371114721,-4.6089604284,-13.5548691017,-23.1217126778,-17.9246622769,-10.2126346721,-5.2308409369,-15.611939182,-34.2839636412,-16.0358160116,-4.9845787643,-11.4356940227,-5.9143737808,9949.8998885605,-31.1517783332,-11.4556342175,-37.3772122472,-17.8865407521,-43.8332492582,-57.241223418,-15.5632126807,-48.2677732618,-31.4537890398,-21.0178341603,-17.1156669397,-7.3857783217,-11.9244915691,-48.9390113147,-41.0819281915,-24.8076392658,-37.1175504787,-8.0672722634,-30.2911717262,-21.1367790716,-23.2576516374,-10.6175245848,-14.1417430216,-8.4557934168,-24.2105420641,-14.2534625853,-46.985315301,-37.0747181884,-11.6544703362,-31.7721474071,-15.9856931596,-10.0267608308,-53.1359274511,-27.4554750182,-8.5317775276,-52.9157662954,-8.1434194097,-31.6423443347,-23.267928625,-7.2919274435,-20.8239811723,-37.8441553709,-77.0291986903,-78.1816080666,-9.4540709952,-14.945509716,-29.6795144996,-11.7371868521,-20.5692181395,-17.5008276447,-30.5661799259,-41.0149570641,9981.6397472759,-28.1768455134,9979.8942321893,-61.2210837446,-14.0053763338,-110.5197340029,-35.0487188291,-39.3993332809,-26.9554778953,-48.9269140842,-27.7229931774,-15.4000372104,-36.145671217,-18.8345170986,-21.1044769535,-26.509391801,-15.5060006637,-28.5043396201,9983.759643547,-17.1280748966,-21.1520142551,-36.489892761,-63.3399653598,-21.1141478329,-25.5393059293,-16.0132576593,-10.5575946709,-44.4375065933,-20.4571878494,-102.0073730385,9980.1614511306,-32.583588276,-16.9696274544,-23.867634394,-61.4847849562,-18.0081306739,9988.0755563825,-15.554071187,-48.6615192219,-8.9129179702,-26.9238912151,-20.6600442306,-32.0498696675,-24.2295232268,-33.4892214386,-15.8252375043,-38.5456547216,-25.1020717011,-20.989502435,-27.6372307757,-13.6615690915,-84.870925792,-35.0425714335,-31.4663408515,-35.8720996473,-18.744182032,-47.5549189714,-9.2302674357,-12.9207244912,-16.0607374189,-11.6207546048,-21.6522319553,-35.1207709083,-23.4982727832,9971.9370951686,-9.6802989878,-31.7220475718,-18.7981601929,-34.2767076045,-20.9177092944,9985.3943232974,-7.3224284994,-3.9778175883,-14.0769373886,-44.0956672849,9953.7107597644,9988.5607786573,-18.4596966773,-39.6268732294,-15.0723532153,-46.6637844556,-24.8540046302,-12.2204757183,-27.8068164163,9968.7214702345,-42.8518602345,-30.7351402776,-11.6978473566,-24.5625432763,-22.1929802689,9982.1504165076,-3.3912237057,-38.4386785305,9988.1210164205,-15.4693330316,9992.0147345687,-20.1360866505,-14.4656867916,-14.3693654468,-18.2644933721,-25.7148951107,-40.6715487792,-25.6191722019,-14.1671727159,-17.7682786717,-75.5936159153,9990.8735669663,9928.5024618353,-14.6415483381,9984.3532786429,-14.0704121344,-23.2865856349,9981.707696616,-38.9805853548,-23.4558605491,9957.6230677901,-7.3896336306,-16.2413596006,-12.3561403946,-23.5536933284,-11.8771978617,-13.4538964514,-10.6342366776,9967.4689321562,9983.4414098539,9987.5239863511,-32.794005666,-16.4301412271,-15.9326279972,-12.1723303904,-11.4873283093,-14.8647726423,9978.5191163862,-25.4687384317,-19.4755878387,-64.9118381,9963.2202819938,-36.8403787026,9992.9083721581,-24.8806350327,-52.7052606745,-25.5372651091,-11.344338546,-18.7234842019,-59.896077367,9961.3964274137,-31.1298299253,-19.7373498875,-17.0298834392,-17.1598246122,9974.527304602,-7.7533810676,9971.438093521,-15.0040912308,-20.6578096858,9980.3624834327,-19.8930506618,-8.3812401819,-34.8238296452,-28.9083932569,9974.9695200428,-69.3870538343,-47.1716494776,-5.3397102572,9986.4968457435,9985.8405762632,-37.1753359969,9972.4357554008,9979.1902873068,-14.1241773902,-8.6778841451,-29.7905838395,-12.1681106493,9973.5041305511,-4.3293680554,-40.7400370954,9960.1113608857,-40.1625367549,9964.2521506294,-36.0078985881,9981.5682955507,9961.2898386716,9967.360757175,9980.5548115598,-4.3031596271,-32.8293057183,-3.0400069818,9953.9703716633,-39.5030698617,9986.46928508,9996.3656405663,9972.4687403497,-10.769782434,9966.6379980014,-20.8260872067,-17.8255789197,-17.6132645643,-19.9339725602,-21.3849401276,9974.478319162,9992.6292209399,9977.6387307019,9991.7800248965,-16.5613310598,-34.7557613851,9945.2931166432,9957.892429209,-13.696721453,9969.7846685297,9973.4882892594,9986.6087417691,9963.3851702953,-19.9493592707,9979.4466116438,9979.632872934,-6.1177902367,9993.5187711347,9991.8431771582,9976.353878997,-17.0865200371,-18.6879674083,9987.7256861395,-8.6235338797,9953.1485521493,9981.8810013829,9981.9081803517,9970.8772016979,-12.9357832127,9990.8797968386,9974.8906741804,-20.136999649,9967.2451132521,-45.2893092859,9972.6269077545,9962.0752610006,-22.1532264716,9979.3823411507,-20.1524669182,9982.3852316734,-26.7329364219,-14.9528041139,9981.3977336154,9960.3237212746,9979.1372931128,9977.8319852539,-20.0772442789,-9.2642862212,9966.3237481275,-5.3177963745,9983.3593684966,9993.1710165164,9993.2081790091,-26.5251985676,9987.0039397037,-23.4272257696,-11.3783285606,9986.2859469195,9992.1261549144,9981.0580156859,9976.4975841982,9988.6022376136,9949.5014260807,9981.4117489101,9979.3976089412,9989.1063374757,9990.2715614385,9986.1029156493,9990.171572755,9973.4570133056,9980.1981225988,9987.2696548827,-5.9439042963,