{"seed":{"0":762772169},"min_epsilon":{"0":0.7},"cost":{"0":2220.746},"time":{"0":16.4795176983},"rewards":{"0":[-37.8297334466,-6.2938531799,-16.4075924651,-6.5178734807,-10.7334907425,-70.892429209,-14.4197510736,-18.8703081754,-12.506938597,-26.8450933042,-44.7491421458,-56.8469384819,-26.321670864,-73.764129899,-29.0022402989,-21.7096933207,-19.3602814951,-7.7474542494,-27.0575783673,-26.3247877183,-37.1658761046,-3.2851816119,-19.2864091729,-38.7156776808,-27.3458902599,-5.1351563894,-19.755009504,-8.356869259,-19.1172435884,-60.8880982202,-29.5855562098,-21.5590830886,-9.4524751659,-14.7659635683,-21.7315784325,-98.446976076,-56.3609317188,-50.0051480841,-7.703031884,9975.7265761213,-21.4430958322,-29.1817576756,-3.3949255695,-15.8184494753,-22.3570994267,-23.5104294737,-75.166666347,-56.4216902365,-22.2331272693,-9.879687509,-15.4440414379,-30.3272543487,-6.5197340029,-23.0027236511,-79.5363444383,-35.2571702033,-23.31090477,-23.6156352916,-43.8044418529,-14.7892642114,-4.4832696856,-40.2209494801,-53.9448652464,-51.2838044419,-13.1159949286,-11.5734187,-13.8883667492,-33.2519760856,-72.385131934,-5.2761168408,-21.2221405979,-18.3314107937,-42.2282304516,-32.5130111881,-28.8806580494,-12.0794653972,-52.7175746463,-19.0403368888,-15.2337602305,-5.178479704,-32.0099758516,-15.930736786,-36.8994704225,-44.2368674944,-20.0484081027,-6.2689030016,-55.5085056554,-68.9785771417,-6.338448171,-25.2482473689,-24.8429220556,-5.9977405204,-26.2086757877,-11.0187471589,-25.3075404855,-44.5038620221,-23.0907129253,-20.9299120184,-9.9563717132,-7.9160156437,-7.4408785501,-49.2120017109,-25.1475911992,-24.0179665068,-63.2157745431,-13.7574646261,-58.5150078928,-20.1109139767,-68.7591506045,-39.1314276727,-7.3627634701,-16.5165500164,-15.4477854991,-3.3882890676,-12.0747412052,-11.2543890103,-31.0146789448,-42.6301550371,-16.0686973851,-16.5873380914,-25.4321973918,-42.4862004876,-3.8415372133,-20.2596329976,-5.8695467039,-23.2420174966,-31.3674473827,-11.9571811362,-26.2023730289,-44.2664862408,-34.8961023019,-41.5513436998,-25.5249319567,-13.0375134984,-11.0917678605,-48.8272879149,-43.2120880238,-19.120101504,-14.9060091031,-11.7985150347,-7.0510588673,-30.5065377216,-7.2614570766,-13.3701691157,-10.4402072276,-28.4553119827,-8.1435114767,-9.2409107736,-5.9109730531,-5.0245090235,-17.9969138348,-6.9021537942,-25.3885441701,-6.4464869696,-26.2651435959,-9.9976599618,-25.6463243178,-25.0922224417,-26.3426218786,-27.0197407161,-45.5840505295,-36.3247704557,-65.9403347789,-56.7138190767,-28.3410126228,-8.0238818166,-19.5744237656,-8.0354592517,-54.70997144,-10.2488745759,-80.6681365431,-15.3738633072,-22.9480185438,9943.724654221,-10.2497549673,-10.7261637375,-46.3980769489,-14.7724792322,-6.56678028,-23.8223930152,-39.1371837832,-70.5500183175,-11.2164036681,-45.1678286939,-23.2764927814,-23.2500848743,-12.2450422837,-33.6995812866,-9.6408923602,-19.6040386758,-14.8013134903,-5.992164708,-14.0254105137,-13.1456309376,-19.5397777731,-11.615917247,-21.3889258649,-25.8282239302,-25.3703455776,-15.8816496886,-9.7430906535,-5.1816771169,-52.3479924582,-21.5667841161,-45.7355238904,-6.5975747997,-23.2924338124,-10.6058646729,-41.3512742659,-58.2562111712,-6.7491670806,-4.3346312234,-26.6802472001,-69.2287233941,-10.5636634258,-12.1369919767,-18.7185720396,-29.7006362219,-9.2311957787,-20.3042548417,-3.1289207629,-10.5288237088,-10.874664099,-36.282582635,-9.811590478,-6.8262080447,-93.8057768256,-11.1463924091,-23.062862634,-25.2893821724,-33.5663525517,-21.5584597178,-34.8987281317,-9.8466622807,-6.5264798344,-31.5072282247,-22.4341269643,-30.1241447832,-12.2040225641,-5.2473171078,-33.6152670233,-27.8177167748,-14.1375731502,-8.2017323955,-8.9134377655,-34.7560874561,-14.1165032156,-25.5376257051,-8.3877731084,-34.0216012383,-8.3608358156,-53.6473850073,-45.5528819873,-7.1794214735,-26.702613746,-9.8511601411,-27.962647619,-31.9899186549,-78.4084939552,9988.6953577094,-15.8115463625,-18.8315249185,-22.3330258037,-28.0929378797,-134.8305869852,-16.917818624,-27.980562338,-12.6963455124,9969.8862012548,-12.454303081,-7.3012530713,-28.7099215704,-16.8710044326,-11.3740378511,-22.4764375411,-13.3009922146,-26.3071741353,-14.282045577,-28.1227733673,9932.3590616063,-43.5488348719,-43.1009975852,-91.1078757631,-23.0577394847,-11.5223866856,-4.6591389043,-41.5632759768,-16.0947159251,-25.497248537,-18.7899412881,-12.1998239217,-42.4301124561,-8.9659792964,-21.3761553939,9992.0353978736,-36.0898440422,-12.1521466015,-8.3628555372,-14.8266549537,-13.0035426645,-5.680333513,-19.7209331766,-24.5643174856,-50.1197409079,-6.4584365092,-7.1610866984,-31.2724552564,-34.5807495411,-74.332047591,-29.6145535034,-64.7993110314,-18.5959732162,-49.0166775677,-13.4010787193,-27.6566588474,-30.8376186083,-66.068843158,9959.3241988726,-4.7480450131,-3.1479824842,-47.2123220276,-39.7539718313,-7.2043006834,-9.3568462422,-34.3849765708,9980.160446065,-4.4215482997,-12.8867651657,-32.1342299644,-16.2740568399,-13.1756582317,-54.5110106472,-20.4043835438,-26.3142191849,-39.9340128395,-15.1230860118,-19.6929927363,-14.9892818576,-12.8839993172,-10.9750996914,-12.771249753,-6.731892995,-66.0353921194,-26.3160106568,-18.5438268065,-6.5561215976,-61.4505072321,-10.2140444492,-14.1372796864,-32.6097429986,-42.5427872157,-3.6906776329,-24.805431574,-26.0415203344,-25.6371770699,-27.6379155246,-28.1189257306,-31.7362009671,-41.828160634,-69.1059231739,-16.5308933,-10.8796606561,-35.6821786907,-29.7740846518,-14.5528225273,-63.9320410696,-25.6806135504,-32.5991898097,-17.1248947462,-22.8306963148,-53.7625781851,-31.350858046,9963.0893261649,-78.93976895,-9.4036911226,-25.3393496612,-22.3137933746,-9.8112183735,-24.1121837352,-29.5297156086,-4.4269169612,-12.6274831738,-12.6108497216,-4.2984680422,-18.209132287,-2.4450982912,-34.4695325102,-17.5246902806,-26.2113802581,-21.6546391258,-28.0461543773,-12.5803697644,-64.6670221479,-6.416680253,-27.0898613048,-12.8757420511,-24.895179713,9989.2352850915,-32.3714868258,-50.8357331512,-32.4406809895,-20.1316118068,-43.2471233833,-21.8995663257,-35.4476838417,-54.954843016,-32.0421724762,-19.0709702911,-17.5160378933,-9.9307943279,-50.9875268289,-18.4720221575,-21.4866800036,-9.176057189,-8.0226619278,-14.5969226579,-18.1438644005,-9.9470269047,-52.5592883215,-12.9730684615,-9.0664666765,-32.8859960219,-60.6270765442,-20.3813130683,-7.5348828734,-46.8693932588,-8.1686534614,-9.1556700853,-11.7044800224,-65.3248011447,-7.5122746514,-51.5277150677,-11.5775099308,9991.0582976414,-25.3288827852,-39.883366356,-46.4000218659,9941.6239922971,-55.7113524462,-13.4520416834,-26.9200224797,-29.3465941894,-12.0723781502,-18.1059059113,-28.1117790237,9981.4671253397,-46.3887378946,-24.8042212756,-10.7551015711,-32.9299196907,-5.2155271128,-30.8682424203,-10.7696424153,-20.1415684778,-34.0972918852,-77.8756173769,-36.1376652172,-24.2891462505,-22.765566529,-14.0078985881,-11.479423967,-50.8629869246,-57.0750308329,-89.8882516654,-36.2484698643,-26.422422937,-45.7556232845,-113.172646871,-31.7192145911,-45.9863433834,-3.2832597116,-10.5036682977,-12.1033030982,-37.8783448641,-79.4718955652,-33.9777964896,-34.3637090757,-23.6389858044,-30.248728803,-41.2150610232,-14.4912545866,-40.1022654256,-13.5988848375,-19.3930132596,-22.651115642,-3.4528261716,-92.7646650389,-36.5362005835,-3.8565000316,-5.9683270069,-37.0655076444,-6.1005161511,-13.6766700105,-31.7245237926,-29.4257200892,-7.6970245071,-25.2873240895,-37.7869030745,-4.2859200666,-12.0768050422,-57.7464511018,9960.1277814328,-22.1650724357,-44.2884615016,-16.7850156994,-30.9659984771,-22.9353382218,-52.3228006038,-14.2473382065,-7.8358731699,-10.5182244864,-26.7160075879,-21.3727316494,-34.1220521752,-7.4340080444,-71.4961571585,-12.5279356451,-30.7145345146,-10.1640155824,-39.3690547205,-11.0944167071,-54.7012365759,-19.5705243412,-11.0411539841,-22.7785882664,-8.3105633546,-8.9888502932,-20.7899010087,-45.9006174248,-7.7488064846,-21.5637056232,-41.2285258334,-21.8851501557,-44.495992205,-10.4325215447,