{"seed":{"0":1695858027},"min_epsilon":{"0":0.05},"cost":{"0":64610.3049999996},"time":{"0":8.9739179611},"rewards":{"0":[-3.313325367,-38.6314343859,-28.5796370639,-5.8202582098,-53.7744222311,-37.0111823139,-42.5042015195,-20.2721080868,-18.7792308179,-10.4122629512,-20.0946027593,-28.4539309765,-16.432322066,-21.5048383168,-14.7772245228,-40.4149194701,-8.0695873669,-24.0416315821,-5.6608306369,-4.6030623812,-21.3999508976,-47.3280484273,-5.0416565169,-8.3678252413,-17.2474206833,-6.1166010369,-7.0555778264,-6.86637998,-6.1099587808,-24.1898365618,-13.2212582884,-14.3131508231,-54.6855314668,-27.0397883224,-6.1671573714,-18.4558720574,-23.7921854231,-9.7302338696,-38.3789864565,-42.9720998391,-20.2593241893,-7.7338168134,-28.2494998648,-13.6545566491,-9.0174908269,-31.7011425908,-37.2086949683,-7.3671404924,-16.2638297219,-10.1999390056,-6.6027900161,-7.8590913363,-17.6505632395,-18.9210946776,-9.5872882217,-9.7234324141,-19.3707982408,-7.4247495488,-9.3943041167,-15.7274162333,-21.5585210958,-10.2574291419,-19.7793996076,-19.5415270476,-29.5993029755,-13.4217688771,-6.3899865544,-17.8786325737,-12.5778590184,-11.1999332514,-27.2288614947,-5.4194806266,-22.3921693114,-31.2176293111,-6.3839599969,-29.0134417935,-17.8749786615,-5.2080658433,-20.1894682934,-9.3541590344,-27.9272765983,-8.4894611966,-5.8667501664,-14.0918944528,-7.3575329092,-11.1026873997,-14.9300271022,-19.9881060843,-8.3334439417,-3.9047930505,-20.448980453,-20.8973471255,-102.1833151437,-7.5683300758,-4.96411302,-37.7318469615,-23.50182312,-5.9035405546,-6.8230566654,-18.217358864,-21.3121994633,-9.1300409123,-9.350050541,-38.4037966162,-7.0673029525,-4.4950139923,-31.017346972,-5.9326184069,-51.943865935,-7.59303666,-5.3618907509,-17.6735685008,-5.3893823642,-15.6235511423,-8.1855055729,-5.4669853211,-20.341916031,-21.759614776,-15.0012064623,-3.3107494068,-44.3958788474,-27.9149856433,-6.2664286988,-4.1468508264,-18.624976264,-8.0826762365,-4.7521036368,-5.1117157276,-4.0514539885,-28.5560717279,-2.223935906,-16.6846031238,-5.2507197536,-2.4915231155,-33.9804184832,-3.5440742368,-32.566870429,-17.3328397515,-17.1510111075,-43.1327875802,-19.3517077484,-21.0859369456,-12.8804528166,-24.6094629612,-8.5186157715,-2.6747308477,-6.6901213943,-3.8948920034,-15.2549145598,-8.8382937669,-17.7409922913,-10.9179567246,-10.4797864811,-6.0648727652,-6.4854179174,-4.8766799844,-5.7602017036,-9.1753264066,-22.2387376069,-13.7440458494,-32.1559405323,-10.7106120734,-35.6481215439,-5.7399699631,-20.6592463159,-16.0219023744,-8.4685197724,-11.1389157951,-18.2667797046,-15.196033827,-15.568424061,-3.3760153752,-17.8444776056,-13.6722162656,-12.0525031696,-14.3514756626,-3.5323145855,-20.4755513955,-7.9488816727,-6.4378288281,-5.7066167459,-4.4353065738,-6.8987434762,-6.1842837661,-35.3408035538,-9.9218005252,-4.3438417674,-3.3815317277,-10.0900128318,-6.5463970124,-3.6145439131,-46.4074582006,-4.7505308242,-5.6579554587,-5.484240226,-7.6954919739,-8.6672964311,-10.8423754073,-10.8632573716,-5.8349755159,-4.951703145,-6.5401959111,-3.0329983754,-17.4431015864,-15.8068432692,-6.7262231975,-5.9194240437,-5.9629679357,-8.2592110235,-3.4963393746,-9.4544680345,-7.6944715637,-11.8288300384,-3.0165490574,-7.8931369747,-11.2926812427,-6.6770267704,-8.4749050079,-13.7063041014,-4.6478491788,-8.7881785871,-13.5346431154,-9.7107309934,-4.5765700794,-4.0423355116,-5.7840643395,-14.9375324872,-8.0923394436,-2.7036092213,-3.098001569,-4.5683876177,-8.3847521573,-18.7952658341,-8.2683122378,-6.0834799054,-18.1163075731,-11.9595710441,-5.6440955273,-20.6624360565,-8.6977495353,-12.2194725707,-5.4985892638,-11.0548508801,-6.429780631,-5.1311111921,-19.3294793031,-4.4142634921,-6.8854071762,-4.036216887,-3.8300038937,-6.6195749953,-9.0728921914,-5.3705124492,-58.14151669,-2.3480097207,-4.1993156347,-19.1866468211,-3.5432724859,-12.3883159205,-12.3449695891,-6.6461900533,-3.4030830963,-3.4847753659,-9.3714484645,-7.0663822817,-4.6746963225,-3.8876992629,-4.0546111221,-5.9309995608,-2.3540727215,-9.3724362675,-6.1953337336,-4.5076329362,-11.7664219856,-4.7228512407,-2.6954267597,-3.2154906696,-6.7161476065,-6.0124616627,-5.4479868958,-5.5639031838,-24.2932835148,-4.6415195671,-26.2211316962,-13.4817851039,-6.969825015,-3.3314242202,-13.7511541951,-4.6342539402,-14.4128939943,-8.0487380097,-7.4205336438,-6.4217918939,-7.3132946779,-4.4535895611,-8.8500399916,-2.8300556814,-7.0618230432,-4.6915043185,-4.0643107724,-6.3748933077,-4.578624326,-5.6200008056,-4.8602383386,-5.5636423271,-20.5697456072,-10.7833987713,-5.0344541861,-5.0737016144,-11.5798691497,-7.240295075,-6.4666189708,-9.4314474287,-10.3273655965,-5.1515750184,-6.010048738,-3.259974413,-8.892037924,-4.7437485495,-6.4265160858,-3.0517167633,-6.403671942,-14.0989721094,-6.2347825587,-3.9175769479,-2.6420374444,-11.3030464613,-4.2784703055,-6.3063838929,-3.5791134324,-8.2998432942,-11.1686381169,-8.1310402237,-4.0957804507,-7.0248945544,-3.5067851519,-14.7126720743,-10.968119856,-2.5774312901,-4.8836176224,-2.6331395449,-4.113524462,-7.7512865415,-3.9975985837,-8.5000757635,-3.2282342877,-9.7360820471,-2.6870793446,-5.3967093692,-5.659698979,-3.2169905957,-7.0012755127,-5.9890286731,-3.9133802236,-10.6782063799,-5.292032937,-6.6633490551,-7.6893484144,-4.0511739512,-3.616724752,-3.9090204638,-5.0471383442,-6.1923166187,-4.788355049,-8.7126970092,-10.0289838672,-5.2935021741,-4.7886274141,-6.7116248113,-8.0903561653,-15.2880318552,-4.1647310203,-10.5476341638,-3.3593378075,-2.6661916261,-3.7755289541,-2.4031425563,-13.2745056669,-4.5195959022,-7.377862471,-4.3630837868,-6.3385805175,-7.5827309014,-5.8953945362,-3.7748710581,-2.8496640511,-5.525630132,-21.0556929103,-3.5393097654,-4.8002489647,-9.1671823062,-6.1880431718,-2.6833391195,-2.825736201,-3.2592877461,-3.2658187544,-5.7664392482,-3.2428652809,-17.701568401,-5.1845081796,-3.3120728711,-3.5253922921,-5.7024756454,-3.2744960766,-4.6078901486,-4.2556875397,-6.8206341504,-8.5238904478,-3.9377569007,-3.3279985576,-10.9945622882,-5.6350671994,-3.518542885,-3.4927852018,-3.8761179916,-6.4589352059,-4.9638176381,-6.9303838622,-5.8024547385,-7.514296291,-3.8757746582,-4.1303439664,-2.9050097917,-4.4882873414,-3.7628774031,-3.3952880836,-8.7346933687,-5.624230137,-3.8175825103,-3.9196695559,-8.9573460897,-4.479274358,-7.7884854774,-6.0743518382,-3.2626827196,-4.4801144701,-4.8829942516,-2.7956341024,-3.7857503179,-4.6510389194,-2.6926513209,-3.7318507976,-4.449728498,-3.7814423459,-6.1462485543,-3.096626317,-8.6658425384,-7.2853887628,-3.6703288905,-3.5630515633,-3.6139493132,-5.2509652658,-10.9217870987,-2.3968819949,-5.93994733,-6.2359947752,-4.4312537043,-2.6034364037,-3.6189401161,-7.1745476725,-2.6194215502,-4.4637188578,-3.8985861949,-3.4516810873,-3.60900838,-4.5486680004,-3.7139034715,-2.9181351046,-4.6718479973,-3.2119115619,-2.8862607148,-3.9996605026,-3.0400069818,-2.4780237802,-5.5237772821,-5.1633922115,-3.1348207281,-6.1713368332,-7.372390234,-4.9538130156,-6.3678003065,-3.5541805167,-4.1245264779,-5.7530338979,-2.7415408576,-4.7705650042,-2.9374979621,-4.8322883081,-3.1607587094,-4.7480430951,-2.6328671798,-10.0697465662,-9.157156585,-4.4639566978,-2.2151607625,-3.4926873805,-2.5018787438,-3.6199375095,-3.1948503814,-3.4561041432,-2.5615439649,-4.0662403449,-4.9128738547,-9.0775434969,-3.0182446261,-3.0284257105,-3.9454253211,-4.1056949242,-6.2118789548,-4.1410870437,-4.1043081639,-3.8628411517,-3.7206262863,-3.9507671298,-4.111011798,-14.5745004881,-15.2978485075,-2.5364307512,-5.5020705502,-3.7887175631,-4.5500873678,-3.5542514851,-3.1240354535,-2.2151607625,-4.5805654069,-2.4431437838,-6.1975855409,-5.0457956993,-5.0466185488,-2.3300278695,-8.2583056972,-6.1391555531,-3.2849993958,-4.6923616932,-3.6856465506,-3.1488168421,-2.8289585487,-2.5091884862,-3.2914383371,-4.9133821417,-2.2151607625,-5.7269021922,-5.1874600803,-2.6097123096,-3.4027992228,-8.9939312451,-3.1234945594,-5.0342105919,-5.528440096,-4.4113441985,-5.7929737475,-2.2033761765,-4.4844953286,-3.6762691351,-7.0066652729,