{"seed":{"0":186872697},"min_epsilon":{"0":0.7},"cost":{"0":76646.9999999987},"time":{"0":14.9115746021},"rewards":{"0":[-17.9800866581,-25.9975141889,-60.1577531029,-33.40379278,-14.2427962306,-8.1342664076,-48.5337550517,-13.134458214,-33.1110827664,-33.1014195593,-22.9244090924,-53.843679691,-10.7322555092,-34.4524291323,-18.2935750606,-54.1691713388,-76.1405058702,-35.9065384888,-40.1586334944,-10.9989124576,-11.0365045966,-33.3283284646,-42.7384240034,-27.7180771791,-5.394582236,-16.0411597383,-37.582661851,-23.951731916,-36.397123671,-16.6701102311,-6.7615827098,-39.9198057385,-103.1610809442,-15.4055190377,-13.2263085513,-124.9048448382,-9.4482899499,-28.6256590948,-55.1875463932,-5.7379061261,-10.3419121949,-31.8176131994,-22.2167527558,-6.6651060018,-5.6040022326,-35.6489770005,-21.6130900205,-4.0175406965,-12.2207576737,-11.9372466957,-41.8029016474,-58.0754489709,-8.9313275497,-42.4397238755,-15.6193352373,-27.1762528315,-38.4125410705,-29.5064418184,-21.2508348374,-5.3180073615,-7.4802429804,-44.0156226324,-14.785692776,-34.425833255,-55.3099246393,-7.0186838628,-15.409713844,-23.9127165734,-29.1444896894,-25.8967007379,-13.2167776906,-70.326306825,-33.2833709594,-10.2243789788,-46.3198832283,-28.1694628845,-14.8630962542,-20.9484692889,-22.6631303958,-9.7584907904,-22.8926018348,-54.1496090026,-15.5396204918,-23.6255267484,-9.7630442747,-22.0937933363,-16.4290671111,-38.4386574318,-9.9413321723,-5.9103381739,-4.1679687125,-35.6303219087,-9.4556572343,-17.8827947729,-28.2776647186,-8.5292207481,-8.6631188874,-21.5080702549,-17.172288193,-13.9877915218,-28.112655579,-10.1876250338,-17.3374431054,-28.6049248215,-25.9313122052,-10.5714737829,-43.1481589461,-36.933159301,-68.4243544276,-7.8657988066,-13.7506900236,-8.2355728011,-26.9993267595,-13.4634311482,-61.4517213667,-7.6536167976,-15.0008247676,-4.3916648605,-18.7432479347,-16.1062760977,-6.7820618806,-12.131047896,-17.8514056533,-71.3939147497,-6.9499692151,-17.4682589156,-16.6475480427,-62.3807491575,-15.6917095514,-52.0596364501,-11.6086765549,-24.8938082972,-7.2042450595,-24.3768094538,-32.4283823622,-21.971977083,-31.7893773772,-21.5696861472,-4.3003784341,-4.1471634709,-6.6529224584,-26.6505037795,-3.1289207629,-10.9160463328,-7.7413394609,-19.3263873837,-17.7725732173,-9.6570462963,-22.9086598678,-5.7330783587,-19.4551470292,-10.877683132,-7.8221340765,-13.0842528852,-18.1245936102,-15.6629347532,-33.5313363728,-11.7915582161,-23.7955938231,-40.9287209006,-11.363509597,-15.5745350133,-67.0719753567,-63.6369200493,-54.0733774616,-16.9202584016,-64.0697369759,-9.9864968285,-43.8371832077,-7.0052670041,-6.5855504556,-20.178270635,-15.7427760909,-29.5790884976,-18.3872916743,-17.6517351767,-31.2872224321,-4.6389205902,-11.3831735906,-25.2385573089,-41.9944395321,-30.5401805666,-6.4199965858,-21.8734902438,-15.3855462359,-17.3558910463,-32.8613028642,-47.6746963225,-11.159339342,-11.3086510447,-30.9370510531,-7.2575864232,-38.7815785284,-4.5964815031,-11.780968584,-8.2835435851,-5.299898918,-9.9407509988,-11.1831386818,-16.8760546955,-26.4668759914,-4.8956227858,-14.4032960014,-7.2939375747,-9.9535444866,-8.4156253177,-17.2799299523,-11.9944606308,-31.842335128,-21.0416776156,-10.1517879235,-16.9046741305,-10.4347388268,-16.1892342896,-9.9479705922,-15.6099463134,-23.269275106,-6.4692908341,-29.6027228838,-32.2127996256,-26.4462644742,-6.7964914771,-28.5102702744,-9.4324620847,-15.287757572,-29.4746192163,-62.7759451741,-10.2081195491,-11.9050884323,-6.2398347396,-9.809258112,-4.9262542701,-32.6931097382,-13.7521957039,9987.2733567465,-19.936239712,-8.3714446284,-7.5365937866,-34.4496191684,-10.9298276236,-35.0099029651,-48.9491559559,-17.6210327241,-11.9464764203,-24.3525497786,-14.9090338903,-22.2198485113,-25.1307832031,-43.3762052636,-38.6488926057,-60.2254741934,-73.3177733577,-72.1821796497,-20.6289447387,-8.4284571668,-5.4043202477,-21.4272334418,-11.7535345127,-18.9744744025,-24.1810249751,-51.2178537246,-11.2604443387,-23.7640205693,-23.0444626447,-8.8747043784,-3.2790092815,-74.7139379967,-46.7591601948,-14.0202701018,-15.7456953846,-20.8652022886,-14.7061966898,-25.9931026414,-41.6450852484,-7.9418519676,-25.6914122514,-26.7616229891,-26.9854323029,-2.9866771265,-25.746186409,-29.6319963787,-23.8966393598,-23.6751432314,-10.7684723962,-32.8166886924,-31.4072510497,-17.7767545971,-63.2494595854,-21.3574293337,-19.5477415754,-51.306477878,-14.7754234606,-15.044679386,-10.4663734586,-35.49339131,-14.6491534624,-10.8726865749,-8.3832253783,-4.6145170602,-53.5877677378,-20.1509113682,-63.5337742323,-70.4439397805,-9.1711968145,-29.3029754929,-4.2180225142,-9.6498075223,-20.5813863384,-12.8165659363,-15.1906057055,-10.8764785877,-32.1603079644,-14.8361090918,-10.6027765896,-18.0532838217,-4.8462268801,-5.0563949217,-55.4608168268,-6.1516095435,-18.7446442854,-33.7054735796,-15.5893405504,-26.0760665875,-45.4919144006,-47.2342013852,-8.5039617615,-6.0952855902,-16.1670096805,-20.993121822,-16.2182948793,-15.8195005745,-23.4545159861,-15.4774617874,-27.5260425158,-29.5228546932,-18.4052370823,-11.4174685773,-12.3261188548,-24.0347629944,-21.4586839395,-14.4204837741,-9.6033289921,-26.6505555673,-18.9675712896,-19.2152681741,-18.4882278814,-4.2214270781,-8.9863798266,-13.5697571155,-63.3692426907,-12.3128516051,-26.1021791127,-5.2520758249,-10.6994988098,-71.3070552153,-17.7967772686,-21.2471598265,-51.2365222428,-5.0526757954,-56.3247301763,-6.9537727363,-28.3594298746,-11.2413883715,-24.3982323121,-13.0722285412,-14.4921292238,-19.6606062234,-14.0126745678,-25.8469250555,-11.9066861798,-7.6453211702,-15.0232526915,-20.2829662478,-13.103295426,-23.5670871703,-30.1985944426,-30.0987841391,-30.505891334,-16.7844441162,-16.4601033069,-11.2581273173,-79.7954461321,-26.1594755245,-7.7727304986,-15.0004814341,-58.5968900508,-51.1818324801,-17.0788957321,9979.759704925,-21.2433390428,-40.557420127,-3.1352887358,-26.4302141135,-25.2137164603,-18.8193509655,-27.3201038056,-24.7057670434,-13.1387259067,-5.2910815772,-23.2963965329,-23.3011475778,-53.6188058516,-26.8779727597,-25.9984617126,-14.8828619051,9988.7760295689,-24.2502766808,-4.013965425,-46.8275238367,-7.3488383245,-11.4736716926,-11.582631162,-17.2052309445,-7.0851217683,-20.3759712597,-38.4036796142,-10.6293034166,-20.0692210166,-11.679079099,-14.2818998042,-24.959237301,-14.5943754687,-49.7452120324,-6.8302877672,-16.885249895,-48.8956400484,-10.4591960626,-22.5230023842,-38.3886611721,-24.1476947746,-15.950088135,-12.6538143582,-17.3254954839,-31.2882927119,-87.6376642582,-57.8931082038,-8.060501497,-3.848973548,-10.287247367,-17.0444760712,-11.225550916,-15.7054831699,-11.93145606,-13.4046750895,-9.1276663489,-13.0884898889,-9.1410640269,-19.7660422089,-13.5750989242,-42.9424062882,-6.78808652,-13.0043866127,-35.3490454754,-22.2487690823,-23.9956517486,9977.3232110695,-16.5545545392,-9.2767651465,-4.8462575692,-27.1314200004,-9.2019644813,-12.1896984611,-4.7131017207,-29.9210889234,-10.700430989,-13.1618289892,-12.1713828667,-17.1129413705,9985.5788679202,-48.6431940371,-62.6192853677,-28.1107988929,-29.3243120383,-2.8524816873,9956.0888600753,-18.8325280661,-42.08481296,-19.28482677,-15.2006851325,-8.4409763714,-9.4647814654,-52.8884722427,-45.5601859755,-53.539685706,-20.4892674721,-3.2072142228,-43.7647014821,-14.320564141,-65.7631114069,-49.2027988392,-10.7989753701,-21.8983982246,-27.331569993,-5.0038399644,-30.4435542496,-24.0898402061,-17.7796988256,-3.4749625498,-11.9442610562,-16.4571590785,-12.7040427038,-36.1051482759,-8.9970327548,-20.3115243047,-25.5478681676,9982.9609520503,-11.0004756799,-14.3105940436,-15.1080349625,-16.4564225419,-34.313595814,-5.8996219496,-23.9914895494,-18.6870697542,-5.9760836583,-13.6566684377,-2.9030936456,-16.7729376495,-20.4643153758,-41.1297743014,-22.7866172829,-42.5497708872,-18.7899067629,-32.9544977645,-61.2287981986,-11.9696849963,-35.0001323464,-8.0466300572,-24.4135653168,-5.7799577642,-3.3912352141,-10.1138869762,-19.4223462144,-24.9008552648,-29.6979988837,-35.8767989044,