{"seed":{"0":1822174485},"gamma":{"0":0.25},"cost":{"0":42464.2170000003},"time":{"0":135.7389678955},"rewards":{"0":[-1,-1,-1,-1,-1,-1,-1,-1,-1,-1,-1,-1,-1,-1,0,-1,-1,-1,-1,-1,-1,-1,-1,-1,-1,-1,-1,-1,-1,-1,-1,-1,-1,-1,-1,-1,-1,-1,-1,-1,-1,-1,-1,-1,-1,-1,-1,-1,-1,-1,-1,-1,-1,-1,-1,-1,-1,-1,-1,-1,-1,-1,-1,-1,-1,-1,-1,-1,-1,-1,-1,-1,-1,-1,-1,-1,-1,-1,-1,-1,-1,-1,-1,-1,-1,-1,-1,-1,-1,-1,-1,-1,-1,-1,-1,-1,-1,-1,-1,-1,-1,-1,-1,-1,-1,-1,-1,-1,-1,-1,-1,-1,-1,-1,-1,-1,-1,-1,-1,-1,-1,-1,-1,-1,-1,-1,-1,-1,-1,-1,-1,-1,-1,-1,-1,-1,-1,-1,-1,-1,-1,-1,-1,-1,-1,-1,-1,0,-1,-1,-1,-1,-1,0,-1,-1,-1,-1,-1,-1,-1,-1,-1,-1,-1,-1,-1,-1,-1,0,-1,-1,-1,-1,-1,-1,-1,-1,0,10000,10000,10000,-1,0,-1,-1,-1,-1,-1,-1,-1,-1,-1,-1,-1,0,-1,-1,-1,10000,-1,0,0,-1,-1,-1,-1,-1,-1,-1,-1,10000,0,0,-1,-1,-1,-1,-1,10000,-1,0,-1,-1,0,-1,-1,-1,-1,10000,-1,0,0,-1,-1,-1,10000,-1,-1,-1,-1,-1,-1,-1,-1,-1,-1,-1,-1,-1,-1,-1,-1,-1,-1,-1,-1,10000,-1,-1,0,-1,-1,-1,-1,-1,-1,-1,-1,-1,0,10000,-1,0,0,-1,-1,-1,-1,-1,-1,10000,-1,10000,-1,10000,-1,-1,0,-1,-1,-1,-1,-1,-1,-1,0,0,-1,10000,-1,-1,0,-1,-1,0,-1,10000,-1,10000,0,10000,10000,-1,-1,-1,0,10000,0,-1,-1,0,10000,-1,10000,10000,10000,0,-1,-1,-1,-1,-1,10000,-1,-1,0,10000,10000,-1,-1,-1,-1,10000,-1,-1,-1,0,-1,-1,10000,10000,-1,-1,0,10000,-1,10000,-1,0,-1,-1,0,10000,10000,-1,10000,-1,10000,10000,10000,0,0,-1,0,0,-1,0,-1,-1,0,0,10000,0,10000,0,-1,10000,10000,10000,10000,0,10000,-1,0,10000,-1,0,10000,10000,-1,0,0,10000,10000,10000,10000,0,0,0,0,0,10000,-1,10000,0,10000,0,0,-1,-1,10000,0,0,-1,10000,10000,0,10000,10000,0,10000,-1,10000,0,10000,0,0,10000,10000,10000,10000,10000,-1,10000,10000,0,0,10000,-1,0,10000,0,0,0,0,0,-1,10000,10000,10000,0,0,0,0,10000,-1,10000,10000,10000,0,0,10000,0,10000,0,10000,0,0,0,10000,0,10000,0,0,10000,10000,0,0,10000,-1,10000,10000,10000,0,10000,0,0,10000,0,10000,10000,10000,10000,0,10000,10000,-1,10000,10000,0,-1,0,0,10000,0,10000,10000,0,0,0,10000,0,0,10000,0,10000,0,0,0,0,10000,0,10000,0,0,10000,0,0,0,10000,0,10000,0,10000,0,-1,0,0,10000,0,10000,0,0,10000,10000,10000,10000,0,10000,0,0,0,10000,10000,10000,10000,10000,0,0,0,0,0,0,0,0,0,0,0,0,10000,10000,0,-1,10000,-1,0,0,0,0,10000,0,10000,10000,0,0,0,10000,0,10000,0,10000,0,10000,0,10000,0,0,0,0,0,10000,0,0,0,0,-1,10000,10000,0,0,10000,0,0,0,0,10000,0,0,0,0,0,0,0,10000,0,10000,0,0,0,0,0,0,10000,10000,0,0,0,0,0,0,0,0,0,0,0,0,0,0,0,0,0,0,0,0,0,10000,0,0,0,10000,10000,0,0,0,0,0,0,0,0,0,0,0,0,0,0,0,0,0,0,0,0,0,0,0,0,0,0,0,10000,0,10000,0,0,0,0,10000,0,0,0,0,0,0,10000,0,0,0,0,10000,10000,10000,0,0,10000,10000,10000,0,10000,10000,10000,0,0,0,10000,0,10000,10000,10000,10000,0,0,10000,10000,10000,10000,0,10000,0,10000,0,10000,10000,0,0,10000,10000,10000,10000,10000,0,0,10000,10000,0,10000,0,0,0,0,0,0,10000,10000,0,0,0,10000,10000,0,0,0,0,10000,0,10000,10000,0,0,0,10000,0,0,0,0,10000,0,0,10000,10000,0,10000,10000,0,0,10000,0,0,10000,0,0,0,0,0,10000,0,0,0,0,0,0,0,0,0,10000,0,0,10000,0,0,0,10000,0,0,10000,0,0,0,10000,10000,10000,10000,0,0,10000,0,0,0,10000,0,0,0,0,0,10000,0,0,10000,10000,0,0,0,10000,0,0,0,0,0,0,0,0,0,0,0,0,0,0,0,0,0,0,0,0,0,0,0,0,0,0,0,0,0,0,0,0,0,0,0,0,0,0,0,0,0,0,0,0,0,10000,0,0,0,0,10000,0,0,10000,0,0,0,0,0,0,0,0,0,0,0,0,0,10000,0,0,0,0,0,0,0,0,0,0,0,0,0,0,0,0,0,0,0,0,0,0,0,0,0,0,0,0,0,0,0,10000,0,0,0,0,0,0,0,0,0,0,0,0,10000,0,0,0,0,0,0,0,0,0,0,0,0,0,0,0,10000,0,0,0,0,0,0,0,0,0]},"route":{"0":[507,506,400,506,400,506,400,506,400,506,400,506,400,506,400,506,400,506,400,506,400,506,400,506,400,506,400,506,400,506,400,506,400,506,400,506,400,506,400,506,400,506,400,506,400,506,400,506,400,506,400,506,400,506,400,506,400,506,400,506,400,506,400,506,400,506,400,506,400,506,400,506,400,506,400,506,400,506,400,506,400,506,400,506,400,506,400,506,400,506,400,506,400,506,400,506,400,506,400,506,400,506,400,506,400,506,400,506,400,506,400,506,400,506,400,506,400,506,400,506,400,506,400,506,400,506,400,506,400,506,400,506,400,506,400,506,400,506,400,506,400,506,400,506,400,506,400,506,400,506,400,506,400,506,400,506,400,506,400,506,400,506,400,506,400,506,400,506,400,506,400,506,400,506,400,506,400,506,400,506,400,506,400,506,400,506,400,506,400,506,400,506,400,506,400,506,400,506,400,506,400,506,400,506,400,506,400,506,400,506,400,506,400,506,400,506,400,506,400,506,400,506,400,506,400,506,400,506,400,506,400,506,400,506,400,506,400,506,400,506,400,506,400,506,400,506,400,506,400,506,400,506,400,506,400,506,400,506,400,506,400,506,400,506,400,506,400,506,400,506,400,506,400,506,400,506,400,506,400,506,400,506,400,506,400,506,400,506,400,506,400,506,400,506,400,506,400,506,400,506,400,506,400,506,400,506,400,506,400,506,400,506,400,506,400,506,400,506,400,506,400,506,400,506,400,506,400,506,400,506,400,506,400,506,400,506,400,506,400,506,400,506,400,506,400,506,400,506,400,506,400,506,400,506,400,506,400,506,400,506,400,506,400,506,400,506,400,506,400,506,400,506,400,506,400,506,400,506,400,506,400,506,400,506,400,506,400,506,400,506,400,506,400,506,400,506,400,506,400,506,400,506,400,506,400,506,400,506,400,506,400,506,400,506,400,506,400,506,400,506,400,506,400,506,400,506,400,506,400,506,400,506,400,506,400,506,400,506,400,506,400,506,400,506,400,506,400,506,400,506,400,506,400,506,400,506,400,506,400,506,400,506,400,506,400,506,400,506,400,506,400,506,400,506,400,506,400,506,400,506,400,506,400,506,400,506,400,506,400,506,400,506,400,506,400,506,400,506,400,506,400,506,400,506,400,506,400,506,400,506,400,506,400,506,400,506,400,506,400,506,400,506,400,506,400,506,400,506,400,506,400,506,400,506,400,506,400,506,400,506,400,506,400,506,400,506,400,506,400,506,400,506,400,506,400,506,400,506,400,506,400,506,400,506,400,506,400,506,400,506,400,506,400,506,400,506,400,506,400,506,400,506,400,506,400,506,400,506,400,506,400,506,400,506,400,506,400,506,400,506,400,506,400,506,400,506,400,506,400,506,400,506,400,506,400,506,400,506,400,506,400,506,400,506,400,506,400,506,400,506,400,506,400,506,400,506,400,506,400,506,400,506,400,506,400,506,400,506,400,506,400,506,400,506,400,506,400,506,400,506,400,506,400,506,400,506,400,506,400,506,400,506,400,506,400,506,400,506,400,506,400,506,400,506,400,506,400,506,400,506,400,506,400,506,400,506,400,506,400,506,400,506,400,506,400,506,400,506,400,506,400,506,400,506,400,506,400,506,400,506,400,506,400,506,400,506,400,506,400,506,400,506,400,506,400,506,400,506,400,506,400,506,400,506,400,506,400,506,400,506,400,506,400,506,400,506,400,506,400,506,400,506,400,506,400,506,400,506,400,506,400,506,400,506,400,506,400,506,400,506,400,506,400,506,400,506,400,506,400,506,400,506,400,506,400,506,400,506,400,506,400,506,400,506,400,506,400,506,400,506,400,506,400,506,400,506,400,506,400,506,400,506,400,506,400,506,400,506,400,506,400,506,400,506,400,506,400,506,400,506,400,506,400,506,400,506,400,506,400,506,400,506,400,506,400,506,400,506,400,506,400,506,400,506,400,506,400,506,400,506,400,506,400,506,400,506,400,506,400,506,400,506,400,506,400,506,400,506,400,506,400,506,400,506,400,506,400,506,400,506,400,506,400,506,400,506,400,506,400,506,400,506,400,506,400,506,400,506,400,506,400,506,400,506,400,506,400,506,400,506,400,506,400,506,400,506,400,506,400,506,400,506,400,506,400,506,400,506,400,506,400,506,400,506,400,506,400,506,400,506,400,506,400,506,400,506,400,506,400,506,400,506,400,506,400,506,400,506,400,506,400,506,400,506,400,506,400,506,400,506,400,506,400,506,400,506,400,506,400,506,400]}}