{"seed":{"0":1598189534},"gamma":{"0":0.25},"cost":{"0":76646.9999999987},"time":{"0":128.4463055134},"rewards":{"0":[-1,-1,-1,-1,-1,-1,-1,-1,-1,-1,-1,-1,-1,-1,-1,-1,-1,-1,-1,-1,-1,-1,-1,-1,-1,-1,-1,-1,-1,-1,-1,-1,-1,-1,-1,-1,-1,-1,-1,-1,-1,-1,-1,-1,-1,-1,-1,-1,-1,-1,-1,-1,-1,-1,-1,-1,-1,-1,-1,-1,-1,-1,-1,-1,-1,-1,-1,-1,-1,-1,-1,-1,-1,-1,-1,-1,-1,-1,-1,-1,10000,-1,-1,-1,-1,-1,-1,-1,-1,-1,-1,-1,-1,-1,-1,-1,-1,-1,-1,-1,10000,-1,-1,-1,-1,-1,-1,-1,-1,-1,0,-1,-1,-1,-1,-1,-1,-1,-1,-1,-1,-1,-1,-1,-1,-1,-1,-1,-1,-1,-1,-1,-1,-1,-1,-1,-1,-1,-1,-1,-1,-1,-1,-1,-1,-1,-1,-1,-1,0,-1,-1,-1,-1,-1,-1,-1,-1,-1,-1,-1,-1,-1,-1,0,-1,-1,-1,-1,-1,-1,-1,-1,-1,-1,-1,-1,-1,-1,-1,-1,-1,-1,-1,-1,-1,-1,-1,-1,-1,-1,-1,-1,-1,10000,-1,-1,-1,-1,-1,-1,-1,-1,-1,-1,0,-1,-1,10000,-1,-1,0,-1,-1,-1,-1,-1,-1,-1,-1,10000,-1,0,-1,-1,-1,-1,-1,10000,-1,-1,-1,-1,10000,-1,-1,0,-1,-1,-1,-1,-1,10000,-1,-1,-1,-1,-1,10000,-1,0,-1,0,0,-1,-1,-1,-1,-1,-1,-1,-1,-1,10000,-1,-1,-1,-1,-1,-1,-1,-1,-1,10000,-1,10000,-1,0,-1,-1,10000,-1,10000,0,-1,0,-1,0,-1,-1,-1,-1,10000,-1,-1,-1,10000,-1,10000,10000,10000,-1,-1,-1,-1,-1,0,10000,-1,10000,-1,-1,10000,-1,-1,10000,-1,-1,0,10000,10000,0,-1,0,-1,-1,-1,10000,-1,-1,-1,-1,0,10000,-1,0,-1,0,-1,-1,10000,10000,10000,0,0,-1,-1,-1,-1,-1,-1,0,0,10000,0,10000,0,10000,10000,10000,10000,-1,10000,0,-1,10000,0,10000,-1,-1,0,-1,-1,0,-1,10000,-1,10000,-1,10000,0,-1,-1,10000,0,0,10000,-1,-1,-1,-1,-1,10000,-1,0,10000,10000,10000,10000,10000,10000,10000,0,-1,0,0,10000,0,0,-1,10000,-1,0,0,10000,10000,10000,10000,-1,10000,0,10000,10000,0,0,-1,0,10000,0,10000,-1,10000,10000,0,0,0,-1,0,0,10000,0,0,0,10000,10000,0,-1,10000,10000,0,-1,10000,-1,10000,0,0,10000,10000,0,10000,-1,0,10000,0,10000,10000,0,-1,10000,10000,-1,0,-1,0,10000,0,10000,-1,10000,10000,0,10000,10000,0,10000,0,0,10000,10000,-1,10000,10000,10000,0,10000,0,0,-1,10000,10000,10000,0,0,10000,10000,-1,0,0,10000,0,-1,0,-1,0,0,10000,0,0,0,0,0,0,0,0,0,10000,10000,10000,0,10000,-1,10000,0,10000,10000,-1,10000,0,-1,0,0,10000,0,10000,0,0,0,0,10000,0,0,10000,0,10000,0,0,10000,0,10000,10000,0,0,-1,-1,0,0,10000,-1,10000,0,10000,0,0,0,10000,0,10000,0,0,10000,0,0,10000,10000,0,0,0,10000,-1,0,10000,0,0,0,0,0,10000,10000,0,0,0,10000,0,10000,0,10000,10000,10000,10000,0,0,10000,0,0,10000,10000,10000,0,10000,10000,0,0,0,10000,10000,0,0,0,0,10000,0,0,0,0,0,0,0,0,0,0,10000,0,0,10000,10000,0,0,0,0,10000,0,0,0,0,10000,0,0,10000,0,0,0,0,0,0,0,0,0,0,0,10000,10000,10000,0,10000,0,0,0,0,0,0,0,0,0,0,0,10000,0,0,0,10000,0,0,10000,0,0,10000,0,0,10000,0,0,0,0,0,0,0,0,0,0,0,0,10000,0,0,10000,10000,10000,10000,0,0,0,0,0,0,0,10000,0,0,0,0,0,0,0,0,0,0,10000,0,0,10000,0,0,0,0,0,0,10000,0,0,10000,0,0,0,0,0,0,0,0,0,0,0,0,0,0,0,0,0,0,0,10000,0,0,10000,0,0,0,0,0,0,0,0,0,0,0,0,0,0,10000,0,0,0,0,0,0,0,10000,0,0,0,0,0,0,0,0,0,0,0,0,10000,0,0,0,0,0,0,0,0,0,0,0,0,0,0,0,0,0,0,0,0,0,0,0,0,0,0,10000,0,0,0,0,0,0,0,0,0,0,0,0,0,0,0,10000,0,0,0,0,0,0,0,0,0,0,0,0,0,0,0,0,0,0,0,0,0,0,0,0,0,0,0,0,0,0,0,0,0,0,0,0,0,0,0,0,0,0,0,0,0,0,0,0,0,0,0,0,0,0,0,0,0,0,0,0,0,0,0,0,0,0,0,0,10000,0,0,0,0,0,0,0,0,0,0,0,0,0,0,0,0,0,0,0,0,0,0,0,0,10000,0,0,0,0,0,0,0,0,0,0,0,0,0,0,0,0,0,0,0,0,0,0,0,0,0,0,0,0,0,0,0,0,0,0,0,0,0,0,0,0,0,0,0,0,0,0,0,0,0,0,0,0,0,0]},"route":{"0":[507,506,507,506,507,506,507,506,507,506,507,506,507,506,507,506,507,506,507,506,507,506,507,506,507,506,507,506,507,506,507,506,507,506,507,506,507,506,507,506,507,506,507,506,507,506,507,506,507,506,507,506,507,506,507,506,507,506,507,506,507,506,507,506,507,506,507,506,507,506,507,506,507,506,507,506,507,506,507,506,507,506,507,506,507,506,507,506,507,506,507,506,507,506,507,506,507,506,507,506,507,506,507,506,507,506,507,506,507,506,507,506,507,506,507,506,507,506,507,506,507,506,507,506,507,506,507,506,507,506,507,506,507,506,507,506,507,506,507,506,507,506,507,506,507,506,507,506,507,506,507,506,507,506,507,506,507,506,507,506,507,506,507,506,507,506,507,506,507,506,507,506,507,506,507,506,507,506,507,506,507,506,507,506,507,506,507,506,507,506,507,506,507,506,507,506,507,506,507,506,507,506,507,506,507,506,507,506,507,506,507,506,507,506,507,506,507,506,507,506,507,506,507,506,507,506,507,506,507,506,507,506,507,506,507,506,507,506,507,506,507,506,507,506,507,506,507,506,507,506,507,506,507,506,507,506,507,506,507,506,507,506,507,506,507,506,507,506,507,506,507,506,507,506,507,506,507,506,507,506,507,506,507,506,507,506,507,506,507,506,507,506,507,506,507,506,507,506,507,506,507,506,507,506,507,506,507,506,507,506,507,506,507,506,507,506,507,506,507,506,507,506,507,506,507,506,507,506,507,506,507,506,507,506,507,506,507,506,507,506,507,506,507,506,507,506,507,506,507,506,507,506,507,506,507,506,507,506,507,506,507,506,507,506,507,506,507,506,507,506,507,506,507,506,507,506,507,506,507,506,507,506,507,506,507,506,507,506,507,506,507,506,507,506,507,506,507,506,507,506,507,506,507,506,507,506,507,506,507,506,507,506,507,506,507,506,507,506,507,506,507,506,507,506,507,506,507,506,507,506,507,506,507,506,507,506,507,506,507,506,507,506,507,506,507,506,507,506,507,506,507,506,507,506,507,506,507,506,507,506,507,506,507,506,507,506,507,506,507,506,507,506,507,506,507,506,507,506,507,506,507,506,507,506,507,506,507,506,507,506,507,506,507,506,507,506,507,506,507,506,507,506,507,506,507,506,507,506,507,506,507,506,507,506,507,506,507,506,507,506,507,506,507,506,507,506,507,506,507,506,507,506,507,506,507,506,507,506,507,506,507,506,507,506,507,506,507,506,507,506,507,506,507,506,507,506,507,506,507,506,507,506,507,506,507,506,507,506,507,506,507,506,507,506,507,506,507,506,507,506,507,506,507,506,507,506,507,506,507,506,507,506,507,506,507,506,507,506,507,506,507,506,507,506,507,506,507,506,507,506,507,506,507,506,507,506,507,506,507,506,507,506,507,506,507,506,507,506,507,506,507,506,507,506,507,506,507,506,507,506,507,506,507,506,507,506,507,506,507,506,507,506,507,506,507,506,507,506,507,506,507,506,507,506,507,506,507,506,507,506,507,506,507,506,507,506,507,506,507,506,507,506,507,506,507,506,507,506,507,506,507,506,507,506,507,506,507,506,507,506,507,506,507,506,507,506,507,506,507,506,507,506,507,506,507,506,507,506,507,506,507,506,507,506,507,506,507,506,507,506,507,506,507,506,507,506,507,506,507,506,507,506,507,506,507,506,507,506,507,506,507,506,507,506,507,506,507,506,507,506,507,506,507,506,507,506,507,506,507,506,507,506,507,506,507,506,507,506,507,506,507,506,507,506,507,506,507,506,507,506,507,506,507,506,507,506,507,506,507,506,507,506,507,506,507,506,507,506,507,506,507,506,507,506,507,506,507,506,507,506,507,506,507,506,507,506,507,506,507,506,507,506,507,506,507,506,507,506,507,506,507,506,507,506,507,506,507,506,507,506,507,506,507,506,507,506,507,506,507,506,507,506,507,506,507,506,507,506,507,506,507,506,507,506,507,506,507,506,507,506,507,506,507,506,507,506,507,506,507,506,507,506,507,506,507,506,507,506,507,506,507,506,507,506,507,506,507,506,507,506,507,506,507,506,507,506,507,506,507,506,507,506,507,506,507,506,507,506,507,506,507,506,507,506,507,506,507,506,507,506,507,506,507,506,507,506,507,506,507,506,507,506,507,506,507,506,507,506,507,506,507,506,507,506,507,506,507,506,507,506,507,506,507,506,507,506,507,506,507,506,507,506,507,506,507,506,507,506,507,506,507,506,507,506,507,506,507,506,507,506,507]}}