{"seed":{"0":1000004583},"min_epsilon":{"0":0.7},"cost":{"0":87434.6000000007},"time":{"0":19.1928975582},"rewards":{"0":[-1,-1,-1,-1,-1,-1,-1,-1,-1,-1,-1,-1,-1,-1,-1,-1,-1,-1,-1,-1,-1,-1,-1,-1,-1,-1,-1,-1,-1,-1,-1,-1,-1,10000,-1,-1,-1,-1,-1,-1,-1,-1,-1,-1,-1,-1,-1,-1,-1,-1,-1,-1,-1,-1,-1,-1,-1,-1,-1,-1,-1,-1,-1,-1,-1,-1,-1,-1,-1,-1,-1,-1,-1,-1,-1,-1,-1,-1,-1,-1,10000,-1,-1,-1,-1,-1,-1,-1,-1,-1,-1,-1,-1,-1,-1,-1,-1,-1,-1,-1,-1,-1,-1,-1,-1,-1,-1,-1,-1,-1,-1,-1,-1,-1,-1,10000,-1,10000,-1,-1,-1,-1,-1,-1,-1,-1,-1,-1,-1,-1,-1,-1,-1,-1,-1,-1,-1,-1,-1,-1,-1,-1,-1,-1,-1,-1,-1,-1,-1,-1,-1,-1,-1,-1,-1,-1,-1,-1,-1,-1,-1,-1,-1,-1,-1,-1,-1,-1,-1,-1,-1,-1,-1,-1,-1,-1,-1,-1,-1,-1,-1,-1,-1,-1,-1,-1,10000,-1,-1,-1,-1,-1,-1,-1,-1,-1,-1,-1,-1,-1,-1,-1,-1,-1,-1,-1,-1,-1,-1,-1,-1,-1,-1,-1,-1,-1,-1,-1,-1,-1,-1,-1,-1,-1,-1,-1,-1,-1,-1,-1,-1,-1,-1,-1,-1,-1,-1,-1,-1,-1,-1,-1,-1,-1,-1,-1,-1,-1,-1,-1,-1,-1,-1,-1,-1,-1,-1,-1,-1,-1,-1,-1,-1,-1,-1,-1,-1,-1,-1,-1,-1,10000,-1,-1,-1,-1,-1,-1,-1,-1,-1,-1,-1,-1,-1,-1,-1,-1,-1,-1,-1,-1,-1,-1,-1,-1,-1,-1,-1,-1,-1,-1,-1,-1,-1,-1,-1,-1,-1,-1,-1,-1,-1,-1,-1,-1,-1,-1,-1,-1,-1,-1,-1,-1,-1,-1,-1,-1,-1,-1,-1,-1,-1,-1,-1,-1,-1,-1,-1,-1,-1,-1,-1,-1,-1,-1,-1,-1,-1,-1,-1,-1,-1,-1,-1,-1,-1,-1,-1,-1,-1,-1,-1,-1,-1,-1,-1,-1,-1,-1,-1,-1,-1,-1,-1,-1,-1,-1,-1,-1,-1,-1,-1,-1,-1,-1,-1,-1,-1,-1,-1,-1,-1,-1,-1,-1,-1,-1,-1,-1,-1,-1,-1,-1,-1,-1,10000,-1,-1,-1,10000,-1,0,10000,-1,-1,-1,-1,-1,-1,-1,-1,-1,-1,-1,-1,-1,-1,-1,-1,-1,-1,10000,-1,-1,-1,-1,-1,-1,-1,-1,-1,-1,-1,-1,-1,-1,-1,-1,-1,-1,-1,-1,-1,-1,-1,-1,10000,-1,-1,-1,-1,-1,-1,-1,-1,-1,-1,-1,-1,-1,-1,0,-1,-1,-1,-1,-1,-1,-1,-1,-1,10000,-1,-1,-1,-1,-1,-1,-1,-1,-1,-1,-1,-1,-1,-1,-1,-1,-1,-1,-1,-1,-1,-1,-1,10000,-1,-1,-1,-1,-1,-1,-1,-1,-1,-1,-1,-1,-1,-1,-1,-1,-1,-1,-1,-1,-1,10000,-1,-1,-1,-1,-1,-1,-1,10000,-1,-1,10000,10000,-1,10000,-1,-1,-1,-1,-1,-1,10000,-1,-1,-1,-1,-1,10000,10000,-1,-1,-1,-1,-1,-1,-1,10000,-1,-1,-1,-1,-1,-1,-1,10000,-1,-1,-1,-1,-1,-1,-1,-1,10000,-1,-1,-1,-1,-1,10000,-1,-1,-1,10000,-1,-1,-1,-1,10000,-1,-1,-1,-1,-1,-1,10000,10000,10000,-1,-1,-1,-1,-1,-1,-1,-1,-1,-1,-1,-1,-1,-1,-1,-1,-1,10000,-1,-1,-1,-1,-1,10000,-1,-1,-1,-1,-1,-1,-1,-1,10000,-1,-1,-1,-1,-1,10000,-1,-1,-1,10000,-1,-1,-1,10000,-1,-1,-1,-1,10000,10000,-1,-1,-1,10000,-1,-1,-1,-1,10000,-1,-1,10000,-1,-1,-1,10000,-1,-1,-1,-1,-1,10000,-1,-1,-1,-1,10000,-1,10000,10000,-1,-1,-1,-1,10000,-1,-1,-1,-1,10000,-1,-1,-1,-1,-1,-1,10000,-1,-1,-1,-1,10000,-1,10000,-1,-1,-1,-1,-1,10000,10000,10000,-1,-1,10000,-1,-1,-1,-1,-1,-1,-1,-1,10000,-1,-1,-1,-1,-1,-1,-1,-1,-1,-1,10000,10000,-1,-1,-1,-1,-1,-1,10000,0,10000,-1,-1,0,-1,10000,10000,-1,-1,-1,-1,-1,-1,-1,10000,10000,-1,-1,-1,-1,-1,-1,-1,-1,-1,10000,10000,10000,10000,-1,-1,-1,10000,10000,10000,-1,-1,-1,10000,-1,10000,-1,-1,10000,-1,10000,-1,-1,-1,-1,-1,10000,-1,-1,10000,10000,10000,10000,10000,10000,-1,-1,10000,-1,10000,-1,-1,-1,-1,-1,-1,10000,-1,-1,-1,10000,10000,-1,-1,-1,-1,-1,-1,-1,-1,10000,-1,-1,10000,10000,-1,-1,-1,-1,-1,10000,10000,10000,-1,-1,-1,-1,-1,-1,10000,10000,-1,-1,-1,-1,10000,10000,-1,-1,10000,-1,-1,-1,-1,10000,-1,-1,-1,-1,-1,10000,10000,-1,10000,-1,-1,10000,-1,-1,10000,-1,10000,-1,10000,-1,-1,-1,-1,10000,-1,10000,-1,10000,10000,-1,-1,-1,10000,10000,10000,10000,10000,-1,-1,-1,10000,-1,10000,10000,-1,10000,0,-1,-1,10000,-1,-1,-1,-1,10000,10000,10000,-1,-1,-1,-1,10000,-1,-1,10000,-1,-1,-1,10000,-1,10000,-1,-1,10000,10000,-1,-1,-1,-1,10000,10000,10000,-1,10000,-1,-1,-1,10000,10000,10000,10000,-1,-1,-1,10000,-1,-1,10000,-1,-1,10000,-1,-1,10000,-1,-1,-1,-1,-1,10000,10000,10000,10000,-1,-1,10000,10000,10000,10000,-1,10000,10000,-1,10000,10000,-1,-1]},"route":{"0":[507,506,400,406,0,386,1,514,515,516,515,516,515,516,515,516,515,516,515,516,515,516,515,516,515,516,515,516,515,516,515,516,515,516,515,516,515,516,515,516,515,516,515,516,515,516,515,516,515,516,515,516,515,516,515,516,515,516,515,516,515,516,515,516,515,516,515,516,515,516,515,516,515,516,515,516,515,516,515,516,515,516,515,516,515,516,515,516,515,516,515,516,515,516,515,516,515,516,515,516,515,516,515,516,515,516,515,516,515,516,515,516,515,516,515,516,515,516,515,516,515,516,515,516,515,516,515,516,515,516,515,516,515,516,515,516,515,516,515,516,515,516,515,516,515,516,515,516,515,516,515,516,515,516,515,516,515,516,515,516,515,516,515,516,515,516,515,516,515,516,515,516,515,516,515,516,515,516,515,516,515,516,515,516,515,516,515,516,515,516,515,516,515,516,515,516,515,516,515,516,515,516,515,516,515,516,515,516,515,516,515,516,515,516,515,516,515,516,515,516,515,516,515,516,515,516,515,516,515,516,515,516,515,516,515,516,515,516,515,516,515,516,515,516,515,516,515,516,515,516,515,516,515,516,515,516,515,516,515,516,515,516,515,516,515,516,515,516,515,516,515,516,515,516,515,516,515,516,515,516,515,516,515,516,515,516,515,516,515,516,515,516,515,516,515,516,515,516,515,516,515,516,515,516,515,516,515,516,515,516,515,516,515,516,515,516,515,516,515,516,515,516,515,516,515,516,515,516,515,516,515,516,515,516,515,516,515,516,515,516,515,516,515,516,515,516,515,516,515,516,515,516,515,516,515,516,515,516,515,516,515,516,515,516,515,516,515,516,515,516,515,516,515,516,515,516,515,516,515,516,515,516,515,516,515,516,515,516,515,516,515,516,515,516,515,516,515,516,515,516,515,516,515,516,515,516,515,516,515,516,515,516,515,516,515,516,515,516,515,516,515,516,515,516,515,516,515,516,515,516,515,516,515,516,515,516,515,516,515,516,515,516,515,516,515,516,515,516,515,516,515,516,515,516,515,516,515,516,515,516,515,516,515,516,515,516,515,516,515,516,515,516,515,516,515,516,515,516,515,516,515,516,515,516,515,516,515,516,515,516,515,516,515,516,515,516,515,516,515,516,515,516,515,516,515,516,515,516,515,516,515,516,515,516,515,516,515,516,515,516,515,516,515,516,515,516,515,516,515,516,515,516,515,516,515,516,515,516,515,516,515,516,515,516,515,516,515,516,515,516,515,516,515,516,515,516,515,516,515,516,515,516,515,516,515,516,515,516,515,516,515,516,515,516,515,516,515,516,515,516,515,516,515,516,515,516,515,516,515,516,515,516,515,516,515,516,515,516,515,516,515,516,515,516,515,516,515,516,515,516,515,516,515,516,515,516,515,516,515,516,515,516,515,516,515,516,515,516,515,516,515,516,515,516,515,516,515,516,515,516,515,516,515,516,515,516,515,516,515,516,515,516,515,516,515,516,515,516,515,516,515,516,515,516,515,516,515,516,515,516,515,516,515,516,515,516,515,516,515,516,515,516,515,516,515,516,515,516,515,516,515,516,515,516,515,516,515,516,515,516,515,516,515,516,515,516,515,516,515,516,515,516,515,516,515,516,515,516,515,516,515,516,515,516,515,516,515,516,515,516,515,516,515,516,515,516,515,516,515,516,515,516,515,516,515,516,515,516,515,516,515,516,515,516,515,516,515,516,515,516,515,516,515,516,515,516,515,516,515,516,515,516,515,516,515,516,515,516,515,516,515,516,515,516,515,516,515,516,515,516,515,516,515,516,515,516,515,516,515,516,515,516,515,516,515,516,515,516,515,516,515,516,515,516,515,516,515,516,515,516,515,516,515,516,515,516,515,516,515,516,515,516,515,516,515,516,515,516,515,516,515,516,515,516,515,516,515,516,515,516,515,516,515,516,515,516,515,516,515,516,515,516,515,516,515,516,515,516,515,516,515,516,515,516,515,516,515,516,515,516,515,516,515,516,515,516,515,516,515,516,515,516,515,516,515,516,515,516,515,516,515,516,515,516,515,516,515,516,515,516,515,516,515,516,515,516,515,516,515,516,515,516,515,516,515,516,515,516,515,516,515,516,515,516,515,516,515,516,515,516,515,516,515,516,515,516,515,516,515,516,515,516,515,516,515,516,515,516,515,516,515,516,515,516,515,516,515,516,515,516,515,516,515,516,515,516,515,516,515,516,515,516,515,516,515,516,515,516,515,516,515,516,515,516,515,516,515,516,515,516,515]}}