{"seed":{"0":939612284},"min_epsilon":{"0":0.7},"cost":{"0":63424.2360000001},"time":{"0":17.7238137722},"rewards":{"0":[-1,-1,-1,-1,-1,-1,-1,-1,-1,-1,-1,-1,-1,-1,-1,-1,-1,-1,-1,-1,-1,-1,-1,-1,-1,-1,-1,-1,-1,-1,-1,-1,-1,-1,-1,-1,-1,-1,-1,-1,-1,-1,-1,-1,-1,-1,-1,-1,-1,-1,-1,-1,-1,-1,-1,-1,-1,-1,-1,-1,-1,-1,-1,-1,-1,-1,-1,-1,-1,-1,-1,-1,-1,-1,-1,-1,-1,-1,-1,-1,-1,-1,-1,-1,-1,-1,-1,-1,-1,-1,10000,-1,-1,-1,-1,-1,-1,-1,-1,-1,-1,-1,-1,-1,-1,-1,-1,-1,-1,-1,-1,-1,-1,-1,-1,-1,-1,-1,-1,-1,-1,-1,-1,-1,-1,-1,-1,-1,-1,-1,-1,-1,-1,-1,-1,-1,-1,-1,-1,-1,-1,-1,-1,-1,-1,-1,-1,-1,-1,-1,-1,-1,10000,-1,-1,-1,-1,-1,-1,-1,-1,-1,-1,-1,-1,-1,-1,-1,-1,-1,-1,-1,-1,-1,-1,-1,-1,-1,-1,-1,-1,-1,-1,-1,-1,-1,-1,-1,10000,-1,-1,-1,-1,-1,-1,-1,-1,-1,-1,-1,-1,-1,-1,-1,-1,-1,-1,-1,-1,-1,-1,-1,-1,-1,-1,-1,-1,-1,-1,-1,-1,-1,-1,-1,-1,-1,-1,-1,-1,-1,-1,-1,-1,-1,-1,-1,-1,-1,-1,-1,-1,-1,-1,-1,-1,-1,-1,-1,-1,-1,-1,-1,-1,-1,-1,-1,-1,-1,-1,-1,-1,-1,-1,-1,-1,-1,-1,-1,-1,-1,-1,-1,-1,-1,-1,-1,-1,-1,-1,10000,-1,-1,-1,10000,-1,-1,-1,-1,-1,-1,-1,-1,-1,-1,-1,-1,-1,10000,-1,-1,-1,-1,-1,-1,-1,10000,-1,-1,-1,-1,-1,-1,-1,-1,-1,-1,-1,10000,-1,-1,-1,-1,-1,-1,-1,-1,-1,-1,-1,-1,-1,-1,-1,-1,-1,-1,-1,-1,-1,-1,-1,-1,10000,-1,-1,-1,-1,-1,-1,-1,-1,-1,-1,-1,-1,-1,-1,-1,-1,-1,-1,10000,-1,-1,-1,-1,-1,-1,-1,-1,10000,-1,-1,-1,-1,-1,-1,-1,-1,-1,-1,-1,-1,-1,-1,-1,-1,-1,-1,-1,-1,-1,-1,-1,-1,-1,-1,-1,-1,10000,-1,-1,-1,-1,-1,-1,-1,-1,-1,-1,-1,-1,-1,-1,-1,-1,-1,-1,-1,-1,-1,-1,-1,-1,-1,-1,-1,-1,-1,-1,-1,-1,-1,-1,-1,10000,-1,-1,-1,-1,-1,-1,-1,-1,-1,-1,-1,-1,-1,-1,-1,10000,-1,-1,-1,-1,-1,-1,-1,-1,-1,-1,-1,-1,10000,-1,-1,-1,-1,-1,-1,-1,-1,-1,-1,-1,-1,-1,-1,-1,-1,-1,-1,-1,-1,-1,-1,-1,-1,-1,-1,-1,-1,-1,10000,-1,-1,-1,-1,-1,-1,-1,-1,-1,-1,-1,-1,-1,10000,-1,-1,-1,-1,-1,-1,-1,10000,-1,-1,-1,-1,-1,-1,-1,-1,-1,-1,-1,-1,-1,-1,-1,-1,-1,10000,10000,-1,-1,-1,-1,-1,-1,-1,-1,-1,-1,10000,10000,-1,-1,-1,-1,-1,-1,-1,-1,-1,-1,-1,-1,-1,-1,10000,-1,10000,-1,-1,-1,-1,-1,10000,-1,-1,10000,-1,-1,-1,-1,-1,10000,-1,-1,-1,-1,-1,-1,10000,10000,-1,-1,-1,-1,-1,-1,-1,-1,-1,-1,-1,-1,-1,-1,-1,-1,-1,10000,-1,-1,-1,-1,-1,10000,-1,-1,-1,-1,-1,-1,0,-1,-1,-1,-1,-1,10000,-1,-1,-1,-1,10000,-1,10000,-1,-1,-1,0,-1,-1,-1,-1,-1,-1,-1,-1,-1,10000,-1,-1,-1,-1,-1,-1,-1,-1,10000,-1,-1,-1,10000,-1,-1,10000,-1,-1,-1,10000,-1,10000,-1,10000,-1,10000,-1,-1,-1,10000,10000,-1,10000,-1,10000,-1,-1,-1,-1,10000,-1,-1,-1,-1,-1,-1,-1,-1,-1,-1,-1,-1,0,-1,10000,-1,-1,-1,10000,-1,-1,-1,-1,-1,-1,10000,-1,-1,-1,-1,-1,-1,-1,-1,-1,-1,0,-1,-1,-1,-1,-1,-1,-1,-1,-1,-1,-1,10000,-1,-1,10000,-1,-1,-1,-1,-1,10000,10000,-1,10000,10000,10000,-1,10000,10000,10000,-1,-1,-1,-1,-1,-1,-1,10000,-1,-1,-1,-1,-1,-1,-1,-1,-1,-1,-1,-1,10000,10000,10000,-1,-1,10000,10000,10000,10000,-1,-1,-1,-1,-1,-1,-1,-1,10000,10000,-1,-1,10000,-1,-1,-1,10000,-1,-1,-1,10000,-1,-1,10000,-1,-1,-1,-1,10000,-1,-1,-1,-1,-1,10000,10000,-1,-1,10000,10000,10000,-1,-1,-1,-1,10000,10000,-1,10000,10000,-1,10000,-1,10000,-1,-1,-1,-1,-1,-1,10000,-1,-1,-1,-1,10000,-1,-1,-1,-1,-1,-1,-1,10000,-1,10000,-1,10000,-1,10000,-1,10000,-1,10000,-1,10000,10000,-1,-1,10000,10000,-1,-1,10000,-1,-1,10000,10000,-1,10000,-1,-1,10000,-1,10000,10000,10000,-1,-1,-1,-1,-1,-1,10000,-1,10000,10000,-1,-1,10000,-1,10000,-1,-1,-1,10000,-1,-1,-1,10000,-1,10000,10000,10000,-1,-1,-1,10000,10000,10000,-1,-1,10000,-1,-1,-1,10000,-1,-1,-1,10000,10000,-1,-1,10000,10000,10000,10000,10000,-1,10000,10000,10000,-1,10000,10000,-1,-1,10000,-1,-1,-1,-1,10000,10000,10000,10000,-1,-1,-1,-1,-1,10000,-1,10000,10000,-1,-1,-1,10000,-1,10000,-1,-1,-1,10000,10000,-1,-1,10000,10000,-1,10000,10000,10000,-1,10000,10000,10000,-1,10000,10000,-1,-1,10000,-1,-1,-1]},"route":{"0":[507,506,418,506,418,506,418,506,418,506,418,506,418,506,418,506,418,506,418,506,418,506,418,506,418,506,418,506,418,506,418,506,418,506,418,506,418,506,418,506,418,506,418,506,418,506,418,506,418,506,418,506,418,506,418,506,418,506,418,506,418,506,418,506,418,506,418,506,418,506,418,506,418,506,418,506,418,506,418,506,418,506,418,506,418,506,418,506,418,506,418,506,418,506,418,506,418,506,418,506,418,506,418,506,418,506,418,506,418,506,418,506,418,506,418,506,418,506,418,506,418,506,418,506,418,506,418,506,418,506,418,506,418,506,418,506,418,506,418,506,418,506,418,506,418,506,418,506,418,506,418,506,418,506,418,506,418,506,418,506,418,506,418,506,418,506,418,506,418,506,418,506,418,506,418,506,418,506,418,506,418,506,418,506,418,506,418,506,418,506,418,506,418,506,418,506,418,506,418,506,418,506,418,506,418,506,418,506,418,506,418,506,418,506,418,506,418,506,418,506,418,506,418,506,418,506,418,506,418,506,418,506,418,506,418,506,418,506,418,506,418,506,418,506,418,506,418,506,418,506,418,506,418,506,418,506,418,506,418,506,418,506,418,506,418,506,418,506,418,506,418,506,418,506,418,506,418,506,418,506,418,506,418,506,418,506,418,506,418,506,418,506,418,506,418,506,418,506,418,506,418,506,418,506,418,506,418,506,418,506,418,506,418,506,418,506,418,506,418,506,418,506,418,506,418,506,418,506,418,506,418,506,418,506,418,506,418,506,418,506,418,506,418,506,418,506,418,506,418,506,418,506,418,506,418,506,418,506,418,506,418,506,418,506,418,506,418,506,418,506,418,506,418,506,418,506,418,506,418,506,418,506,418,506,418,506,418,506,418,506,418,506,418,506,418,506,418,506,418,506,418,506,418,506,418,506,418,506,418,506,418,506,418,506,418,506,418,506,418,506,418,506,418,506,418,506,418,506,418,506,418,506,418,506,418,506,418,506,418,506,418,506,418,506,418,506,418,506,418,506,418,506,418,506,418,506,418,506,418,506,418,506,418,506,418,506,418,506,418,506,418,506,418,506,418,506,418,506,418,506,418,506,418,506,418,506,418,506,418,506,418,506,418,506,418,506,418,506,418,506,418,506,418,506,418,506,418,506,418,506,418,506,418,506,418,506,418,506,418,506,418,506,418,506,418,506,418,506,418,506,418,506,418,506,418,506,418,506,418,506,418,506,418,506,418,506,418,506,418,506,418,506,418,506,418,506,418,506,418,506,418,506,418,506,418,506,418,506,418,506,418,506,418,506,418,506,418,506,418,506,418,506,418,506,418,506,418,506,418,506,418,506,418,506,418,506,418,506,418,506,418,506,418,506,418,506,418,506,418,506,418,506,418,506,418,506,418,506,418,506,418,506,418,506,418,506,418,506,418,506,418,506,418,506,418,506,418,506,418,506,418,506,418,506,418,506,418,506,418,506,418,506,418,506,418,506,418,506,418,506,418,506,418,506,418,506,418,506,418,506,418,506,418,506,418,506,418,506,418,506,418,506,418,506,418,506,418,506,418,506,418,506,418,506,418,506,418,506,418,506,418,506,418,506,418,506,418,506,418,506,418,506,418,506,418,506,418,506,418,506,418,506,418,506,418,506,418,506,418,506,418,506,418,506,418,506,418,506,418,506,418,506,418,506,418,506,418,506,418,506,418,506,418,506,418,506,418,506,418,506,418,506,418,506,418,506,418,506,418,506,418,506,418,506,418,506,418,506,418,506,418,506,418,506,418,506,418,506,418,506,418,506,418,506,418,506,418,506,418,506,418,506,418,506,418,506,418,506,418,506,418,506,418,506,418,506,418,506,418,506,418,506,418,506,418,506,418,506,418,506,418,506,418,506,418,506,418,506,418,506,418,506,418,506,418,506,418,506,418,506,418,506,418,506,418,506,418,506,418,506,418,506,418,506,418,506,418,506,418,506,418,506,418,506,418,506,418,506,418,506,418,506,418,506,418,506,418,506,418,506,418,506,418,506,418,506,418,506,418,506,418,506,418,506,418,506,418,506,418,506,418,506,418,506,418,506,418,506,418,506,418,506,418,506,418,506,418,506,418,506,418,506,418,506,418,506,418,506,418,506,418,506,418,506,418,506,418,506,418,506,418,506,418,506,418,506,418,506,418,506,418,506,418,506,418,506,418,506,418,506,418,506,418,506,418,506,418,506,418,506,418,506,418,506,418,506,418,506,418,506,418,506,418,506,418,506,418,506,418,506,418]}}